t_s,card,cur_freq,act_freq,current_link_speed,current_link_width
0.000113,card2,400,400,2.5 GT/s PCIe,1
0.000113,card3,400,517,2.5 GT/s PCIe,1
0.337632,card2,400,400,2.5 GT/s PCIe,1
0.337632,card3,400,400,2.5 GT/s PCIe,1
0.338272,card2,400,400,2.5 GT/s PCIe,1
0.338272,card3,400,400,2.5 GT/s PCIe,1
0.338870,card2,400,400,2.5 GT/s PCIe,1
0.338870,card3,400,400,2.5 GT/s PCIe,1
0.339476,card2,400,400,2.5 GT/s PCIe,1
0.339476,card3,400,400,2.5 GT/s PCIe,1
0.344042,card2,400,400,2.5 GT/s PCIe,1
0.344042,card3,400,517,2.5 GT/s PCIe,1
0.344500,card2,400,400,2.5 GT/s PCIe,1
0.344500,card3,400,400,2.5 GT/s PCIe,1
0.350063,card2,400,400,2.5 GT/s PCIe,1
0.350063,card3,400,400,2.5 GT/s PCIe,1
0.400066,card2,400,400,2.5 GT/s PCIe,1
0.400066,card3,400,400,2.5 GT/s PCIe,1
0.450055,card2,400,400,2.5 GT/s PCIe,1
0.450055,card3,400,400,2.5 GT/s PCIe,1
0.500442,card2,400,0,2.5 GT/s PCIe,1
0.500442,card3,400,400,2.5 GT/s PCIe,1
0.550049,card2,400,400,2.5 GT/s PCIe,1
0.550049,card3,400,400,2.5 GT/s PCIe,1
0.600051,card2,400,400,2.5 GT/s PCIe,1
0.600051,card3,400,400,2.5 GT/s PCIe,1
0.650054,card2,400,400,2.5 GT/s PCIe,1
0.650054,card3,400,400,2.5 GT/s PCIe,1
0.700051,card2,400,400,2.5 GT/s PCIe,1
0.700051,card3,400,400,2.5 GT/s PCIe,1
0.750051,card2,400,400,2.5 GT/s PCIe,1
0.750051,card3,400,400,2.5 GT/s PCIe,1
0.800067,card2,400,400,2.5 GT/s PCIe,1
0.800067,card3,400,400,2.5 GT/s PCIe,1
0.850049,card2,400,400,2.5 GT/s PCIe,1
0.850049,card3,400,400,2.5 GT/s PCIe,1
0.900058,card2,400,400,2.5 GT/s PCIe,1
0.900058,card3,400,400,2.5 GT/s PCIe,1
0.950059,card2,400,400,2.5 GT/s PCIe,1
0.950059,card3,400,400,2.5 GT/s PCIe,1
1.000073,card2,400,517,2.5 GT/s PCIe,1
1.000073,card3,400,517,2.5 GT/s PCIe,1
1.050074,card2,400,400,2.5 GT/s PCIe,1
1.050074,card3,400,400,2.5 GT/s PCIe,1
1.100051,card2,400,400,2.5 GT/s PCIe,1
1.100051,card3,400,400,2.5 GT/s PCIe,1
1.150050,card2,400,400,2.5 GT/s PCIe,1
1.150050,card3,400,400,2.5 GT/s PCIe,1
1.200060,card2,400,400,2.5 GT/s PCIe,1
1.200060,card3,400,400,2.5 GT/s PCIe,1
1.250069,card2,400,400,2.5 GT/s PCIe,1
1.250069,card3,400,400,2.5 GT/s PCIe,1
1.300052,card2,400,400,2.5 GT/s PCIe,1
1.300052,card3,400,400,2.5 GT/s PCIe,1
1.350050,card2,400,400,2.5 GT/s PCIe,1
1.350050,card3,400,517,2.5 GT/s PCIe,1
1.400054,card2,400,400,2.5 GT/s PCIe,1
1.400054,card3,400,400,2.5 GT/s PCIe,1
1.450050,card2,400,400,2.5 GT/s PCIe,1
1.450050,card3,400,400,2.5 GT/s PCIe,1
1.500067,card2,400,400,2.5 GT/s PCIe,1
1.500067,card3,400,400,2.5 GT/s PCIe,1
1.550052,card2,400,400,2.5 GT/s PCIe,1
1.550052,card3,400,400,2.5 GT/s PCIe,1
1.600070,card2,400,400,2.5 GT/s PCIe,1
1.600070,card3,400,400,2.5 GT/s PCIe,1
1.650050,card2,400,400,2.5 GT/s PCIe,1
1.650050,card3,400,400,2.5 GT/s PCIe,1
1.700049,card2,400,400,2.5 GT/s PCIe,1
1.700049,card3,400,400,2.5 GT/s PCIe,1
1.750050,card2,400,400,2.5 GT/s PCIe,1
1.750050,card3,400,400,2.5 GT/s PCIe,1
1.800069,card2,400,400,2.5 GT/s PCIe,1
1.800069,card3,400,400,2.5 GT/s PCIe,1
1.850067,card2,400,400,2.5 GT/s PCIe,1
1.850067,card3,400,400,2.5 GT/s PCIe,1
1.900065,card2,400,400,2.5 GT/s PCIe,1
1.900065,card3,400,400,2.5 GT/s PCIe,1
1.950055,card2,400,400,2.5 GT/s PCIe,1
1.950055,card3,400,400,2.5 GT/s PCIe,1
2.000050,card2,400,400,2.5 GT/s PCIe,1
2.000050,card3,400,400,2.5 GT/s PCIe,1
2.050051,card2,400,400,2.5 GT/s PCIe,1
2.050051,card3,400,400,2.5 GT/s PCIe,1
2.100068,card2,400,400,2.5 GT/s PCIe,1
2.100068,card3,400,400,2.5 GT/s PCIe,1
2.150049,card2,400,400,2.5 GT/s PCIe,1
2.150049,card3,400,400,2.5 GT/s PCIe,1
2.200061,card2,400,400,2.5 GT/s PCIe,1
2.200061,card3,400,400,2.5 GT/s PCIe,1
2.250050,card2,400,400,2.5 GT/s PCIe,1
2.250050,card3,400,400,2.5 GT/s PCIe,1
2.300060,card2,400,400,2.5 GT/s PCIe,1
2.300060,card3,400,400,2.5 GT/s PCIe,1
2.350059,card2,400,400,2.5 GT/s PCIe,1
2.350059,card3,400,400,2.5 GT/s PCIe,1
2.400060,card2,400,400,2.5 GT/s PCIe,1
2.400060,card3,400,517,2.5 GT/s PCIe,1
2.450049,card2,400,400,2.5 GT/s PCIe,1
2.450049,card3,400,400,2.5 GT/s PCIe,1
2.500049,card2,400,400,2.5 GT/s PCIe,1
2.500049,card3,400,400,2.5 GT/s PCIe,1
2.550049,card2,400,400,2.5 GT/s PCIe,1
2.550049,card3,400,400,2.5 GT/s PCIe,1
2.600061,card2,400,400,2.5 GT/s PCIe,1
2.600061,card3,400,400,2.5 GT/s PCIe,1
2.651059,card2,400,400,2.5 GT/s PCIe,1
2.651059,card3,400,400,2.5 GT/s PCIe,1
2.700058,card2,400,400,2.5 GT/s PCIe,1
2.700058,card3,400,400,2.5 GT/s PCIe,1
2.750053,card2,400,400,2.5 GT/s PCIe,1
2.750053,card3,400,400,2.5 GT/s PCIe,1
2.800062,card2,400,400,2.5 GT/s PCIe,1
2.800062,card3,400,400,2.5 GT/s PCIe,1
2.850058,card2,400,400,2.5 GT/s PCIe,1
2.850058,card3,400,400,2.5 GT/s PCIe,1
2.900051,card2,400,400,2.5 GT/s PCIe,1
2.900051,card3,400,400,2.5 GT/s PCIe,1
2.950048,card2,400,400,2.5 GT/s PCIe,1
2.950048,card3,400,400,2.5 GT/s PCIe,1
3.000049,card2,400,400,2.5 GT/s PCIe,1
3.000049,card3,400,400,2.5 GT/s PCIe,1
3.050049,card2,400,400,2.5 GT/s PCIe,1
3.050049,card3,400,400,2.5 GT/s PCIe,1
3.100049,card2,400,400,2.5 GT/s PCIe,1
3.100049,card3,400,400,2.5 GT/s PCIe,1
3.150049,card2,400,400,2.5 GT/s PCIe,1
3.150049,card3,400,400,2.5 GT/s PCIe,1
3.200063,card2,400,400,2.5 GT/s PCIe,1
3.200063,card3,400,400,2.5 GT/s PCIe,1
3.250063,card2,400,400,2.5 GT/s PCIe,1
3.250063,card3,400,400,2.5 GT/s PCIe,1
3.300057,card2,400,400,2.5 GT/s PCIe,1
3.300057,card3,400,400,2.5 GT/s PCIe,1
3.350073,card2,400,400,2.5 GT/s PCIe,1
3.350073,card3,400,400,2.5 GT/s PCIe,1
3.400054,card2,400,400,2.5 GT/s PCIe,1
3.400054,card3,400,400,2.5 GT/s PCIe,1
3.450051,card2,400,400,2.5 GT/s PCIe,1
3.450051,card3,400,517,2.5 GT/s PCIe,1
3.500064,card2,400,400,2.5 GT/s PCIe,1
3.500064,card3,400,400,2.5 GT/s PCIe,1
3.550057,card2,400,400,2.5 GT/s PCIe,1
3.550057,card3,400,400,2.5 GT/s PCIe,1
3.600050,card2,400,400,2.5 GT/s PCIe,1
3.600050,card3,400,400,2.5 GT/s PCIe,1
3.650066,card2,400,400,2.5 GT/s PCIe,1
3.650066,card3,400,400,2.5 GT/s PCIe,1
3.700050,card2,400,400,2.5 GT/s PCIe,1
3.700050,card3,400,400,2.5 GT/s PCIe,1
3.750077,card2,400,400,2.5 GT/s PCIe,1
3.750077,card3,400,400,2.5 GT/s PCIe,1
3.800050,card2,400,400,2.5 GT/s PCIe,1
3.800050,card3,400,400,2.5 GT/s PCIe,1
3.850050,card2,400,400,2.5 GT/s PCIe,1
3.850050,card3,400,400,2.5 GT/s PCIe,1
3.900050,card2,400,400,2.5 GT/s PCIe,1
3.900050,card3,400,400,2.5 GT/s PCIe,1
3.950049,card2,400,400,2.5 GT/s PCIe,1
3.950049,card3,400,400,2.5 GT/s PCIe,1
4.000059,card2,400,400,2.5 GT/s PCIe,1
4.000059,card3,400,400,2.5 GT/s PCIe,1
4.050050,card2,400,400,2.5 GT/s PCIe,1
4.050050,card3,400,400,2.5 GT/s PCIe,1
4.100060,card2,400,400,2.5 GT/s PCIe,1
4.100060,card3,400,400,2.5 GT/s PCIe,1
4.150062,card2,400,400,2.5 GT/s PCIe,1
4.150062,card3,400,400,2.5 GT/s PCIe,1
4.200053,card2,400,400,2.5 GT/s PCIe,1
4.200053,card3,400,400,2.5 GT/s PCIe,1
4.250057,card2,400,400,2.5 GT/s PCIe,1
4.250057,card3,400,400,2.5 GT/s PCIe,1
4.300050,card2,400,400,2.5 GT/s PCIe,1
4.300050,card3,400,400,2.5 GT/s PCIe,1
4.350051,card2,400,400,2.5 GT/s PCIe,1
4.350051,card3,400,400,2.5 GT/s PCIe,1
4.400048,card2,400,400,2.5 GT/s PCIe,1
4.400048,card3,400,400,2.5 GT/s PCIe,1
4.450060,card2,400,400,2.5 GT/s PCIe,1
4.450060,card3,400,400,2.5 GT/s PCIe,1
4.500050,card2,400,400,2.5 GT/s PCIe,1
4.500050,card3,400,400,2.5 GT/s PCIe,1
4.550052,card2,400,400,2.5 GT/s PCIe,1
4.550052,card3,400,517,2.5 GT/s PCIe,1
4.600060,card2,400,400,2.5 GT/s PCIe,1
4.600060,card3,400,400,2.5 GT/s PCIe,1
4.650050,card2,400,400,2.5 GT/s PCIe,1
4.650050,card3,400,400,2.5 GT/s PCIe,1
4.700049,card2,400,400,2.5 GT/s PCIe,1
4.700049,card3,400,400,2.5 GT/s PCIe,1
4.750060,card2,400,400,2.5 GT/s PCIe,1
4.750060,card3,400,400,2.5 GT/s PCIe,1
4.800060,card2,400,400,2.5 GT/s PCIe,1
4.800060,card3,400,400,2.5 GT/s PCIe,1
4.850049,card2,400,400,2.5 GT/s PCIe,1
4.850049,card3,400,400,2.5 GT/s PCIe,1
4.900049,card2,400,400,2.5 GT/s PCIe,1
4.900049,card3,400,400,2.5 GT/s PCIe,1
4.950049,card2,400,400,2.5 GT/s PCIe,1
4.950049,card3,400,400,2.5 GT/s PCIe,1
5.000052,card2,400,400,2.5 GT/s PCIe,1
5.000052,card3,400,400,2.5 GT/s PCIe,1
5.050048,card2,400,400,2.5 GT/s PCIe,1
5.050048,card3,400,400,2.5 GT/s PCIe,1
5.100061,card2,400,400,2.5 GT/s PCIe,1
5.100061,card3,400,400,2.5 GT/s PCIe,1
5.150060,card2,400,400,2.5 GT/s PCIe,1
5.150060,card3,400,400,2.5 GT/s PCIe,1
5.200049,card2,400,400,2.5 GT/s PCIe,1
5.200049,card3,400,400,2.5 GT/s PCIe,1
5.250049,card2,400,400,2.5 GT/s PCIe,1
5.250049,card3,400,400,2.5 GT/s PCIe,1
5.300049,card2,400,400,2.5 GT/s PCIe,1
5.300049,card3,400,400,2.5 GT/s PCIe,1
5.350068,card2,400,400,2.5 GT/s PCIe,1
5.350068,card3,400,400,2.5 GT/s PCIe,1
5.400051,card2,400,400,2.5 GT/s PCIe,1
5.400051,card3,400,400,2.5 GT/s PCIe,1
5.450051,card2,400,400,2.5 GT/s PCIe,1
5.450051,card3,400,400,2.5 GT/s PCIe,1
5.500061,card2,400,400,2.5 GT/s PCIe,1
5.500061,card3,400,400,2.5 GT/s PCIe,1
5.550050,card2,400,400,2.5 GT/s PCIe,1
5.550050,card3,400,400,2.5 GT/s PCIe,1
5.600059,card2,400,400,2.5 GT/s PCIe,1
5.600059,card3,400,400,2.5 GT/s PCIe,1
5.650060,card2,400,400,2.5 GT/s PCIe,1
5.650060,card3,400,400,2.5 GT/s PCIe,1
5.700050,card2,400,400,2.5 GT/s PCIe,1
5.700050,card3,400,400,2.5 GT/s PCIe,1
5.750050,card2,400,400,2.5 GT/s PCIe,1
5.750050,card3,400,400,2.5 GT/s PCIe,1
5.800061,card2,400,517,2.5 GT/s PCIe,1
5.800061,card3,400,517,2.5 GT/s PCIe,1
5.850050,card2,400,400,2.5 GT/s PCIe,1
5.850050,card3,400,400,2.5 GT/s PCIe,1
5.900050,card2,400,400,2.5 GT/s PCIe,1
5.900050,card3,400,400,2.5 GT/s PCIe,1
5.950067,card2,400,400,2.5 GT/s PCIe,1
5.950067,card3,400,400,2.5 GT/s PCIe,1
6.000069,card2,400,517,2.5 GT/s PCIe,1
6.000069,card3,400,517,2.5 GT/s PCIe,1
6.050051,card2,400,400,2.5 GT/s PCIe,1
6.050051,card3,400,400,2.5 GT/s PCIe,1
6.100068,card2,400,400,2.5 GT/s PCIe,1
6.100068,card3,400,400,2.5 GT/s PCIe,1
6.150060,card2,400,400,2.5 GT/s PCIe,1
6.150060,card3,400,400,2.5 GT/s PCIe,1
6.200071,card2,400,400,2.5 GT/s PCIe,1
6.200071,card3,400,400,2.5 GT/s PCIe,1
6.250050,card2,400,400,2.5 GT/s PCIe,1
6.250050,card3,400,400,2.5 GT/s PCIe,1
6.300068,card2,400,400,2.5 GT/s PCIe,1
6.300068,card3,400,400,2.5 GT/s PCIe,1
6.350059,card2,400,400,2.5 GT/s PCIe,1
6.350059,card3,400,400,2.5 GT/s PCIe,1
6.400059,card2,400,400,2.5 GT/s PCIe,1
6.400059,card3,400,400,2.5 GT/s PCIe,1
6.450048,card2,400,400,2.5 GT/s PCIe,1
6.450048,card3,400,400,2.5 GT/s PCIe,1
6.500059,card2,400,400,2.5 GT/s PCIe,1
6.500059,card3,400,400,2.5 GT/s PCIe,1
6.550054,card2,400,400,2.5 GT/s PCIe,1
6.550054,card3,400,517,2.5 GT/s PCIe,1
6.600065,card2,400,400,2.5 GT/s PCIe,1
6.600065,card3,400,400,2.5 GT/s PCIe,1
6.650073,card2,400,400,2.5 GT/s PCIe,1
6.650073,card3,400,400,2.5 GT/s PCIe,1
6.700074,card2,400,400,2.5 GT/s PCIe,1
6.700074,card3,400,400,2.5 GT/s PCIe,1
6.754067,card2,400,400,2.5 GT/s PCIe,1
6.754067,card3,400,400,2.5 GT/s PCIe,1
6.800056,card2,400,400,2.5 GT/s PCIe,1
6.800056,card3,400,400,2.5 GT/s PCIe,1
6.850056,card2,400,400,2.5 GT/s PCIe,1
6.850056,card3,400,400,2.5 GT/s PCIe,1
6.900055,card2,400,400,2.5 GT/s PCIe,1
6.900055,card3,400,400,2.5 GT/s PCIe,1
6.950059,card2,400,400,2.5 GT/s PCIe,1
6.950059,card3,400,400,2.5 GT/s PCIe,1
7.000055,card2,400,400,2.5 GT/s PCIe,1
7.000055,card3,400,400,2.5 GT/s PCIe,1
7.050071,card2,400,517,2.5 GT/s PCIe,1
7.050071,card3,400,517,2.5 GT/s PCIe,1
7.100055,card2,400,400,2.5 GT/s PCIe,1
7.100055,card3,400,400,2.5 GT/s PCIe,1
7.150054,card2,400,400,2.5 GT/s PCIe,1
7.150054,card3,400,400,2.5 GT/s PCIe,1
7.200059,card2,400,400,2.5 GT/s PCIe,1
7.200059,card3,400,400,2.5 GT/s PCIe,1
7.250061,card2,400,400,2.5 GT/s PCIe,1
7.250061,card3,400,400,2.5 GT/s PCIe,1
7.300062,card2,400,400,2.5 GT/s PCIe,1
7.300062,card3,400,400,2.5 GT/s PCIe,1
7.350060,card2,400,400,2.5 GT/s PCIe,1
7.350060,card3,400,400,2.5 GT/s PCIe,1
7.400054,card2,400,400,2.5 GT/s PCIe,1
7.400054,card3,400,400,2.5 GT/s PCIe,1
7.450062,card2,400,400,2.5 GT/s PCIe,1
7.450062,card3,400,400,2.5 GT/s PCIe,1
7.500059,card2,400,400,2.5 GT/s PCIe,1
7.500059,card3,400,400,2.5 GT/s PCIe,1
7.550049,card2,400,400,2.5 GT/s PCIe,1
7.550049,card3,400,400,2.5 GT/s PCIe,1
7.600375,card2,400,517,2.5 GT/s PCIe,1
7.600375,card3,400,517,2.5 GT/s PCIe,1
7.650059,card2,400,400,2.5 GT/s PCIe,1
7.650059,card3,400,517,2.5 GT/s PCIe,1
7.700049,card2,400,400,2.5 GT/s PCIe,1
7.700049,card3,400,400,2.5 GT/s PCIe,1
7.750065,card2,400,517,2.5 GT/s PCIe,1
7.750065,card3,400,517,2.5 GT/s PCIe,1
7.800049,card2,400,400,2.5 GT/s PCIe,1
7.800049,card3,400,400,2.5 GT/s PCIe,1
7.850061,card2,400,400,2.5 GT/s PCIe,1
7.850061,card3,400,400,2.5 GT/s PCIe,1
7.900065,card2,400,400,2.5 GT/s PCIe,1
7.900065,card3,400,400,2.5 GT/s PCIe,1
7.950049,card2,400,400,2.5 GT/s PCIe,1
7.950049,card3,400,400,2.5 GT/s PCIe,1
8.000058,card2,400,400,2.5 GT/s PCIe,1
8.000058,card3,400,400,2.5 GT/s PCIe,1
8.050049,card2,400,400,2.5 GT/s PCIe,1
8.050049,card3,400,400,2.5 GT/s PCIe,1
8.100070,card2,400,400,2.5 GT/s PCIe,1
8.100070,card3,400,400,2.5 GT/s PCIe,1
8.150060,card2,400,400,2.5 GT/s PCIe,1
8.150060,card3,400,400,2.5 GT/s PCIe,1
8.200074,card2,400,400,2.5 GT/s PCIe,1
8.200074,card3,400,400,2.5 GT/s PCIe,1
8.250055,card2,400,400,2.5 GT/s PCIe,1
8.250055,card3,400,400,2.5 GT/s PCIe,1
8.300069,card2,400,400,2.5 GT/s PCIe,1
8.300069,card3,400,400,2.5 GT/s PCIe,1
8.350055,card2,400,400,2.5 GT/s PCIe,1
8.350055,card3,400,400,2.5 GT/s PCIe,1
8.400072,card2,400,400,2.5 GT/s PCIe,1
8.400072,card3,400,400,2.5 GT/s PCIe,1
8.450080,card2,400,400,2.5 GT/s PCIe,1
8.450080,card3,400,400,2.5 GT/s PCIe,1
8.500059,card2,400,400,2.5 GT/s PCIe,1
8.500059,card3,400,400,2.5 GT/s PCIe,1
8.550058,card2,400,400,2.5 GT/s PCIe,1
8.550058,card3,400,400,2.5 GT/s PCIe,1
8.600061,card2,400,400,2.5 GT/s PCIe,1
8.600061,card3,400,400,2.5 GT/s PCIe,1
8.650058,card2,400,400,2.5 GT/s PCIe,1
8.650058,card3,400,400,2.5 GT/s PCIe,1
8.700070,card2,400,400,2.5 GT/s PCIe,1
8.700070,card3,400,400,2.5 GT/s PCIe,1
8.750054,card2,400,400,2.5 GT/s PCIe,1
8.750054,card3,400,400,2.5 GT/s PCIe,1
8.800070,card2,400,400,2.5 GT/s PCIe,1
8.800070,card3,400,400,2.5 GT/s PCIe,1
8.850067,card2,400,400,2.5 GT/s PCIe,1
8.850067,card3,400,400,2.5 GT/s PCIe,1
8.900068,card2,400,400,2.5 GT/s PCIe,1
8.900068,card3,400,400,2.5 GT/s PCIe,1
8.950051,card2,400,400,2.5 GT/s PCIe,1
8.950051,card3,400,400,2.5 GT/s PCIe,1
9.000058,card2,400,400,2.5 GT/s PCIe,1
9.000058,card3,400,400,2.5 GT/s PCIe,1
9.050055,card2,400,400,2.5 GT/s PCIe,1
9.050055,card3,400,400,2.5 GT/s PCIe,1
9.100060,card2,400,400,2.5 GT/s PCIe,1
9.100060,card3,400,400,2.5 GT/s PCIe,1
9.150069,card2,400,517,2.5 GT/s PCIe,1
9.150069,card3,400,517,2.5 GT/s PCIe,1
9.200050,card2,400,400,2.5 GT/s PCIe,1
9.200050,card3,400,400,2.5 GT/s PCIe,1
9.250073,card2,400,400,2.5 GT/s PCIe,1
9.250073,card3,400,400,2.5 GT/s PCIe,1
9.300058,card2,400,400,2.5 GT/s PCIe,1
9.300058,card3,400,400,2.5 GT/s PCIe,1
9.350073,card2,400,400,2.5 GT/s PCIe,1
9.350073,card3,400,400,2.5 GT/s PCIe,1
9.400069,card2,400,400,2.5 GT/s PCIe,1
9.400069,card3,400,400,2.5 GT/s PCIe,1
9.450060,card2,400,400,2.5 GT/s PCIe,1
9.450060,card3,400,400,2.5 GT/s PCIe,1
9.500048,card2,400,400,2.5 GT/s PCIe,1
9.500048,card3,400,400,2.5 GT/s PCIe,1
9.550049,card2,400,400,2.5 GT/s PCIe,1
9.550049,card3,400,400,2.5 GT/s PCIe,1
9.600060,card2,400,400,2.5 GT/s PCIe,1
9.600060,card3,400,400,2.5 GT/s PCIe,1
9.650054,card2,400,400,2.5 GT/s PCIe,1
9.650054,card3,400,400,2.5 GT/s PCIe,1
9.700071,card2,400,400,2.5 GT/s PCIe,1
9.700071,card3,400,400,2.5 GT/s PCIe,1
9.750078,card2,400,400,2.5 GT/s PCIe,1
9.750078,card3,400,400,2.5 GT/s PCIe,1
9.800073,card2,400,517,2.5 GT/s PCIe,1
9.800073,card3,400,517,2.5 GT/s PCIe,1
9.850057,card2,400,400,2.5 GT/s PCIe,1
9.850057,card3,400,400,2.5 GT/s PCIe,1
9.900075,card2,400,400,2.5 GT/s PCIe,1
9.900075,card3,400,400,2.5 GT/s PCIe,1
9.950073,card2,400,400,2.5 GT/s PCIe,1
9.950073,card3,400,400,2.5 GT/s PCIe,1
10.000050,card2,400,400,2.5 GT/s PCIe,1
10.000050,card3,400,400,2.5 GT/s PCIe,1
10.050049,card2,400,400,2.5 GT/s PCIe,1
10.050049,card3,400,517,2.5 GT/s PCIe,1
10.100051,card2,400,400,2.5 GT/s PCIe,1
10.100051,card3,400,517,2.5 GT/s PCIe,1
10.150051,card2,400,400,2.5 GT/s PCIe,1
10.150051,card3,400,400,2.5 GT/s PCIe,1
10.200049,card2,400,400,2.5 GT/s PCIe,1
10.200049,card3,400,400,2.5 GT/s PCIe,1
10.250049,card2,400,400,2.5 GT/s PCIe,1
10.250049,card3,400,400,2.5 GT/s PCIe,1
10.300070,card2,400,400,2.5 GT/s PCIe,1
10.300070,card3,400,400,2.5 GT/s PCIe,1
10.350075,card2,400,400,2.5 GT/s PCIe,1
10.350075,card3,400,400,2.5 GT/s PCIe,1
10.400055,card2,400,400,2.5 GT/s PCIe,1
10.400055,card3,400,400,2.5 GT/s PCIe,1
10.450059,card2,400,400,2.5 GT/s PCIe,1
10.450059,card3,400,400,2.5 GT/s PCIe,1
10.500084,card2,400,400,2.5 GT/s PCIe,1
10.500084,card3,400,400,2.5 GT/s PCIe,1
10.550085,card2,400,400,2.5 GT/s PCIe,1
10.550085,card3,400,400,2.5 GT/s PCIe,1
10.600081,card2,400,400,2.5 GT/s PCIe,1
10.600081,card3,400,400,2.5 GT/s PCIe,1
10.650066,card2,400,400,2.5 GT/s PCIe,1
10.650066,card3,400,400,2.5 GT/s PCIe,1
10.700064,card2,400,400,2.5 GT/s PCIe,1
10.700064,card3,400,400,2.5 GT/s PCIe,1
10.750071,card2,400,400,2.5 GT/s PCIe,1
10.750071,card3,400,400,2.5 GT/s PCIe,1
10.800071,card2,400,400,2.5 GT/s PCIe,1
10.800071,card3,400,400,2.5 GT/s PCIe,1
10.850050,card2,400,400,2.5 GT/s PCIe,1
10.850050,card3,400,400,2.5 GT/s PCIe,1
10.900049,card2,400,400,2.5 GT/s PCIe,1
10.900049,card3,400,400,2.5 GT/s PCIe,1
10.950049,card2,400,400,2.5 GT/s PCIe,1
10.950049,card3,400,400,2.5 GT/s PCIe,1
11.000062,card2,400,400,2.5 GT/s PCIe,1
11.000062,card3,400,400,2.5 GT/s PCIe,1
11.050067,card2,400,400,2.5 GT/s PCIe,1
11.050067,card3,400,400,2.5 GT/s PCIe,1
11.101055,card2,400,400,2.5 GT/s PCIe,1
11.101055,card3,400,400,2.5 GT/s PCIe,1
11.150059,card2,400,400,2.5 GT/s PCIe,1
11.150059,card3,400,0,2.5 GT/s PCIe,1
11.200059,card2,400,400,2.5 GT/s PCIe,1
11.200059,card3,400,400,2.5 GT/s PCIe,1
11.250073,card2,400,400,2.5 GT/s PCIe,1
11.250073,card3,400,400,2.5 GT/s PCIe,1
11.300061,card2,400,400,2.5 GT/s PCIe,1
11.300061,card3,400,400,2.5 GT/s PCIe,1
11.350068,card2,400,400,2.5 GT/s PCIe,1
11.350068,card3,400,400,2.5 GT/s PCIe,1
11.400052,card2,400,400,2.5 GT/s PCIe,1
11.400052,card3,400,400,2.5 GT/s PCIe,1
11.450072,card2,400,400,2.5 GT/s PCIe,1
11.450072,card3,400,400,2.5 GT/s PCIe,1
11.500060,card2,400,517,2.5 GT/s PCIe,1
11.500060,card3,400,517,2.5 GT/s PCIe,1
11.550053,card2,400,400,2.5 GT/s PCIe,1
11.550053,card3,400,400,2.5 GT/s PCIe,1
11.600057,card2,400,400,2.5 GT/s PCIe,1
11.600057,card3,400,400,2.5 GT/s PCIe,1
11.650052,card2,400,400,2.5 GT/s PCIe,1
11.650052,card3,400,400,2.5 GT/s PCIe,1
11.700051,card2,400,400,2.5 GT/s PCIe,1
11.700051,card3,400,400,2.5 GT/s PCIe,1
11.750050,card2,400,400,2.5 GT/s PCIe,1
11.750050,card3,400,517,2.5 GT/s PCIe,1
11.800062,card2,400,400,2.5 GT/s PCIe,1
11.800062,card3,400,517,2.5 GT/s PCIe,1
11.850074,card2,400,400,2.5 GT/s PCIe,1
11.850074,card3,400,400,2.5 GT/s PCIe,1
11.900051,card2,400,400,2.5 GT/s PCIe,1
11.900051,card3,400,400,2.5 GT/s PCIe,1
11.950051,card2,400,400,2.5 GT/s PCIe,1
11.950051,card3,400,400,2.5 GT/s PCIe,1
12.000055,card2,400,400,2.5 GT/s PCIe,1
12.000055,card3,400,400,2.5 GT/s PCIe,1
12.050051,card2,400,400,2.5 GT/s PCIe,1
12.050051,card3,400,517,2.5 GT/s PCIe,1
12.100051,card2,400,400,2.5 GT/s PCIe,1
12.100051,card3,400,400,2.5 GT/s PCIe,1
12.150049,card2,400,400,2.5 GT/s PCIe,1
12.150049,card3,400,400,2.5 GT/s PCIe,1
12.201059,card2,400,400,2.5 GT/s PCIe,1
12.201059,card3,400,400,2.5 GT/s PCIe,1
12.250062,card2,400,400,2.5 GT/s PCIe,1
12.250062,card3,400,400,2.5 GT/s PCIe,1
12.300061,card2,400,400,2.5 GT/s PCIe,1
12.300061,card3,400,400,2.5 GT/s PCIe,1
12.350049,card2,400,400,2.5 GT/s PCIe,1
12.350049,card3,400,517,2.5 GT/s PCIe,1
12.400050,card2,400,400,2.5 GT/s PCIe,1
12.400050,card3,400,400,2.5 GT/s PCIe,1
12.450060,card2,400,400,2.5 GT/s PCIe,1
12.450060,card3,400,400,2.5 GT/s PCIe,1
12.500064,card2,400,517,2.5 GT/s PCIe,1
12.500064,card3,400,517,2.5 GT/s PCIe,1
12.550076,card2,400,400,2.5 GT/s PCIe,1
12.550076,card3,400,400,2.5 GT/s PCIe,1
12.600057,card2,400,400,2.5 GT/s PCIe,1
12.600057,card3,400,400,2.5 GT/s PCIe,1
12.650049,card2,400,400,2.5 GT/s PCIe,1
12.650049,card3,400,400,2.5 GT/s PCIe,1
12.700049,card2,400,400,2.5 GT/s PCIe,1
12.700049,card3,400,400,2.5 GT/s PCIe,1
12.750049,card2,400,400,2.5 GT/s PCIe,1
12.750049,card3,400,400,2.5 GT/s PCIe,1
12.800050,card2,400,400,2.5 GT/s PCIe,1
12.800050,card3,400,400,2.5 GT/s PCIe,1
12.850048,card2,400,400,2.5 GT/s PCIe,1
12.850048,card3,400,400,2.5 GT/s PCIe,1
12.900061,card2,400,400,2.5 GT/s PCIe,1
12.900061,card3,400,400,2.5 GT/s PCIe,1
12.950050,card2,400,400,2.5 GT/s PCIe,1
12.950050,card3,400,400,2.5 GT/s PCIe,1
13.000049,card2,400,400,2.5 GT/s PCIe,1
13.000049,card3,400,400,2.5 GT/s PCIe,1
13.050063,card2,400,400,2.5 GT/s PCIe,1
13.050063,card3,400,400,2.5 GT/s PCIe,1
13.100058,card2,400,400,2.5 GT/s PCIe,1
13.100058,card3,400,400,2.5 GT/s PCIe,1
13.150053,card2,400,400,2.5 GT/s PCIe,1
13.150053,card3,400,400,2.5 GT/s PCIe,1
13.200074,card2,400,400,2.5 GT/s PCIe,1
13.200074,card3,400,400,2.5 GT/s PCIe,1
13.250049,card2,400,400,2.5 GT/s PCIe,1
13.250049,card3,400,400,2.5 GT/s PCIe,1
13.300060,card2,400,400,2.5 GT/s PCIe,1
13.300060,card3,400,400,2.5 GT/s PCIe,1
13.350063,card2,400,400,2.5 GT/s PCIe,1
13.350063,card3,400,400,2.5 GT/s PCIe,1
13.400050,card2,400,400,2.5 GT/s PCIe,1
13.400050,card3,400,400,2.5 GT/s PCIe,1
13.450060,card2,400,400,2.5 GT/s PCIe,1
13.450060,card3,400,400,2.5 GT/s PCIe,1
13.500050,card2,400,400,2.5 GT/s PCIe,1
13.500050,card3,400,400,2.5 GT/s PCIe,1
13.550059,card2,400,400,2.5 GT/s PCIe,1
13.550059,card3,400,400,2.5 GT/s PCIe,1
13.600053,card2,400,400,2.5 GT/s PCIe,1
13.600053,card3,400,400,2.5 GT/s PCIe,1
13.650054,card2,400,400,2.5 GT/s PCIe,1
13.650054,card3,400,400,2.5 GT/s PCIe,1
13.700063,card2,400,400,2.5 GT/s PCIe,1
13.700063,card3,400,400,2.5 GT/s PCIe,1
13.750059,card2,400,400,2.5 GT/s PCIe,1
13.750059,card3,400,400,2.5 GT/s PCIe,1
13.800056,card2,400,400,2.5 GT/s PCIe,1
13.800056,card3,400,400,2.5 GT/s PCIe,1
13.850049,card2,400,400,2.5 GT/s PCIe,1
13.850049,card3,400,400,2.5 GT/s PCIe,1
13.900049,card2,400,400,2.5 GT/s PCIe,1
13.900049,card3,400,400,2.5 GT/s PCIe,1
13.950040,card2,400,400,2.5 GT/s PCIe,1
13.950040,card3,400,400,2.5 GT/s PCIe,1
14.000051,card2,400,400,2.5 GT/s PCIe,1
14.000051,card3,400,400,2.5 GT/s PCIe,1
14.050055,card2,400,400,2.5 GT/s PCIe,1
14.050055,card3,400,400,2.5 GT/s PCIe,1
14.100059,card2,400,400,2.5 GT/s PCIe,1
14.100059,card3,400,400,2.5 GT/s PCIe,1
14.150066,card2,400,400,2.5 GT/s PCIe,1
14.150066,card3,400,400,2.5 GT/s PCIe,1
14.200054,card2,400,400,2.5 GT/s PCIe,1
14.200054,card3,400,400,2.5 GT/s PCIe,1
14.250050,card2,400,400,2.5 GT/s PCIe,1
14.250050,card3,400,400,2.5 GT/s PCIe,1
14.300064,card2,400,400,2.5 GT/s PCIe,1
14.300064,card3,400,400,2.5 GT/s PCIe,1
14.350068,card2,400,400,2.5 GT/s PCIe,1
14.350068,card3,400,400,2.5 GT/s PCIe,1
14.400056,card2,400,400,2.5 GT/s PCIe,1
14.400056,card3,400,400,2.5 GT/s PCIe,1
14.451375,card2,400,400,2.5 GT/s PCIe,1
14.451375,card3,400,0,2.5 GT/s PCIe,1
14.500055,card2,400,400,2.5 GT/s PCIe,1
14.500055,card3,400,400,2.5 GT/s PCIe,1
14.550056,card2,400,517,2.5 GT/s PCIe,1
14.550056,card3,400,517,2.5 GT/s PCIe,1
14.600066,card2,400,400,2.5 GT/s PCIe,1
14.600066,card3,400,400,2.5 GT/s PCIe,1
14.650059,card2,400,400,2.5 GT/s PCIe,1
14.650059,card3,400,400,2.5 GT/s PCIe,1
14.700057,card2,400,400,2.5 GT/s PCIe,1
14.700057,card3,400,400,2.5 GT/s PCIe,1
14.750067,card2,400,400,2.5 GT/s PCIe,1
14.750067,card3,400,400,2.5 GT/s PCIe,1
14.800051,card2,400,400,2.5 GT/s PCIe,1
14.800051,card3,400,400,2.5 GT/s PCIe,1
14.850072,card2,400,400,2.5 GT/s PCIe,1
14.850072,card3,400,400,2.5 GT/s PCIe,1
14.900073,card2,400,400,2.5 GT/s PCIe,1
14.900073,card3,400,400,2.5 GT/s PCIe,1
14.950063,card2,400,400,2.5 GT/s PCIe,1
14.950063,card3,400,400,2.5 GT/s PCIe,1
15.000071,card2,400,400,2.5 GT/s PCIe,1
15.000071,card3,400,400,2.5 GT/s PCIe,1
15.050062,card2,400,400,2.5 GT/s PCIe,1
15.050062,card3,400,400,2.5 GT/s PCIe,1
15.100052,card2,400,400,2.5 GT/s PCIe,1
15.100052,card3,400,400,2.5 GT/s PCIe,1
15.150059,card2,400,400,2.5 GT/s PCIe,1
15.150059,card3,400,400,2.5 GT/s PCIe,1
15.200060,card2,400,400,2.5 GT/s PCIe,1
15.200060,card3,400,400,2.5 GT/s PCIe,1
15.250058,card2,400,400,2.5 GT/s PCIe,1
15.250058,card3,400,400,2.5 GT/s PCIe,1
15.300064,card2,400,400,2.5 GT/s PCIe,1
15.300064,card3,400,400,2.5 GT/s PCIe,1
15.350066,card2,400,400,2.5 GT/s PCIe,1
15.350066,card3,400,400,2.5 GT/s PCIe,1
15.400065,card2,400,400,2.5 GT/s PCIe,1
15.400065,card3,400,400,2.5 GT/s PCIe,1
15.450048,card2,400,400,2.5 GT/s PCIe,1
15.450048,card3,400,400,2.5 GT/s PCIe,1
15.500051,card2,400,400,2.5 GT/s PCIe,1
15.500051,card3,400,400,2.5 GT/s PCIe,1
15.550067,card2,400,400,2.5 GT/s PCIe,1
15.550067,card3,400,400,2.5 GT/s PCIe,1
15.600061,card2,400,400,2.5 GT/s PCIe,1
15.600061,card3,400,400,2.5 GT/s PCIe,1
15.650050,card2,400,400,2.5 GT/s PCIe,1
15.650050,card3,400,400,2.5 GT/s PCIe,1
15.700059,card2,400,400,2.5 GT/s PCIe,1
15.700059,card3,400,400,2.5 GT/s PCIe,1
15.750058,card2,400,400,2.5 GT/s PCIe,1
15.750058,card3,400,400,2.5 GT/s PCIe,1
15.800049,card2,400,400,2.5 GT/s PCIe,1
15.800049,card3,400,400,2.5 GT/s PCIe,1
15.850048,card2,400,400,2.5 GT/s PCIe,1
15.850048,card3,400,517,2.5 GT/s PCIe,1
15.900049,card2,400,400,2.5 GT/s PCIe,1
15.900049,card3,400,400,2.5 GT/s PCIe,1
15.950048,card2,400,400,2.5 GT/s PCIe,1
15.950048,card3,400,400,2.5 GT/s PCIe,1
16.000056,card2,400,400,2.5 GT/s PCIe,1
16.000056,card3,400,400,2.5 GT/s PCIe,1
16.050057,card2,400,400,2.5 GT/s PCIe,1
16.050057,card3,400,400,2.5 GT/s PCIe,1
16.100048,card2,400,400,2.5 GT/s PCIe,1
16.100048,card3,400,400,2.5 GT/s PCIe,1
16.150060,card2,400,400,2.5 GT/s PCIe,1
16.150060,card3,400,400,2.5 GT/s PCIe,1
16.200059,card2,400,400,2.5 GT/s PCIe,1
16.200059,card3,400,400,2.5 GT/s PCIe,1
16.250059,card2,400,400,2.5 GT/s PCIe,1
16.250059,card3,400,400,2.5 GT/s PCIe,1
16.300059,card2,400,400,2.5 GT/s PCIe,1
16.300059,card3,400,400,2.5 GT/s PCIe,1
16.350049,card2,400,400,2.5 GT/s PCIe,1
16.350049,card3,400,400,2.5 GT/s PCIe,1
16.400050,card2,400,400,2.5 GT/s PCIe,1
16.400050,card3,400,400,2.5 GT/s PCIe,1
16.450060,card2,400,400,2.5 GT/s PCIe,1
16.450060,card3,400,400,2.5 GT/s PCIe,1
16.500054,card2,400,400,2.5 GT/s PCIe,1
16.500054,card3,400,400,2.5 GT/s PCIe,1
16.550053,card2,400,400,2.5 GT/s PCIe,1
16.550053,card3,400,400,2.5 GT/s PCIe,1
16.600050,card2,400,400,2.5 GT/s PCIe,1
16.600050,card3,400,400,2.5 GT/s PCIe,1
16.650051,card2,400,400,2.5 GT/s PCIe,1
16.650051,card3,400,400,2.5 GT/s PCIe,1
16.700062,card2,400,400,2.5 GT/s PCIe,1
16.700062,card3,400,400,2.5 GT/s PCIe,1
16.750049,card2,400,400,2.5 GT/s PCIe,1
16.750049,card3,400,400,2.5 GT/s PCIe,1
16.800059,card2,400,400,2.5 GT/s PCIe,1
16.800059,card3,400,400,2.5 GT/s PCIe,1
16.850049,card2,400,400,2.5 GT/s PCIe,1
16.850049,card3,400,400,2.5 GT/s PCIe,1
16.900049,card2,400,400,2.5 GT/s PCIe,1
16.900049,card3,400,400,2.5 GT/s PCIe,1
16.950050,card2,400,400,2.5 GT/s PCIe,1
16.950050,card3,400,400,2.5 GT/s PCIe,1
17.000058,card2,400,400,2.5 GT/s PCIe,1
17.000058,card3,400,400,2.5 GT/s PCIe,1
17.050060,card2,400,400,2.5 GT/s PCIe,1
17.050060,card3,400,517,2.5 GT/s PCIe,1
17.100051,card2,400,400,2.5 GT/s PCIe,1
17.100051,card3,400,400,2.5 GT/s PCIe,1
17.150071,card2,400,400,2.5 GT/s PCIe,1
17.150071,card3,400,400,2.5 GT/s PCIe,1
17.200054,card2,400,400,2.5 GT/s PCIe,1
17.200054,card3,400,400,2.5 GT/s PCIe,1
17.250060,card2,400,400,2.5 GT/s PCIe,1
17.250060,card3,400,400,2.5 GT/s PCIe,1
17.300071,card2,400,400,2.5 GT/s PCIe,1
17.300071,card3,400,400,2.5 GT/s PCIe,1
17.350062,card2,400,400,2.5 GT/s PCIe,1
17.350062,card3,400,400,2.5 GT/s PCIe,1
17.400062,card2,400,400,2.5 GT/s PCIe,1
17.400062,card3,400,400,2.5 GT/s PCIe,1
17.450066,card2,400,400,2.5 GT/s PCIe,1
17.450066,card3,400,400,2.5 GT/s PCIe,1
17.500065,card2,400,400,2.5 GT/s PCIe,1
17.500065,card3,400,400,2.5 GT/s PCIe,1
17.550063,card2,400,400,2.5 GT/s PCIe,1
17.550063,card3,400,400,2.5 GT/s PCIe,1
17.600058,card2,400,400,2.5 GT/s PCIe,1
17.600058,card3,400,400,2.5 GT/s PCIe,1
17.650066,card2,400,400,2.5 GT/s PCIe,1
17.650066,card3,400,400,2.5 GT/s PCIe,1
17.700062,card2,400,400,2.5 GT/s PCIe,1
17.700062,card3,400,400,2.5 GT/s PCIe,1
17.750063,card2,400,400,2.5 GT/s PCIe,1
17.750063,card3,400,400,2.5 GT/s PCIe,1
17.800058,card2,400,400,2.5 GT/s PCIe,1
17.800058,card3,400,400,2.5 GT/s PCIe,1
17.850061,card2,400,400,2.5 GT/s PCIe,1
17.850061,card3,400,400,2.5 GT/s PCIe,1
17.900053,card2,400,400,2.5 GT/s PCIe,1
17.900053,card3,400,400,2.5 GT/s PCIe,1
17.950062,card2,400,400,2.5 GT/s PCIe,1
17.950062,card3,400,400,2.5 GT/s PCIe,1
18.000056,card2,400,400,2.5 GT/s PCIe,1
18.000056,card3,400,517,2.5 GT/s PCIe,1
18.050060,card2,400,400,2.5 GT/s PCIe,1
18.050060,card3,400,400,2.5 GT/s PCIe,1
18.100074,card2,400,400,2.5 GT/s PCIe,1
18.100074,card3,400,400,2.5 GT/s PCIe,1
18.150056,card2,400,517,2.5 GT/s PCIe,1
18.150056,card3,400,517,2.5 GT/s PCIe,1
18.200057,card2,400,400,2.5 GT/s PCIe,1
18.200057,card3,400,400,2.5 GT/s PCIe,1
18.250058,card2,400,400,2.5 GT/s PCIe,1
18.250058,card3,400,400,2.5 GT/s PCIe,1
18.300052,card2,400,517,2.5 GT/s PCIe,1
18.300052,card3,400,517,2.5 GT/s PCIe,1
18.350049,card2,400,400,2.5 GT/s PCIe,1
18.350049,card3,400,400,2.5 GT/s PCIe,1
18.400050,card2,400,400,2.5 GT/s PCIe,1
18.400050,card3,400,400,2.5 GT/s PCIe,1
18.450050,card2,400,400,2.5 GT/s PCIe,1
18.450050,card3,400,400,2.5 GT/s PCIe,1
18.500051,card2,400,400,2.5 GT/s PCIe,1
18.500051,card3,400,400,2.5 GT/s PCIe,1
18.550050,card2,400,400,2.5 GT/s PCIe,1
18.550050,card3,400,400,2.5 GT/s PCIe,1
18.600051,card2,400,400,2.5 GT/s PCIe,1
18.600051,card3,400,400,2.5 GT/s PCIe,1
18.650055,card2,400,400,2.5 GT/s PCIe,1
18.650055,card3,400,400,2.5 GT/s PCIe,1
18.700052,card2,400,400,2.5 GT/s PCIe,1
18.700052,card3,400,400,2.5 GT/s PCIe,1
18.750061,card2,400,400,2.5 GT/s PCIe,1
18.750061,card3,400,400,2.5 GT/s PCIe,1
18.800057,card2,400,400,2.5 GT/s PCIe,1
18.800057,card3,400,400,2.5 GT/s PCIe,1
18.850068,card2,400,400,2.5 GT/s PCIe,1
18.850068,card3,400,400,2.5 GT/s PCIe,1
18.900064,card2,400,400,2.5 GT/s PCIe,1
18.900064,card3,400,400,2.5 GT/s PCIe,1
18.950060,card2,400,400,2.5 GT/s PCIe,1
18.950060,card3,400,400,2.5 GT/s PCIe,1
19.000050,card2,400,400,2.5 GT/s PCIe,1
19.000050,card3,400,400,2.5 GT/s PCIe,1
19.050053,card2,400,400,2.5 GT/s PCIe,1
19.050053,card3,400,400,2.5 GT/s PCIe,1
19.100049,card2,400,400,2.5 GT/s PCIe,1
19.100049,card3,400,400,2.5 GT/s PCIe,1
19.150049,card2,400,400,2.5 GT/s PCIe,1
19.150049,card3,400,400,2.5 GT/s PCIe,1
19.200049,card2,400,400,2.5 GT/s PCIe,1
19.200049,card3,400,400,2.5 GT/s PCIe,1
19.250048,card2,400,400,2.5 GT/s PCIe,1
19.250048,card3,400,400,2.5 GT/s PCIe,1
19.300048,card2,400,400,2.5 GT/s PCIe,1
19.300048,card3,400,517,2.5 GT/s PCIe,1
19.350048,card2,400,400,2.5 GT/s PCIe,1
19.350048,card3,400,400,2.5 GT/s PCIe,1
19.400062,card2,400,400,2.5 GT/s PCIe,1
19.400062,card3,400,400,2.5 GT/s PCIe,1
19.450049,card2,400,400,2.5 GT/s PCIe,1
19.450049,card3,400,400,2.5 GT/s PCIe,1
19.500055,card2,400,400,2.5 GT/s PCIe,1
19.500055,card3,400,400,2.5 GT/s PCIe,1
19.550048,card2,400,400,2.5 GT/s PCIe,1
19.550048,card3,400,400,2.5 GT/s PCIe,1
19.600051,card2,400,400,2.5 GT/s PCIe,1
19.600051,card3,400,400,2.5 GT/s PCIe,1
19.650051,card2,400,400,2.5 GT/s PCIe,1
19.650051,card3,400,400,2.5 GT/s PCIe,1
19.700051,card2,400,400,2.5 GT/s PCIe,1
19.700051,card3,400,400,2.5 GT/s PCIe,1
19.750050,card2,400,400,2.5 GT/s PCIe,1
19.750050,card3,400,400,2.5 GT/s PCIe,1
19.800067,card2,400,400,2.5 GT/s PCIe,1
19.800067,card3,400,400,2.5 GT/s PCIe,1
19.850069,card2,400,400,2.5 GT/s PCIe,1
19.850069,card3,400,400,2.5 GT/s PCIe,1
19.900050,card2,400,400,2.5 GT/s PCIe,1
19.900050,card3,400,400,2.5 GT/s PCIe,1
19.950055,card2,400,400,2.5 GT/s PCIe,1
19.950055,card3,400,400,2.5 GT/s PCIe,1
20.000050,card2,400,400,2.5 GT/s PCIe,1
20.000050,card3,400,400,2.5 GT/s PCIe,1
20.050050,card2,400,400,2.5 GT/s PCIe,1
20.050050,card3,400,400,2.5 GT/s PCIe,1
20.100050,card2,400,400,2.5 GT/s PCIe,1
20.100050,card3,400,400,2.5 GT/s PCIe,1
20.150050,card2,400,400,2.5 GT/s PCIe,1
20.150050,card3,400,400,2.5 GT/s PCIe,1
20.200049,card2,400,400,2.5 GT/s PCIe,1
20.200049,card3,400,400,2.5 GT/s PCIe,1
20.250049,card2,400,400,2.5 GT/s PCIe,1
20.250049,card3,400,400,2.5 GT/s PCIe,1
20.300059,card2,400,400,2.5 GT/s PCIe,1
20.300059,card3,400,400,2.5 GT/s PCIe,1
20.350050,card2,400,400,2.5 GT/s PCIe,1
20.350050,card3,400,400,2.5 GT/s PCIe,1
20.400050,card2,400,400,2.5 GT/s PCIe,1
20.400050,card3,400,400,2.5 GT/s PCIe,1
20.450050,card2,400,400,2.5 GT/s PCIe,1
20.450050,card3,400,400,2.5 GT/s PCIe,1
20.500059,card2,400,400,2.5 GT/s PCIe,1
20.500059,card3,400,517,2.5 GT/s PCIe,1
20.550070,card2,400,400,2.5 GT/s PCIe,1
20.550070,card3,400,400,2.5 GT/s PCIe,1
20.600060,card2,400,400,2.5 GT/s PCIe,1
20.600060,card3,400,400,2.5 GT/s PCIe,1
20.650057,card2,400,400,2.5 GT/s PCIe,1
20.650057,card3,400,400,2.5 GT/s PCIe,1
20.700049,card2,400,400,2.5 GT/s PCIe,1
20.700049,card3,400,400,2.5 GT/s PCIe,1
20.750059,card2,400,400,2.5 GT/s PCIe,1
20.750059,card3,400,400,2.5 GT/s PCIe,1
20.800051,card2,400,400,2.5 GT/s PCIe,1
20.800051,card3,400,517,2.5 GT/s PCIe,1
20.850054,card2,400,400,2.5 GT/s PCIe,1
20.850054,card3,400,400,2.5 GT/s PCIe,1
20.900105,card2,400,400,2.5 GT/s PCIe,1
20.900105,card3,400,400,2.5 GT/s PCIe,1
20.950110,card2,400,400,2.5 GT/s PCIe,1
20.950110,card3,400,517,2.5 GT/s PCIe,1
21.000061,card2,400,400,2.5 GT/s PCIe,1
21.000061,card3,400,400,2.5 GT/s PCIe,1
21.050064,card2,400,400,2.5 GT/s PCIe,1
21.050064,card3,400,400,2.5 GT/s PCIe,1
21.100060,card2,400,400,2.5 GT/s PCIe,1
21.100060,card3,400,517,2.5 GT/s PCIe,1
21.150055,card2,400,400,2.5 GT/s PCIe,1
21.150055,card3,400,517,2.5 GT/s PCIe,1
21.200073,card2,400,400,2.5 GT/s PCIe,1
21.200073,card3,400,400,2.5 GT/s PCIe,1
21.250052,card2,400,400,2.5 GT/s PCIe,1
21.250052,card3,400,400,2.5 GT/s PCIe,1
21.300065,card2,400,400,2.5 GT/s PCIe,1
21.300065,card3,400,400,2.5 GT/s PCIe,1
21.350052,card2,400,400,2.5 GT/s PCIe,1
21.350052,card3,400,400,2.5 GT/s PCIe,1
21.400051,card2,400,400,2.5 GT/s PCIe,1
21.400051,card3,400,400,2.5 GT/s PCIe,1
21.450051,card2,400,400,2.5 GT/s PCIe,1
21.450051,card3,400,400,2.5 GT/s PCIe,1
21.500050,card2,400,400,2.5 GT/s PCIe,1
21.500050,card3,400,400,2.5 GT/s PCIe,1
21.550060,card2,400,400,2.5 GT/s PCIe,1
21.550060,card3,400,400,2.5 GT/s PCIe,1
21.600050,card2,400,400,2.5 GT/s PCIe,1
21.600050,card3,400,400,2.5 GT/s PCIe,1
21.650052,card2,400,400,2.5 GT/s PCIe,1
21.650052,card3,400,400,2.5 GT/s PCIe,1
21.700067,card2,400,400,2.5 GT/s PCIe,1
21.700067,card3,400,400,2.5 GT/s PCIe,1
21.750051,card2,400,400,2.5 GT/s PCIe,1
21.750051,card3,400,400,2.5 GT/s PCIe,1
21.800050,card2,400,400,2.5 GT/s PCIe,1
21.800050,card3,400,400,2.5 GT/s PCIe,1
21.850054,card2,400,400,2.5 GT/s PCIe,1
21.850054,card3,400,400,2.5 GT/s PCIe,1
21.900051,card2,400,400,2.5 GT/s PCIe,1
21.900051,card3,400,400,2.5 GT/s PCIe,1
21.950051,card2,400,400,2.5 GT/s PCIe,1
21.950051,card3,400,400,2.5 GT/s PCIe,1
22.000050,card2,400,400,2.5 GT/s PCIe,1
22.000050,card3,400,400,2.5 GT/s PCIe,1
22.050068,card2,400,400,2.5 GT/s PCIe,1
22.050068,card3,400,400,2.5 GT/s PCIe,1
22.100050,card2,400,400,2.5 GT/s PCIe,1
22.100050,card3,400,400,2.5 GT/s PCIe,1
22.150060,card2,400,400,2.5 GT/s PCIe,1
22.150060,card3,400,400,2.5 GT/s PCIe,1
22.200049,card2,400,400,2.5 GT/s PCIe,1
22.200049,card3,400,400,2.5 GT/s PCIe,1
22.250060,card2,400,400,2.5 GT/s PCIe,1
22.250060,card3,400,517,2.5 GT/s PCIe,1
22.300052,card2,400,400,2.5 GT/s PCIe,1
22.300052,card3,400,400,2.5 GT/s PCIe,1
22.350062,card2,400,400,2.5 GT/s PCIe,1
22.350062,card3,400,517,2.5 GT/s PCIe,1
22.400069,card2,400,400,2.5 GT/s PCIe,1
22.400069,card3,400,400,2.5 GT/s PCIe,1
22.450070,card2,400,400,2.5 GT/s PCIe,1
22.450070,card3,400,400,2.5 GT/s PCIe,1
22.500051,card2,400,400,2.5 GT/s PCIe,1
22.500051,card3,400,400,2.5 GT/s PCIe,1
22.550060,card2,400,400,2.5 GT/s PCIe,1
22.550060,card3,400,400,2.5 GT/s PCIe,1
22.600052,card2,400,400,2.5 GT/s PCIe,1
22.600052,card3,400,400,2.5 GT/s PCIe,1
22.650053,card2,400,400,2.5 GT/s PCIe,1
22.650053,card3,400,400,2.5 GT/s PCIe,1
22.700060,card2,400,400,2.5 GT/s PCIe,1
22.700060,card3,400,400,2.5 GT/s PCIe,1
22.750052,card2,400,400,2.5 GT/s PCIe,1
22.750052,card3,400,517,2.5 GT/s PCIe,1
22.800051,card2,400,400,2.5 GT/s PCIe,1
22.800051,card3,400,400,2.5 GT/s PCIe,1
22.850049,card2,400,400,2.5 GT/s PCIe,1
22.850049,card3,400,400,2.5 GT/s PCIe,1
22.900050,card2,400,400,2.5 GT/s PCIe,1
22.900050,card3,400,400,2.5 GT/s PCIe,1
22.950052,card2,400,400,2.5 GT/s PCIe,1
22.950052,card3,400,400,2.5 GT/s PCIe,1
23.000050,card2,400,400,2.5 GT/s PCIe,1
23.000050,card3,400,400,2.5 GT/s PCIe,1
23.050060,card2,400,400,2.5 GT/s PCIe,1
23.050060,card3,400,400,2.5 GT/s PCIe,1
23.100050,card2,400,400,2.5 GT/s PCIe,1
23.100050,card3,400,400,2.5 GT/s PCIe,1
23.150060,card2,400,400,2.5 GT/s PCIe,1
23.150060,card3,400,400,2.5 GT/s PCIe,1
23.200050,card2,400,400,2.5 GT/s PCIe,1
23.200050,card3,400,400,2.5 GT/s PCIe,1
23.250051,card2,400,400,2.5 GT/s PCIe,1
23.250051,card3,400,400,2.5 GT/s PCIe,1
23.300050,card2,400,400,2.5 GT/s PCIe,1
23.300050,card3,400,400,2.5 GT/s PCIe,1
23.350050,card2,400,400,2.5 GT/s PCIe,1
23.350050,card3,400,400,2.5 GT/s PCIe,1
23.400050,card2,400,400,2.5 GT/s PCIe,1
23.400050,card3,400,517,2.5 GT/s PCIe,1
23.450050,card2,400,400,2.5 GT/s PCIe,1
23.450050,card3,400,400,2.5 GT/s PCIe,1
23.500050,card2,400,400,2.5 GT/s PCIe,1
23.500050,card3,400,400,2.5 GT/s PCIe,1
23.550061,card2,400,400,2.5 GT/s PCIe,1
23.550061,card3,400,400,2.5 GT/s PCIe,1
23.600051,card2,400,400,2.5 GT/s PCIe,1
23.600051,card3,400,400,2.5 GT/s PCIe,1
23.650053,card2,400,400,2.5 GT/s PCIe,1
23.650053,card3,400,400,2.5 GT/s PCIe,1
23.700052,card2,400,400,2.5 GT/s PCIe,1
23.700052,card3,400,400,2.5 GT/s PCIe,1
23.750060,card2,400,400,2.5 GT/s PCIe,1
23.750060,card3,400,400,2.5 GT/s PCIe,1
23.800055,card2,400,400,2.5 GT/s PCIe,1
23.800055,card3,400,517,2.5 GT/s PCIe,1
23.850050,card2,400,400,2.5 GT/s PCIe,1
23.850050,card3,400,400,2.5 GT/s PCIe,1
23.900060,card2,400,400,2.5 GT/s PCIe,1
23.900060,card3,400,400,2.5 GT/s PCIe,1
23.950050,card2,400,400,2.5 GT/s PCIe,1
23.950050,card3,400,400,2.5 GT/s PCIe,1
24.000051,card2,400,400,2.5 GT/s PCIe,1
24.000051,card3,400,400,2.5 GT/s PCIe,1
24.050049,card2,400,400,2.5 GT/s PCIe,1
24.050049,card3,400,400,2.5 GT/s PCIe,1
24.100050,card2,400,400,2.5 GT/s PCIe,1
24.100050,card3,400,400,2.5 GT/s PCIe,1
24.150051,card2,400,400,2.5 GT/s PCIe,1
24.150051,card3,400,400,2.5 GT/s PCIe,1
24.200050,card2,400,400,2.5 GT/s PCIe,1
24.200050,card3,400,400,2.5 GT/s PCIe,1
24.250050,card2,400,400,2.5 GT/s PCIe,1
24.250050,card3,400,400,2.5 GT/s PCIe,1
24.300051,card2,400,400,2.5 GT/s PCIe,1
24.300051,card3,400,400,2.5 GT/s PCIe,1
24.350060,card2,400,400,2.5 GT/s PCIe,1
24.350060,card3,400,517,2.5 GT/s PCIe,1
24.400063,card2,400,400,2.5 GT/s PCIe,1
24.400063,card3,400,400,2.5 GT/s PCIe,1
24.450051,card2,400,400,2.5 GT/s PCIe,1
24.450051,card3,400,400,2.5 GT/s PCIe,1
24.500072,card2,400,400,2.5 GT/s PCIe,1
24.500072,card3,400,400,2.5 GT/s PCIe,1
24.550060,card2,400,400,2.5 GT/s PCIe,1
24.550060,card3,400,400,2.5 GT/s PCIe,1
24.600058,card2,400,400,2.5 GT/s PCIe,1
24.600058,card3,400,400,2.5 GT/s PCIe,1
24.650083,card2,400,400,2.5 GT/s PCIe,1
24.650083,card3,400,400,2.5 GT/s PCIe,1
24.700057,card2,400,400,2.5 GT/s PCIe,1
24.700057,card3,400,400,2.5 GT/s PCIe,1
24.750054,card2,400,400,2.5 GT/s PCIe,1
24.750054,card3,400,400,2.5 GT/s PCIe,1
24.800061,card2,400,400,2.5 GT/s PCIe,1
24.800061,card3,400,0,2.5 GT/s PCIe,1
24.850066,card2,400,400,2.5 GT/s PCIe,1
24.850066,card3,400,400,2.5 GT/s PCIe,1
24.900051,card2,400,517,2.5 GT/s PCIe,1
24.900051,card3,400,517,2.5 GT/s PCIe,1
24.950052,card2,400,400,2.5 GT/s PCIe,1
24.950052,card3,400,400,2.5 GT/s PCIe,1
25.000050,card2,400,400,2.5 GT/s PCIe,1
25.000050,card3,400,400,2.5 GT/s PCIe,1
25.050059,card2,400,400,2.5 GT/s PCIe,1
25.050059,card3,400,400,2.5 GT/s PCIe,1
25.100051,card2,400,400,2.5 GT/s PCIe,1
25.100051,card3,400,400,2.5 GT/s PCIe,1
25.150050,card2,400,400,2.5 GT/s PCIe,1
25.150050,card3,400,400,2.5 GT/s PCIe,1
25.200054,card2,400,400,2.5 GT/s PCIe,1
25.200054,card3,400,400,2.5 GT/s PCIe,1
25.250062,card2,400,400,2.5 GT/s PCIe,1
25.250062,card3,400,400,2.5 GT/s PCIe,1
25.300050,card2,400,400,2.5 GT/s PCIe,1
25.300050,card3,400,400,2.5 GT/s PCIe,1
25.350061,card2,400,400,2.5 GT/s PCIe,1
25.350061,card3,400,400,2.5 GT/s PCIe,1
25.400059,card2,400,400,2.5 GT/s PCIe,1
25.400059,card3,400,400,2.5 GT/s PCIe,1
25.450060,card2,400,400,2.5 GT/s PCIe,1
25.450060,card3,400,400,2.5 GT/s PCIe,1
25.500069,card2,400,517,2.5 GT/s PCIe,1
25.500069,card3,400,517,2.5 GT/s PCIe,1
25.550051,card2,400,400,2.5 GT/s PCIe,1
25.550051,card3,400,400,2.5 GT/s PCIe,1
25.600051,card2,400,400,2.5 GT/s PCIe,1
25.600051,card3,400,400,2.5 GT/s PCIe,1
25.650061,card2,400,400,2.5 GT/s PCIe,1
25.650061,card3,400,400,2.5 GT/s PCIe,1
25.700055,card2,400,400,2.5 GT/s PCIe,1
25.700055,card3,400,400,2.5 GT/s PCIe,1
25.750067,card2,400,400,2.5 GT/s PCIe,1
25.750067,card3,400,400,2.5 GT/s PCIe,1
25.800051,card2,400,400,2.5 GT/s PCIe,1
25.800051,card3,400,400,2.5 GT/s PCIe,1
25.850049,card2,400,400,2.5 GT/s PCIe,1
25.850049,card3,400,400,2.5 GT/s PCIe,1
25.900064,card2,400,400,2.5 GT/s PCIe,1
25.900064,card3,400,400,2.5 GT/s PCIe,1
25.950072,card2,400,400,2.5 GT/s PCIe,1
25.950072,card3,400,400,2.5 GT/s PCIe,1
26.000050,card2,400,400,2.5 GT/s PCIe,1
26.000050,card3,400,517,2.5 GT/s PCIe,1
26.050049,card2,400,400,2.5 GT/s PCIe,1
26.050049,card3,400,400,2.5 GT/s PCIe,1
26.100077,card2,400,400,2.5 GT/s PCIe,1
26.100077,card3,400,400,2.5 GT/s PCIe,1
26.150058,card2,400,400,2.5 GT/s PCIe,1
26.150058,card3,400,400,2.5 GT/s PCIe,1
26.200068,card2,400,400,2.5 GT/s PCIe,1
26.200068,card3,400,400,2.5 GT/s PCIe,1
26.250059,card2,400,400,2.5 GT/s PCIe,1
26.250059,card3,400,400,2.5 GT/s PCIe,1
26.300077,card2,400,400,2.5 GT/s PCIe,1
26.300077,card3,400,400,2.5 GT/s PCIe,1
26.350064,card2,400,400,2.5 GT/s PCIe,1
26.350064,card3,400,400,2.5 GT/s PCIe,1
26.400062,card2,400,400,2.5 GT/s PCIe,1
26.400062,card3,400,400,2.5 GT/s PCIe,1
26.450050,card2,400,400,2.5 GT/s PCIe,1
26.450050,card3,400,400,2.5 GT/s PCIe,1
26.500054,card2,400,400,2.5 GT/s PCIe,1
26.500054,card3,400,400,2.5 GT/s PCIe,1
26.550073,card2,400,400,2.5 GT/s PCIe,1
26.550073,card3,400,400,2.5 GT/s PCIe,1
26.600055,card2,400,400,2.5 GT/s PCIe,1
26.600055,card3,400,400,2.5 GT/s PCIe,1
26.650051,card2,400,400,2.5 GT/s PCIe,1
26.650051,card3,400,400,2.5 GT/s PCIe,1
26.700051,card2,400,400,2.5 GT/s PCIe,1
26.700051,card3,400,400,2.5 GT/s PCIe,1
26.750063,card2,400,400,2.5 GT/s PCIe,1
26.750063,card3,400,400,2.5 GT/s PCIe,1
26.800052,card2,400,400,2.5 GT/s PCIe,1
26.800052,card3,400,400,2.5 GT/s PCIe,1
26.850050,card2,400,400,2.5 GT/s PCIe,1
26.850050,card3,400,400,2.5 GT/s PCIe,1
26.900054,card2,400,400,2.5 GT/s PCIe,1
26.900054,card3,400,400,2.5 GT/s PCIe,1
26.950070,card2,400,400,2.5 GT/s PCIe,1
26.950070,card3,400,400,2.5 GT/s PCIe,1
27.000061,card2,400,400,2.5 GT/s PCIe,1
27.000061,card3,400,400,2.5 GT/s PCIe,1
27.050072,card2,400,400,2.5 GT/s PCIe,1
27.050072,card3,400,400,2.5 GT/s PCIe,1
27.100060,card2,400,400,2.5 GT/s PCIe,1
27.100060,card3,400,400,2.5 GT/s PCIe,1
27.150063,card2,400,400,2.5 GT/s PCIe,1
27.150063,card3,400,400,2.5 GT/s PCIe,1
27.200053,card2,400,400,2.5 GT/s PCIe,1
27.200053,card3,400,400,2.5 GT/s PCIe,1
27.250056,card2,400,400,2.5 GT/s PCIe,1
27.250056,card3,400,400,2.5 GT/s PCIe,1
27.300062,card2,400,400,2.5 GT/s PCIe,1
27.300062,card3,400,400,2.5 GT/s PCIe,1
27.350050,card2,400,400,2.5 GT/s PCIe,1
27.350050,card3,400,400,2.5 GT/s PCIe,1
27.400060,card2,400,400,2.5 GT/s PCIe,1
27.400060,card3,400,400,2.5 GT/s PCIe,1
27.450050,card2,400,400,2.5 GT/s PCIe,1
27.450050,card3,400,400,2.5 GT/s PCIe,1
27.500059,card2,400,400,2.5 GT/s PCIe,1
27.500059,card3,400,400,2.5 GT/s PCIe,1
27.550050,card2,400,400,2.5 GT/s PCIe,1
27.550050,card3,400,400,2.5 GT/s PCIe,1
27.600050,card2,400,400,2.5 GT/s PCIe,1
27.600050,card3,400,400,2.5 GT/s PCIe,1
27.650060,card2,400,400,2.5 GT/s PCIe,1
27.650060,card3,400,400,2.5 GT/s PCIe,1
27.700066,card2,400,400,2.5 GT/s PCIe,1
27.700066,card3,400,400,2.5 GT/s PCIe,1
27.750050,card2,400,400,2.5 GT/s PCIe,1
27.750050,card3,400,400,2.5 GT/s PCIe,1
27.800049,card2,400,400,2.5 GT/s PCIe,1
27.800049,card3,400,400,2.5 GT/s PCIe,1
27.850059,card2,400,400,2.5 GT/s PCIe,1
27.850059,card3,400,517,2.5 GT/s PCIe,1
27.900060,card2,400,400,2.5 GT/s PCIe,1
27.900060,card3,400,400,2.5 GT/s PCIe,1
27.950050,card2,400,400,2.5 GT/s PCIe,1
27.950050,card3,400,400,2.5 GT/s PCIe,1
28.000061,card2,400,400,2.5 GT/s PCIe,1
28.000061,card3,400,400,2.5 GT/s PCIe,1
28.050071,card2,400,400,2.5 GT/s PCIe,1
28.050071,card3,400,400,2.5 GT/s PCIe,1
28.100060,card2,400,400,2.5 GT/s PCIe,1
28.100060,card3,400,400,2.5 GT/s PCIe,1
28.150053,card2,400,400,2.5 GT/s PCIe,1
28.150053,card3,400,400,2.5 GT/s PCIe,1
28.200050,card2,400,400,2.5 GT/s PCIe,1
28.200050,card3,400,400,2.5 GT/s PCIe,1
28.250062,card2,400,400,2.5 GT/s PCIe,1
28.250062,card3,400,400,2.5 GT/s PCIe,1
28.300050,card2,400,400,2.5 GT/s PCIe,1
28.300050,card3,400,517,2.5 GT/s PCIe,1
28.350060,card2,400,400,2.5 GT/s PCIe,1
28.350060,card3,400,400,2.5 GT/s PCIe,1
28.400063,card2,400,400,2.5 GT/s PCIe,1
28.400063,card3,400,400,2.5 GT/s PCIe,1
28.450057,card2,400,400,2.5 GT/s PCIe,1
28.450057,card3,400,517,2.5 GT/s PCIe,1
28.500049,card2,400,400,2.5 GT/s PCIe,1
28.500049,card3,400,400,2.5 GT/s PCIe,1
28.550054,card2,400,400,2.5 GT/s PCIe,1
28.550054,card3,400,400,2.5 GT/s PCIe,1
28.600066,card2,400,400,2.5 GT/s PCIe,1
28.600066,card3,400,400,2.5 GT/s PCIe,1
28.650087,card2,400,400,2.5 GT/s PCIe,1
28.650087,card3,400,400,2.5 GT/s PCIe,1
28.700062,card2,400,517,2.5 GT/s PCIe,1
28.700062,card3,400,517,2.5 GT/s PCIe,1
28.750056,card2,400,400,2.5 GT/s PCIe,1
28.750056,card3,400,400,2.5 GT/s PCIe,1
28.800053,card2,400,400,2.5 GT/s PCIe,1
28.800053,card3,400,400,2.5 GT/s PCIe,1
28.850060,card2,400,517,2.5 GT/s PCIe,1
28.850060,card3,400,517,2.5 GT/s PCIe,1
28.900056,card2,400,400,2.5 GT/s PCIe,1
28.900056,card3,400,400,2.5 GT/s PCIe,1
28.950059,card2,400,400,2.5 GT/s PCIe,1
28.950059,card3,400,400,2.5 GT/s PCIe,1
29.000064,card2,400,400,2.5 GT/s PCIe,1
29.000064,card3,400,517,2.5 GT/s PCIe,1
29.050063,card2,400,400,2.5 GT/s PCIe,1
29.050063,card3,400,400,2.5 GT/s PCIe,1
29.104079,card2,400,400,2.5 GT/s PCIe,1
29.104079,card3,400,400,2.5 GT/s PCIe,1
29.150067,card2,400,400,2.5 GT/s PCIe,1
29.150067,card3,400,400,2.5 GT/s PCIe,1
29.200058,card2,400,400,2.5 GT/s PCIe,1
29.200058,card3,400,400,2.5 GT/s PCIe,1
29.250052,card2,400,400,2.5 GT/s PCIe,1
29.250052,card3,400,400,2.5 GT/s PCIe,1
29.300051,card2,400,400,2.5 GT/s PCIe,1
29.300051,card3,400,400,2.5 GT/s PCIe,1
29.350048,card2,400,400,2.5 GT/s PCIe,1
29.350048,card3,400,400,2.5 GT/s PCIe,1
29.400048,card2,400,400,2.5 GT/s PCIe,1
29.400048,card3,400,400,2.5 GT/s PCIe,1
29.450059,card2,400,400,2.5 GT/s PCIe,1
29.450059,card3,400,517,2.5 GT/s PCIe,1
29.500049,card2,400,400,2.5 GT/s PCIe,1
29.500049,card3,400,400,2.5 GT/s PCIe,1
29.550069,card2,400,400,2.5 GT/s PCIe,1
29.550069,card3,400,400,2.5 GT/s PCIe,1
29.600050,card2,400,400,2.5 GT/s PCIe,1
29.600050,card3,400,400,2.5 GT/s PCIe,1
29.650052,card2,400,400,2.5 GT/s PCIe,1
29.650052,card3,400,400,2.5 GT/s PCIe,1
29.700063,card2,400,400,2.5 GT/s PCIe,1
29.700063,card3,400,400,2.5 GT/s PCIe,1
29.750053,card2,400,400,2.5 GT/s PCIe,1
29.750053,card3,400,400,2.5 GT/s PCIe,1
29.800061,card2,400,400,2.5 GT/s PCIe,1
29.800061,card3,400,400,2.5 GT/s PCIe,1
29.850060,card2,400,400,2.5 GT/s PCIe,1
29.850060,card3,400,400,2.5 GT/s PCIe,1
29.900055,card2,400,400,2.5 GT/s PCIe,1
29.900055,card3,400,400,2.5 GT/s PCIe,1
29.950054,card2,400,400,2.5 GT/s PCIe,1
29.950054,card3,400,400,2.5 GT/s PCIe,1
30.000051,card2,400,517,2.5 GT/s PCIe,1
30.000051,card3,400,517,2.5 GT/s PCIe,1
30.050059,card2,400,400,2.5 GT/s PCIe,1
30.050059,card3,400,400,2.5 GT/s PCIe,1
30.100050,card2,400,400,2.5 GT/s PCIe,1
30.100050,card3,400,400,2.5 GT/s PCIe,1
30.150062,card2,400,400,2.5 GT/s PCIe,1
30.150062,card3,400,400,2.5 GT/s PCIe,1
30.200062,card2,400,400,2.5 GT/s PCIe,1
30.200062,card3,400,400,2.5 GT/s PCIe,1
30.250059,card2,400,400,2.5 GT/s PCIe,1
30.250059,card3,400,400,2.5 GT/s PCIe,1
30.300050,card2,400,400,2.5 GT/s PCIe,1
30.300050,card3,400,400,2.5 GT/s PCIe,1
30.350048,card2,400,400,2.5 GT/s PCIe,1
30.350048,card3,400,400,2.5 GT/s PCIe,1
30.400393,card2,400,517,2.5 GT/s PCIe,1
30.400393,card3,400,517,2.5 GT/s PCIe,1
30.450050,card2,400,400,2.5 GT/s PCIe,1
30.450050,card3,400,400,2.5 GT/s PCIe,1
30.500049,card2,400,400,2.5 GT/s PCIe,1
30.500049,card3,400,400,2.5 GT/s PCIe,1
30.550048,card2,400,400,2.5 GT/s PCIe,1
30.550048,card3,400,400,2.5 GT/s PCIe,1
30.600060,card2,400,400,2.5 GT/s PCIe,1
30.600060,card3,400,400,2.5 GT/s PCIe,1
30.650066,card2,400,400,2.5 GT/s PCIe,1
30.650066,card3,400,400,2.5 GT/s PCIe,1
30.700057,card2,400,400,2.5 GT/s PCIe,1
30.700057,card3,400,400,2.5 GT/s PCIe,1
30.750068,card2,400,400,2.5 GT/s PCIe,1
30.750068,card3,400,400,2.5 GT/s PCIe,1
30.800068,card2,400,400,2.5 GT/s PCIe,1
30.800068,card3,400,400,2.5 GT/s PCIe,1
30.850080,card2,400,400,2.5 GT/s PCIe,1
30.850080,card3,400,400,2.5 GT/s PCIe,1
30.900057,card2,400,400,2.5 GT/s PCIe,1
30.900057,card3,400,400,2.5 GT/s PCIe,1
30.950062,card2,400,400,2.5 GT/s PCIe,1
30.950062,card3,400,400,2.5 GT/s PCIe,1
31.000050,card2,400,400,2.5 GT/s PCIe,1
31.000050,card3,400,400,2.5 GT/s PCIe,1
31.050062,card2,400,400,2.5 GT/s PCIe,1
31.050062,card3,400,400,2.5 GT/s PCIe,1
31.100059,card2,400,517,2.5 GT/s PCIe,1
31.100059,card3,400,517,2.5 GT/s PCIe,1
31.150070,card2,400,400,2.5 GT/s PCIe,1
31.150070,card3,400,400,2.5 GT/s PCIe,1
31.200069,card2,400,400,2.5 GT/s PCIe,1
31.200069,card3,400,400,2.5 GT/s PCIe,1
31.250078,card2,400,400,2.5 GT/s PCIe,1
31.250078,card3,400,400,2.5 GT/s PCIe,1
31.300078,card2,400,400,2.5 GT/s PCIe,1
31.300078,card3,400,400,2.5 GT/s PCIe,1
31.350059,card2,400,400,2.5 GT/s PCIe,1
31.350059,card3,400,400,2.5 GT/s PCIe,1
31.400058,card2,400,400,2.5 GT/s PCIe,1
31.400058,card3,400,400,2.5 GT/s PCIe,1
31.450056,card2,400,400,2.5 GT/s PCIe,1
31.450056,card3,400,400,2.5 GT/s PCIe,1
31.500072,card2,400,400,2.5 GT/s PCIe,1
31.500072,card3,400,400,2.5 GT/s PCIe,1
31.550058,card2,400,400,2.5 GT/s PCIe,1
31.550058,card3,400,400,2.5 GT/s PCIe,1
31.600079,card2,400,400,2.5 GT/s PCIe,1
31.600079,card3,400,400,2.5 GT/s PCIe,1
31.650064,card2,400,400,2.5 GT/s PCIe,1
31.650064,card3,400,400,2.5 GT/s PCIe,1
31.700054,card2,400,400,2.5 GT/s PCIe,1
31.700054,card3,400,400,2.5 GT/s PCIe,1
31.750052,card2,400,400,2.5 GT/s PCIe,1
31.750052,card3,400,400,2.5 GT/s PCIe,1
31.800050,card2,400,400,2.5 GT/s PCIe,1
31.800050,card3,400,400,2.5 GT/s PCIe,1
31.850050,card2,400,400,2.5 GT/s PCIe,1
31.850050,card3,400,400,2.5 GT/s PCIe,1
31.900058,card2,400,400,2.5 GT/s PCIe,1
31.900058,card3,400,400,2.5 GT/s PCIe,1
31.950049,card2,400,400,2.5 GT/s PCIe,1
31.950049,card3,400,517,2.5 GT/s PCIe,1
32.000050,card2,400,400,2.5 GT/s PCIe,1
32.000050,card3,400,400,2.5 GT/s PCIe,1
32.050061,card2,400,400,2.5 GT/s PCIe,1
32.050061,card3,400,400,2.5 GT/s PCIe,1
32.100050,card2,400,400,2.5 GT/s PCIe,1
32.100050,card3,400,400,2.5 GT/s PCIe,1
32.150049,card2,400,400,2.5 GT/s PCIe,1
32.150049,card3,400,400,2.5 GT/s PCIe,1
32.200049,card2,400,400,2.5 GT/s PCIe,1
32.200049,card3,400,400,2.5 GT/s PCIe,1
32.250049,card2,400,400,2.5 GT/s PCIe,1
32.250049,card3,400,400,2.5 GT/s PCIe,1
32.300049,card2,400,400,2.5 GT/s PCIe,1
32.300049,card3,400,400,2.5 GT/s PCIe,1
32.350050,card2,400,400,2.5 GT/s PCIe,1
32.350050,card3,400,400,2.5 GT/s PCIe,1
32.400050,card2,400,400,2.5 GT/s PCIe,1
32.400050,card3,400,400,2.5 GT/s PCIe,1
32.450049,card2,400,400,2.5 GT/s PCIe,1
32.450049,card3,400,400,2.5 GT/s PCIe,1
32.500054,card2,400,400,2.5 GT/s PCIe,1
32.500054,card3,400,400,2.5 GT/s PCIe,1
32.550072,card2,400,400,2.5 GT/s PCIe,1
32.550072,card3,400,400,2.5 GT/s PCIe,1
32.600050,card2,400,400,2.5 GT/s PCIe,1
32.600050,card3,400,400,2.5 GT/s PCIe,1
32.650050,card2,400,400,2.5 GT/s PCIe,1
32.650050,card3,400,400,2.5 GT/s PCIe,1
32.700050,card2,400,400,2.5 GT/s PCIe,1
32.700050,card3,400,400,2.5 GT/s PCIe,1
32.750059,card2,400,400,2.5 GT/s PCIe,1
32.750059,card3,400,400,2.5 GT/s PCIe,1
32.800063,card2,400,400,2.5 GT/s PCIe,1
32.800063,card3,400,400,2.5 GT/s PCIe,1
32.850049,card2,400,400,2.5 GT/s PCIe,1
32.850049,card3,400,400,2.5 GT/s PCIe,1
32.900048,card2,400,400,2.5 GT/s PCIe,1
32.900048,card3,400,400,2.5 GT/s PCIe,1
32.950057,card2,400,400,2.5 GT/s PCIe,1
32.950057,card3,400,400,2.5 GT/s PCIe,1
33.000055,card2,400,400,2.5 GT/s PCIe,1
33.000055,card3,400,400,2.5 GT/s PCIe,1
33.050049,card2,400,400,2.5 GT/s PCIe,1
33.050049,card3,400,400,2.5 GT/s PCIe,1
33.100050,card2,400,400,2.5 GT/s PCIe,1
33.100050,card3,400,400,2.5 GT/s PCIe,1
33.150060,card2,400,400,2.5 GT/s PCIe,1
33.150060,card3,400,400,2.5 GT/s PCIe,1
33.200049,card2,400,400,2.5 GT/s PCIe,1
33.200049,card3,400,400,2.5 GT/s PCIe,1
33.250058,card2,400,400,2.5 GT/s PCIe,1
33.250058,card3,400,400,2.5 GT/s PCIe,1
33.300053,card2,400,400,2.5 GT/s PCIe,1
33.300053,card3,400,400,2.5 GT/s PCIe,1
33.350049,card2,400,517,2.5 GT/s PCIe,1
33.350049,card3,400,517,2.5 GT/s PCIe,1
33.400050,card2,400,400,2.5 GT/s PCIe,1
33.400050,card3,400,400,2.5 GT/s PCIe,1
33.450049,card2,400,400,2.5 GT/s PCIe,1
33.450049,card3,400,400,2.5 GT/s PCIe,1
33.500062,card2,400,400,2.5 GT/s PCIe,1
33.500062,card3,400,400,2.5 GT/s PCIe,1
33.550048,card2,400,400,2.5 GT/s PCIe,1
33.550048,card3,400,400,2.5 GT/s PCIe,1
33.600057,card2,400,400,2.5 GT/s PCIe,1
33.600057,card3,400,400,2.5 GT/s PCIe,1
33.650050,card2,400,400,2.5 GT/s PCIe,1
33.650050,card3,400,400,2.5 GT/s PCIe,1
33.700060,card2,400,517,2.5 GT/s PCIe,1
33.700060,card3,400,517,2.5 GT/s PCIe,1
33.750062,card2,400,400,2.5 GT/s PCIe,1
33.750062,card3,400,400,2.5 GT/s PCIe,1
33.800050,card2,400,400,2.5 GT/s PCIe,1
33.800050,card3,400,400,2.5 GT/s PCIe,1
33.850062,card2,400,400,2.5 GT/s PCIe,1
33.850062,card3,400,400,2.5 GT/s PCIe,1
33.900048,card2,400,400,2.5 GT/s PCIe,1
33.900048,card3,400,400,2.5 GT/s PCIe,1
33.950048,card2,400,400,2.5 GT/s PCIe,1
33.950048,card3,400,400,2.5 GT/s PCIe,1
34.000049,card2,400,400,2.5 GT/s PCIe,1
34.000049,card3,400,400,2.5 GT/s PCIe,1
34.050048,card2,400,400,2.5 GT/s PCIe,1
34.050048,card3,400,400,2.5 GT/s PCIe,1
34.100048,card2,400,400,2.5 GT/s PCIe,1
34.100048,card3,400,400,2.5 GT/s PCIe,1
34.150049,card2,400,400,2.5 GT/s PCIe,1
34.150049,card3,400,400,2.5 GT/s PCIe,1
34.200061,card2,400,400,2.5 GT/s PCIe,1
34.200061,card3,400,400,2.5 GT/s PCIe,1
34.250048,card2,400,400,2.5 GT/s PCIe,1
34.250048,card3,400,400,2.5 GT/s PCIe,1
34.300056,card2,400,400,2.5 GT/s PCIe,1
34.300056,card3,400,400,2.5 GT/s PCIe,1
34.350048,card2,400,400,2.5 GT/s PCIe,1
34.350048,card3,400,400,2.5 GT/s PCIe,1
34.400048,card2,400,400,2.5 GT/s PCIe,1
34.400048,card3,400,400,2.5 GT/s PCIe,1
34.450053,card2,400,400,2.5 GT/s PCIe,1
34.450053,card3,400,400,2.5 GT/s PCIe,1
34.500066,card2,400,400,2.5 GT/s PCIe,1
34.500066,card3,400,400,2.5 GT/s PCIe,1
34.550059,card2,400,400,2.5 GT/s PCIe,1
34.550059,card3,400,400,2.5 GT/s PCIe,1
34.600048,card2,400,400,2.5 GT/s PCIe,1
34.600048,card3,400,400,2.5 GT/s PCIe,1
34.650050,card2,400,400,2.5 GT/s PCIe,1
34.650050,card3,400,400,2.5 GT/s PCIe,1
34.700050,card2,400,400,2.5 GT/s PCIe,1
34.700050,card3,400,400,2.5 GT/s PCIe,1
34.750053,card2,400,400,2.5 GT/s PCIe,1
34.750053,card3,400,400,2.5 GT/s PCIe,1
34.800054,card2,400,400,2.5 GT/s PCIe,1
34.800054,card3,400,400,2.5 GT/s PCIe,1
34.850049,card2,400,400,2.5 GT/s PCIe,1
34.850049,card3,400,400,2.5 GT/s PCIe,1
34.900060,card2,400,400,2.5 GT/s PCIe,1
34.900060,card3,400,400,2.5 GT/s PCIe,1
34.950049,card2,400,400,2.5 GT/s PCIe,1
34.950049,card3,400,400,2.5 GT/s PCIe,1
35.000050,card2,400,400,2.5 GT/s PCIe,1
35.000050,card3,400,400,2.5 GT/s PCIe,1
35.050048,card2,400,400,2.5 GT/s PCIe,1
35.050048,card3,400,400,2.5 GT/s PCIe,1
35.100062,card2,400,400,2.5 GT/s PCIe,1
35.100062,card3,400,400,2.5 GT/s PCIe,1
35.150061,card2,400,400,2.5 GT/s PCIe,1
35.150061,card3,400,400,2.5 GT/s PCIe,1
35.200058,card2,400,400,2.5 GT/s PCIe,1
35.200058,card3,400,400,2.5 GT/s PCIe,1
35.250048,card2,400,400,2.5 GT/s PCIe,1
35.250048,card3,400,400,2.5 GT/s PCIe,1
35.300049,card2,400,400,2.5 GT/s PCIe,1
35.300049,card3,400,517,2.5 GT/s PCIe,1
35.350049,card2,400,400,2.5 GT/s PCIe,1
35.350049,card3,400,400,2.5 GT/s PCIe,1
35.400050,card2,400,400,2.5 GT/s PCIe,1
35.400050,card3,400,400,2.5 GT/s PCIe,1
35.450061,card2,400,400,2.5 GT/s PCIe,1
35.450061,card3,400,400,2.5 GT/s PCIe,1
35.500055,card2,400,400,2.5 GT/s PCIe,1
35.500055,card3,400,400,2.5 GT/s PCIe,1
35.550049,card2,400,400,2.5 GT/s PCIe,1
35.550049,card3,400,400,2.5 GT/s PCIe,1
35.600058,card2,400,400,2.5 GT/s PCIe,1
35.600058,card3,400,400,2.5 GT/s PCIe,1
35.650051,card2,400,400,2.5 GT/s PCIe,1
35.650051,card3,400,400,2.5 GT/s PCIe,1
35.700060,card2,400,400,2.5 GT/s PCIe,1
35.700060,card3,400,517,2.5 GT/s PCIe,1
35.750050,card2,400,400,2.5 GT/s PCIe,1
35.750050,card3,400,400,2.5 GT/s PCIe,1
35.800049,card2,400,400,2.5 GT/s PCIe,1
35.800049,card3,400,400,2.5 GT/s PCIe,1
35.850048,card2,400,400,2.5 GT/s PCIe,1
35.850048,card3,400,400,2.5 GT/s PCIe,1
35.900070,card2,400,400,2.5 GT/s PCIe,1
35.900070,card3,400,400,2.5 GT/s PCIe,1
35.950059,card2,400,400,2.5 GT/s PCIe,1
35.950059,card3,400,400,2.5 GT/s PCIe,1
36.000049,card2,400,400,2.5 GT/s PCIe,1
36.000049,card3,400,400,2.5 GT/s PCIe,1
36.050054,card2,400,400,2.5 GT/s PCIe,1
36.050054,card3,400,400,2.5 GT/s PCIe,1
36.100060,card2,400,400,2.5 GT/s PCIe,1
36.100060,card3,400,400,2.5 GT/s PCIe,1
36.150049,card2,400,400,2.5 GT/s PCIe,1
36.150049,card3,400,400,2.5 GT/s PCIe,1
36.200058,card2,400,400,2.5 GT/s PCIe,1
36.200058,card3,400,400,2.5 GT/s PCIe,1
36.250049,card2,400,400,2.5 GT/s PCIe,1
36.250049,card3,400,400,2.5 GT/s PCIe,1
36.300049,card2,400,400,2.5 GT/s PCIe,1
36.300049,card3,400,400,2.5 GT/s PCIe,1
36.350063,card2,400,400,2.5 GT/s PCIe,1
36.350063,card3,400,400,2.5 GT/s PCIe,1
36.400048,card2,400,400,2.5 GT/s PCIe,1
36.400048,card3,400,517,2.5 GT/s PCIe,1
36.450049,card2,400,400,2.5 GT/s PCIe,1
36.450049,card3,400,400,2.5 GT/s PCIe,1
36.500059,card2,400,400,2.5 GT/s PCIe,1
36.500059,card3,400,517,2.5 GT/s PCIe,1
36.550049,card2,400,400,2.5 GT/s PCIe,1
36.550049,card3,400,517,2.5 GT/s PCIe,1
36.600058,card2,400,400,2.5 GT/s PCIe,1
36.600058,card3,400,400,2.5 GT/s PCIe,1
36.650061,card2,400,400,2.5 GT/s PCIe,1
36.650061,card3,400,400,2.5 GT/s PCIe,1
36.700048,card2,400,400,2.5 GT/s PCIe,1
36.700048,card3,400,400,2.5 GT/s PCIe,1
36.750049,card2,400,400,2.5 GT/s PCIe,1
36.750049,card3,400,400,2.5 GT/s PCIe,1
36.800057,card2,400,400,2.5 GT/s PCIe,1
36.800057,card3,400,400,2.5 GT/s PCIe,1
36.850048,card2,400,400,2.5 GT/s PCIe,1
36.850048,card3,400,400,2.5 GT/s PCIe,1
36.900049,card2,400,400,2.5 GT/s PCIe,1
36.900049,card3,400,400,2.5 GT/s PCIe,1
36.950057,card2,400,400,2.5 GT/s PCIe,1
36.950057,card3,400,400,2.5 GT/s PCIe,1
37.000048,card2,400,400,2.5 GT/s PCIe,1
37.000048,card3,400,400,2.5 GT/s PCIe,1
37.050055,card2,400,400,2.5 GT/s PCIe,1
37.050055,card3,400,400,2.5 GT/s PCIe,1
37.100063,card2,400,400,2.5 GT/s PCIe,1
37.100063,card3,400,400,2.5 GT/s PCIe,1
37.150058,card2,400,400,2.5 GT/s PCIe,1
37.150058,card3,400,517,2.5 GT/s PCIe,1
37.200053,card2,400,400,2.5 GT/s PCIe,1
37.200053,card3,400,400,2.5 GT/s PCIe,1
37.250064,card2,400,400,2.5 GT/s PCIe,1
37.250064,card3,400,400,2.5 GT/s PCIe,1
37.300050,card2,400,400,2.5 GT/s PCIe,1
37.300050,card3,400,400,2.5 GT/s PCIe,1
37.350061,card2,400,400,2.5 GT/s PCIe,1
37.350061,card3,400,400,2.5 GT/s PCIe,1
37.400048,card2,400,400,2.5 GT/s PCIe,1
37.400048,card3,400,400,2.5 GT/s PCIe,1
37.450070,card2,400,400,2.5 GT/s PCIe,1
37.450070,card3,400,400,2.5 GT/s PCIe,1
37.500049,card2,400,400,2.5 GT/s PCIe,1
37.500049,card3,400,400,2.5 GT/s PCIe,1
37.550058,card2,400,400,2.5 GT/s PCIe,1
37.550058,card3,400,400,2.5 GT/s PCIe,1
37.600049,card2,400,400,2.5 GT/s PCIe,1
37.600049,card3,400,400,2.5 GT/s PCIe,1
37.650055,card2,400,400,2.5 GT/s PCIe,1
37.650055,card3,400,400,2.5 GT/s PCIe,1
37.700049,card2,400,400,2.5 GT/s PCIe,1
37.700049,card3,400,400,2.5 GT/s PCIe,1
37.750049,card2,400,400,2.5 GT/s PCIe,1
37.750049,card3,400,400,2.5 GT/s PCIe,1
37.800050,card2,400,400,2.5 GT/s PCIe,1
37.800050,card3,400,400,2.5 GT/s PCIe,1
37.850059,card2,400,400,2.5 GT/s PCIe,1
37.850059,card3,400,400,2.5 GT/s PCIe,1
37.900049,card2,400,400,2.5 GT/s PCIe,1
37.900049,card3,400,400,2.5 GT/s PCIe,1
37.950050,card2,400,400,2.5 GT/s PCIe,1
37.950050,card3,400,400,2.5 GT/s PCIe,1
38.000049,card2,400,400,2.5 GT/s PCIe,1
38.000049,card3,400,517,2.5 GT/s PCIe,1
38.050051,card2,400,400,2.5 GT/s PCIe,1
38.050051,card3,400,400,2.5 GT/s PCIe,1
38.100062,card2,400,400,2.5 GT/s PCIe,1
38.100062,card3,400,400,2.5 GT/s PCIe,1
38.150061,card2,400,517,2.5 GT/s PCIe,1
38.150061,card3,400,517,2.5 GT/s PCIe,1
38.200050,card2,400,400,2.5 GT/s PCIe,1
38.200050,card3,400,400,2.5 GT/s PCIe,1
38.250049,card2,400,400,2.5 GT/s PCIe,1
38.250049,card3,400,400,2.5 GT/s PCIe,1
38.300071,card2,400,400,2.5 GT/s PCIe,1
38.300071,card3,400,400,2.5 GT/s PCIe,1
38.350050,card2,400,400,2.5 GT/s PCIe,1
38.350050,card3,400,400,2.5 GT/s PCIe,1
38.400060,card2,400,400,2.5 GT/s PCIe,1
38.400060,card3,400,400,2.5 GT/s PCIe,1
38.450049,card2,400,400,2.5 GT/s PCIe,1
38.450049,card3,400,400,2.5 GT/s PCIe,1
38.500050,card2,400,400,2.5 GT/s PCIe,1
38.500050,card3,400,400,2.5 GT/s PCIe,1
38.550048,card2,400,517,2.5 GT/s PCIe,1
38.550048,card3,400,517,2.5 GT/s PCIe,1
38.600060,card2,400,400,2.5 GT/s PCIe,1
38.600060,card3,400,400,2.5 GT/s PCIe,1
38.650051,card2,400,400,2.5 GT/s PCIe,1
38.650051,card3,400,400,2.5 GT/s PCIe,1
38.700054,card2,400,400,2.5 GT/s PCIe,1
38.700054,card3,400,400,2.5 GT/s PCIe,1
38.750058,card2,400,400,2.5 GT/s PCIe,1
38.750058,card3,400,400,2.5 GT/s PCIe,1
38.800049,card2,400,400,2.5 GT/s PCIe,1
38.800049,card3,400,400,2.5 GT/s PCIe,1
38.850058,card2,400,400,2.5 GT/s PCIe,1
38.850058,card3,400,400,2.5 GT/s PCIe,1
38.900049,card2,400,400,2.5 GT/s PCIe,1
38.900049,card3,400,400,2.5 GT/s PCIe,1
38.950050,card2,400,400,2.5 GT/s PCIe,1
38.950050,card3,400,400,2.5 GT/s PCIe,1
39.000061,card2,400,400,2.5 GT/s PCIe,1
39.000061,card3,400,400,2.5 GT/s PCIe,1
39.050050,card2,400,400,2.5 GT/s PCIe,1
39.050050,card3,400,400,2.5 GT/s PCIe,1
39.100058,card2,400,400,2.5 GT/s PCIe,1
39.100058,card3,400,400,2.5 GT/s PCIe,1
39.150049,card2,400,400,2.5 GT/s PCIe,1
39.150049,card3,400,400,2.5 GT/s PCIe,1
39.200049,card2,400,400,2.5 GT/s PCIe,1
39.200049,card3,400,400,2.5 GT/s PCIe,1
39.250050,card2,400,400,2.5 GT/s PCIe,1
39.250050,card3,400,400,2.5 GT/s PCIe,1
39.300062,card2,400,400,2.5 GT/s PCIe,1
39.300062,card3,400,400,2.5 GT/s PCIe,1
39.350059,card2,400,400,2.5 GT/s PCIe,1
39.350059,card3,400,400,2.5 GT/s PCIe,1
39.400053,card2,400,400,2.5 GT/s PCIe,1
39.400053,card3,400,400,2.5 GT/s PCIe,1
39.450067,card2,400,400,2.5 GT/s PCIe,1
39.450067,card3,400,400,2.5 GT/s PCIe,1
39.500052,card2,400,400,2.5 GT/s PCIe,1
39.500052,card3,400,400,2.5 GT/s PCIe,1
39.550049,card2,400,400,2.5 GT/s PCIe,1
39.550049,card3,400,400,2.5 GT/s PCIe,1
39.600047,card2,400,400,2.5 GT/s PCIe,1
39.600047,card3,400,400,2.5 GT/s PCIe,1
39.650049,card2,400,517,2.5 GT/s PCIe,1
39.650049,card3,400,517,2.5 GT/s PCIe,1
39.700049,card2,400,400,2.5 GT/s PCIe,1
39.700049,card3,400,400,2.5 GT/s PCIe,1
39.750048,card2,400,400,2.5 GT/s PCIe,1
39.750048,card3,400,400,2.5 GT/s PCIe,1
39.800048,card2,400,400,2.5 GT/s PCIe,1
39.800048,card3,400,400,2.5 GT/s PCIe,1
39.850049,card2,400,400,2.5 GT/s PCIe,1
39.850049,card3,400,400,2.5 GT/s PCIe,1
39.900048,card2,400,400,2.5 GT/s PCIe,1
39.900048,card3,400,400,2.5 GT/s PCIe,1
39.950048,card2,400,400,2.5 GT/s PCIe,1
39.950048,card3,400,400,2.5 GT/s PCIe,1
40.000048,card2,400,400,2.5 GT/s PCIe,1
40.000048,card3,400,400,2.5 GT/s PCIe,1
40.050058,card2,400,400,2.5 GT/s PCIe,1
40.050058,card3,400,400,2.5 GT/s PCIe,1
40.100048,card2,400,400,2.5 GT/s PCIe,1
40.100048,card3,400,400,2.5 GT/s PCIe,1
40.150049,card2,400,400,2.5 GT/s PCIe,1
40.150049,card3,400,400,2.5 GT/s PCIe,1
40.200048,card2,400,400,2.5 GT/s PCIe,1
40.200048,card3,400,400,2.5 GT/s PCIe,1
40.250049,card2,400,400,2.5 GT/s PCIe,1
40.250049,card3,400,400,2.5 GT/s PCIe,1
40.300048,card2,400,400,2.5 GT/s PCIe,1
40.300048,card3,400,517,2.5 GT/s PCIe,1
40.350060,card2,400,400,2.5 GT/s PCIe,1
40.350060,card3,400,400,2.5 GT/s PCIe,1
40.400049,card2,400,400,2.5 GT/s PCIe,1
40.400049,card3,400,400,2.5 GT/s PCIe,1
40.450060,card2,400,400,2.5 GT/s PCIe,1
40.450060,card3,400,400,2.5 GT/s PCIe,1
40.500049,card2,400,400,2.5 GT/s PCIe,1
40.500049,card3,400,400,2.5 GT/s PCIe,1
40.550053,card2,400,400,2.5 GT/s PCIe,1
40.550053,card3,400,400,2.5 GT/s PCIe,1
40.600059,card2,400,400,2.5 GT/s PCIe,1
40.600059,card3,400,400,2.5 GT/s PCIe,1
40.650058,card2,400,400,2.5 GT/s PCIe,1
40.650058,card3,400,400,2.5 GT/s PCIe,1
40.700062,card2,400,517,2.5 GT/s PCIe,1
40.700062,card3,400,400,2.5 GT/s PCIe,1
40.750115,card2,550,550,2.5 GT/s PCIe,1
40.750115,card3,400,517,2.5 GT/s PCIe,1
40.800081,card2,2800,2800,2.5 GT/s PCIe,1
40.800081,card3,400,400,2.5 GT/s PCIe,1
40.850094,card2,2800,2800,2.5 GT/s PCIe,1
40.850094,card3,400,400,2.5 GT/s PCIe,1
40.900082,card2,2800,0,2.5 GT/s PCIe,1
40.900082,card3,400,400,2.5 GT/s PCIe,1
40.950077,card2,2750,2750,2.5 GT/s PCIe,1
40.950077,card3,400,400,2.5 GT/s PCIe,1
41.000069,card2,2750,2750,2.5 GT/s PCIe,1
41.000069,card3,400,400,2.5 GT/s PCIe,1
41.050072,card2,2750,2750,2.5 GT/s PCIe,1
41.050072,card3,400,400,2.5 GT/s PCIe,1
41.100065,card2,1933,1950,2.5 GT/s PCIe,1
41.100065,card3,400,400,2.5 GT/s PCIe,1
41.150062,card2,1350,1350,2.5 GT/s PCIe,1
41.150062,card3,400,400,2.5 GT/s PCIe,1
41.200070,card2,1650,1650,2.5 GT/s PCIe,1
41.200070,card3,400,400,2.5 GT/s PCIe,1
41.250078,card2,2800,2800,2.5 GT/s PCIe,1
41.250078,card3,400,517,2.5 GT/s PCIe,1
41.300099,card2,2800,2800,2.5 GT/s PCIe,1
41.300099,card3,400,400,2.5 GT/s PCIe,1
41.350063,card2,2800,0,2.5 GT/s PCIe,1
41.350063,card3,400,400,2.5 GT/s PCIe,1
41.400080,card2,2800,2800,2.5 GT/s PCIe,1
41.400080,card3,400,400,2.5 GT/s PCIe,1
41.450074,card2,2183,0,2.5 GT/s PCIe,1
41.450074,card3,400,400,2.5 GT/s PCIe,1
41.500068,card2,2183,2200,2.5 GT/s PCIe,1
41.500068,card3,400,400,2.5 GT/s PCIe,1
41.550074,card2,1700,1700,2.5 GT/s PCIe,1
41.550074,card3,400,400,2.5 GT/s PCIe,1
41.600063,card2,1200,1200,2.5 GT/s PCIe,1
41.600063,card3,400,400,2.5 GT/s PCIe,1
41.650088,card2,2800,2800,2.5 GT/s PCIe,1
41.650088,card3,400,400,2.5 GT/s PCIe,1
41.700067,card2,2800,2800,2.5 GT/s PCIe,1
41.700067,card3,400,400,2.5 GT/s PCIe,1
41.750058,card2,2800,2800,2.5 GT/s PCIe,1
41.750058,card3,400,517,2.5 GT/s PCIe,1
41.800061,card2,2800,2800,2.5 GT/s PCIe,1
41.800061,card3,400,400,2.5 GT/s PCIe,1
41.850064,card2,2800,2800,2.5 GT/s PCIe,1
41.850064,card3,400,400,2.5 GT/s PCIe,1
41.900061,card2,2800,2800,2.5 GT/s PCIe,1
41.900061,card3,400,400,2.5 GT/s PCIe,1
41.950054,card2,2800,2800,2.5 GT/s PCIe,1
41.950054,card3,400,400,2.5 GT/s PCIe,1
42.000049,card2,2800,2800,2.5 GT/s PCIe,1
42.000049,card3,400,400,2.5 GT/s PCIe,1
42.050051,card2,2800,2800,2.5 GT/s PCIe,1
42.050051,card3,400,400,2.5 GT/s PCIe,1
42.100049,card2,2800,2800,2.5 GT/s PCIe,1
42.100049,card3,400,400,2.5 GT/s PCIe,1
42.150050,card2,2800,2800,2.5 GT/s PCIe,1
42.150050,card3,400,400,2.5 GT/s PCIe,1
42.200060,card2,2800,2800,2.5 GT/s PCIe,1
42.200060,card3,400,400,2.5 GT/s PCIe,1
42.250050,card2,2800,2800,2.5 GT/s PCIe,1
42.250050,card3,400,400,2.5 GT/s PCIe,1
42.300051,card2,2800,2800,2.5 GT/s PCIe,1
42.300051,card3,400,400,2.5 GT/s PCIe,1
42.350062,card2,2800,2800,2.5 GT/s PCIe,1
42.350062,card3,400,400,2.5 GT/s PCIe,1
42.400065,card2,2800,2800,2.5 GT/s PCIe,1
42.400065,card3,400,400,2.5 GT/s PCIe,1
42.450052,card2,2800,2800,2.5 GT/s PCIe,1
42.450052,card3,400,517,2.5 GT/s PCIe,1
42.500050,card2,2800,2800,2.5 GT/s PCIe,1
42.500050,card3,400,400,2.5 GT/s PCIe,1
42.550054,card2,2800,2800,2.5 GT/s PCIe,1
42.550054,card3,400,400,2.5 GT/s PCIe,1
42.600050,card2,2800,2800,2.5 GT/s PCIe,1
42.600050,card3,400,400,2.5 GT/s PCIe,1
42.650059,card2,2800,2800,2.5 GT/s PCIe,1
42.650059,card3,400,517,2.5 GT/s PCIe,1
42.700051,card2,2800,2800,2.5 GT/s PCIe,1
42.700051,card3,400,400,2.5 GT/s PCIe,1
42.750056,card2,2800,2800,2.5 GT/s PCIe,1
42.750056,card3,400,400,2.5 GT/s PCIe,1
42.800063,card2,2800,2800,2.5 GT/s PCIe,1
42.800063,card3,400,400,2.5 GT/s PCIe,1
42.850073,card2,2800,2800,2.5 GT/s PCIe,1
42.850073,card3,400,400,2.5 GT/s PCIe,1
42.900055,card2,2800,2800,2.5 GT/s PCIe,1
42.900055,card3,400,400,2.5 GT/s PCIe,1
42.950061,card2,2800,2800,2.5 GT/s PCIe,1
42.950061,card3,400,400,2.5 GT/s PCIe,1
43.000059,card2,2800,2800,2.5 GT/s PCIe,1
43.000059,card3,400,400,2.5 GT/s PCIe,1
43.050050,card2,2800,2800,2.5 GT/s PCIe,1
43.050050,card3,400,400,2.5 GT/s PCIe,1
43.100049,card2,2800,2800,2.5 GT/s PCIe,1
43.100049,card3,400,400,2.5 GT/s PCIe,1
43.150050,card2,2800,2800,2.5 GT/s PCIe,1
43.150050,card3,400,400,2.5 GT/s PCIe,1
43.200063,card2,2800,2800,2.5 GT/s PCIe,1
43.200063,card3,400,400,2.5 GT/s PCIe,1
43.250049,card2,2800,2800,2.5 GT/s PCIe,1
43.250049,card3,400,400,2.5 GT/s PCIe,1
43.300119,card2,2800,2800,2.5 GT/s PCIe,1
43.300119,card3,400,400,2.5 GT/s PCIe,1
43.350081,card2,2800,2633,2.5 GT/s PCIe,1
43.350081,card3,400,400,2.5 GT/s PCIe,1
43.400093,card2,2800,2800,2.5 GT/s PCIe,1
43.400093,card3,400,400,2.5 GT/s PCIe,1
43.450068,card2,1967,2000,2.5 GT/s PCIe,1
43.450068,card3,400,517,2.5 GT/s PCIe,1
43.500089,card2,1967,2000,2.5 GT/s PCIe,1
43.500089,card3,400,400,2.5 GT/s PCIe,1
43.550086,card2,1383,1400,2.5 GT/s PCIe,1
43.550086,card3,400,400,2.5 GT/s PCIe,1
43.600060,card2,983,1000,2.5 GT/s PCIe,1
43.600060,card3,400,400,2.5 GT/s PCIe,1
43.650052,card2,2800,2800,2.5 GT/s PCIe,1
43.650052,card3,400,400,2.5 GT/s PCIe,1
43.700068,card2,2800,2800,2.5 GT/s PCIe,1
43.700068,card3,400,400,2.5 GT/s PCIe,1
43.750051,card2,2800,2800,2.5 GT/s PCIe,1
43.750051,card3,400,400,2.5 GT/s PCIe,1
43.800050,card2,1967,2000,2.5 GT/s PCIe,1
43.800050,card3,400,400,2.5 GT/s PCIe,1
43.850050,card2,2800,2800,2.5 GT/s PCIe,1
43.850050,card3,400,517,2.5 GT/s PCIe,1
43.900049,card2,2800,2800,2.5 GT/s PCIe,1
43.900049,card3,400,517,2.5 GT/s PCIe,1
43.950050,card2,2800,2800,2.5 GT/s PCIe,1
43.950050,card3,400,400,2.5 GT/s PCIe,1
44.000049,card2,2800,2800,2.5 GT/s PCIe,1
44.000049,card3,400,400,2.5 GT/s PCIe,1
44.050050,card2,2117,2150,2.5 GT/s PCIe,1
44.050050,card3,400,400,2.5 GT/s PCIe,1
44.100050,card2,2800,2800,2.5 GT/s PCIe,1
44.100050,card3,400,400,2.5 GT/s PCIe,1
44.150061,card2,2800,2800,2.5 GT/s PCIe,1
44.150061,card3,400,400,2.5 GT/s PCIe,1
44.200052,card2,2800,2800,2.5 GT/s PCIe,1
44.200052,card3,400,517,2.5 GT/s PCIe,1
44.250062,card2,2133,2150,2.5 GT/s PCIe,1
44.250062,card3,400,400,2.5 GT/s PCIe,1
44.300054,card2,2800,2800,2.5 GT/s PCIe,1
44.300054,card3,400,400,2.5 GT/s PCIe,1
44.350058,card2,2800,2800,2.5 GT/s PCIe,1
44.350058,card3,400,400,2.5 GT/s PCIe,1
44.400072,card2,2800,2800,2.5 GT/s PCIe,1
44.400072,card3,400,400,2.5 GT/s PCIe,1
44.450060,card2,2800,2800,2.5 GT/s PCIe,1
44.450060,card3,400,400,2.5 GT/s PCIe,1
44.500063,card2,2800,2800,2.5 GT/s PCIe,1
44.500063,card3,400,400,2.5 GT/s PCIe,1
44.550049,card2,2800,2800,2.5 GT/s PCIe,1
44.550049,card3,400,400,2.5 GT/s PCIe,1
44.600057,card2,2800,0,2.5 GT/s PCIe,1
44.600057,card3,400,400,2.5 GT/s PCIe,1
44.650063,card2,2800,2800,2.5 GT/s PCIe,1
44.650063,card3,400,400,2.5 GT/s PCIe,1
44.700051,card2,2100,2100,2.5 GT/s PCIe,1
44.700051,card3,400,400,2.5 GT/s PCIe,1
44.750061,card2,2800,2800,2.5 GT/s PCIe,1
44.750061,card3,400,400,2.5 GT/s PCIe,1
44.800075,card2,2800,2800,2.5 GT/s PCIe,1
44.800075,card3,400,400,2.5 GT/s PCIe,1
44.850054,card2,2800,2800,2.5 GT/s PCIe,1
44.850054,card3,400,400,2.5 GT/s PCIe,1
44.900052,card2,2800,2800,2.5 GT/s PCIe,1
44.900052,card3,400,400,2.5 GT/s PCIe,1
44.950069,card2,2117,2150,2.5 GT/s PCIe,1
44.950069,card3,400,400,2.5 GT/s PCIe,1
45.000059,card2,2800,2800,2.5 GT/s PCIe,1
45.000059,card3,400,400,2.5 GT/s PCIe,1
45.050057,card2,2800,2800,2.5 GT/s PCIe,1
45.050057,card3,400,400,2.5 GT/s PCIe,1
45.100050,card2,2800,2800,2.5 GT/s PCIe,1
45.100050,card3,400,400,2.5 GT/s PCIe,1
45.150059,card2,2800,2800,2.5 GT/s PCIe,1
45.150059,card3,400,400,2.5 GT/s PCIe,1
45.200058,card2,2800,2800,2.5 GT/s PCIe,1
45.200058,card3,400,517,2.5 GT/s PCIe,1
45.250048,card2,2800,2800,2.5 GT/s PCIe,1
45.250048,card3,400,517,2.5 GT/s PCIe,1
45.300059,card2,2800,2800,2.5 GT/s PCIe,1
45.300059,card3,400,400,2.5 GT/s PCIe,1
45.350048,card2,1967,2000,2.5 GT/s PCIe,1
45.350048,card3,400,400,2.5 GT/s PCIe,1
45.400050,card2,2800,2800,2.5 GT/s PCIe,1
45.400050,card3,400,400,2.5 GT/s PCIe,1
45.450068,card2,2800,2800,2.5 GT/s PCIe,1
45.450068,card3,400,400,2.5 GT/s PCIe,1
45.500049,card2,2800,2800,2.5 GT/s PCIe,1
45.500049,card3,400,400,2.5 GT/s PCIe,1
45.550068,card2,2150,2150,2.5 GT/s PCIe,1
45.550068,card3,400,517,2.5 GT/s PCIe,1
45.600054,card2,2800,0,2.5 GT/s PCIe,1
45.600054,card3,400,400,2.5 GT/s PCIe,1
45.650053,card2,2800,2800,2.5 GT/s PCIe,1
45.650053,card3,400,400,2.5 GT/s PCIe,1
45.700054,card2,2800,2800,2.5 GT/s PCIe,1
45.700054,card3,400,400,2.5 GT/s PCIe,1
45.750061,card2,2783,2633,2.5 GT/s PCIe,1
45.750061,card3,400,400,2.5 GT/s PCIe,1
45.800050,card2,2800,2800,2.5 GT/s PCIe,1
45.800050,card3,400,400,2.5 GT/s PCIe,1
45.850066,card2,2800,2800,2.5 GT/s PCIe,1
45.850066,card3,400,400,2.5 GT/s PCIe,1
45.900059,card2,2800,2800,2.5 GT/s PCIe,1
45.900059,card3,400,400,2.5 GT/s PCIe,1
45.950051,card2,2250,2250,2.5 GT/s PCIe,1
45.950051,card3,400,400,2.5 GT/s PCIe,1
46.000049,card2,2800,2800,2.5 GT/s PCIe,1
46.000049,card3,400,400,2.5 GT/s PCIe,1
46.050049,card2,2800,2800,2.5 GT/s PCIe,1
46.050049,card3,400,400,2.5 GT/s PCIe,1
46.100059,card2,2800,2800,2.5 GT/s PCIe,1
46.100059,card3,400,400,2.5 GT/s PCIe,1
46.150059,card2,1967,2000,2.5 GT/s PCIe,1
46.150059,card3,400,400,2.5 GT/s PCIe,1
46.200052,card2,1717,1750,2.5 GT/s PCIe,1
46.200052,card3,400,400,2.5 GT/s PCIe,1
46.250049,card2,2800,2800,2.5 GT/s PCIe,1
46.250049,card3,400,400,2.5 GT/s PCIe,1
46.300059,card2,2800,2800,2.5 GT/s PCIe,1
46.300059,card3,400,400,2.5 GT/s PCIe,1
46.350100,card2,2800,2800,2.5 GT/s PCIe,1
46.350100,card3,400,400,2.5 GT/s PCIe,1
46.400049,card2,1967,2000,2.5 GT/s PCIe,1
46.400049,card3,400,400,2.5 GT/s PCIe,1
46.450061,card2,2800,2800,2.5 GT/s PCIe,1
46.450061,card3,400,517,2.5 GT/s PCIe,1
46.500058,card2,2800,2800,2.5 GT/s PCIe,1
46.500058,card3,400,400,2.5 GT/s PCIe,1
46.550051,card2,2800,2800,2.5 GT/s PCIe,1
46.550051,card3,400,400,2.5 GT/s PCIe,1
46.600051,card2,2800,2800,2.5 GT/s PCIe,1
46.600051,card3,400,400,2.5 GT/s PCIe,1
46.650054,card2,2800,2800,2.5 GT/s PCIe,1
46.650054,card3,400,400,2.5 GT/s PCIe,1
46.700054,card2,2800,2800,2.5 GT/s PCIe,1
46.700054,card3,400,400,2.5 GT/s PCIe,1
46.750060,card2,2800,2800,2.5 GT/s PCIe,1
46.750060,card3,400,517,2.5 GT/s PCIe,1
46.800050,card2,2800,2800,2.5 GT/s PCIe,1
46.800050,card3,400,400,2.5 GT/s PCIe,1
46.850051,card2,2800,2800,2.5 GT/s PCIe,1
46.850051,card3,400,400,2.5 GT/s PCIe,1
46.900081,card2,2800,0,2.5 GT/s PCIe,1
46.900081,card3,400,400,2.5 GT/s PCIe,1
46.950078,card2,2800,2800,2.5 GT/s PCIe,1
46.950078,card3,400,400,2.5 GT/s PCIe,1
47.000055,card2,2800,2800,2.5 GT/s PCIe,1
47.000055,card3,400,400,2.5 GT/s PCIe,1
47.050055,card2,2350,2350,2.5 GT/s PCIe,1
47.050055,card3,400,400,2.5 GT/s PCIe,1
47.100069,card2,1800,1800,2.5 GT/s PCIe,1
47.100069,card3,400,400,2.5 GT/s PCIe,1
47.150052,card2,2800,2800,2.5 GT/s PCIe,1
47.150052,card3,400,400,2.5 GT/s PCIe,1
47.200050,card2,2800,2800,2.5 GT/s PCIe,1
47.200050,card3,400,400,2.5 GT/s PCIe,1
47.250050,card2,2800,2800,2.5 GT/s PCIe,1
47.250050,card3,400,400,2.5 GT/s PCIe,1
47.300059,card2,2700,2700,2.5 GT/s PCIe,1
47.300059,card3,400,400,2.5 GT/s PCIe,1
47.350050,card2,2800,2800,2.5 GT/s PCIe,1
47.350050,card3,400,400,2.5 GT/s PCIe,1
47.400053,card2,2800,2800,2.5 GT/s PCIe,1
47.400053,card3,400,400,2.5 GT/s PCIe,1
47.450048,card2,2800,2800,2.5 GT/s PCIe,1
47.450048,card3,400,400,2.5 GT/s PCIe,1
47.500058,card2,2800,2800,2.5 GT/s PCIe,1
47.500058,card3,400,400,2.5 GT/s PCIe,1
47.550050,card2,2750,2750,2.5 GT/s PCIe,1
47.550050,card3,400,400,2.5 GT/s PCIe,1
47.600058,card2,2117,2150,2.5 GT/s PCIe,1
47.600058,card3,400,400,2.5 GT/s PCIe,1
47.650057,card2,2800,2800,2.5 GT/s PCIe,1
47.650057,card3,400,517,2.5 GT/s PCIe,1
47.700050,card2,2800,2800,2.5 GT/s PCIe,1
47.700050,card3,400,400,2.5 GT/s PCIe,1
47.750058,card2,2800,2800,2.5 GT/s PCIe,1
47.750058,card3,400,400,2.5 GT/s PCIe,1
47.800059,card2,2150,2150,2.5 GT/s PCIe,1
47.800059,card3,400,400,2.5 GT/s PCIe,1
47.850060,card2,2800,2800,2.5 GT/s PCIe,1
47.850060,card3,400,400,2.5 GT/s PCIe,1
47.900051,card2,2800,2800,2.5 GT/s PCIe,1
47.900051,card3,400,400,2.5 GT/s PCIe,1
47.950061,card2,2800,2800,2.5 GT/s PCIe,1
47.950061,card3,400,400,2.5 GT/s PCIe,1
48.000059,card2,2800,2800,2.5 GT/s PCIe,1
48.000059,card3,400,400,2.5 GT/s PCIe,1
48.050049,card2,2800,2800,2.5 GT/s PCIe,1
48.050049,card3,400,400,2.5 GT/s PCIe,1
48.100056,card2,2800,2800,2.5 GT/s PCIe,1
48.100056,card3,400,400,2.5 GT/s PCIe,1
48.150050,card2,2800,2800,2.5 GT/s PCIe,1
48.150050,card3,400,400,2.5 GT/s PCIe,1
48.200063,card2,2800,2800,2.5 GT/s PCIe,1
48.200063,card3,400,400,2.5 GT/s PCIe,1
48.250079,card2,2800,2800,2.5 GT/s PCIe,1
48.250079,card3,400,400,2.5 GT/s PCIe,1
48.300084,card2,1917,1950,2.5 GT/s PCIe,1
48.300084,card3,400,400,2.5 GT/s PCIe,1
48.350062,card2,2800,2800,2.5 GT/s PCIe,1
48.350062,card3,400,400,2.5 GT/s PCIe,1
48.400050,card2,2800,2800,2.5 GT/s PCIe,1
48.400050,card3,400,400,2.5 GT/s PCIe,1
48.450050,card2,2467,2500,2.5 GT/s PCIe,1
48.450050,card3,400,400,2.5 GT/s PCIe,1
48.500050,card2,2467,2500,2.5 GT/s PCIe,1
48.500050,card3,400,400,2.5 GT/s PCIe,1
48.550057,card2,1733,1750,2.5 GT/s PCIe,1
48.550057,card3,400,400,2.5 GT/s PCIe,1
48.600048,card2,1917,1950,2.5 GT/s PCIe,1
48.600048,card3,400,400,2.5 GT/s PCIe,1
48.650052,card2,2800,2800,2.5 GT/s PCIe,1
48.650052,card3,400,400,2.5 GT/s PCIe,1
48.700060,card2,2800,2800,2.5 GT/s PCIe,1
48.700060,card3,400,400,2.5 GT/s PCIe,1
48.750049,card2,2800,2800,2.5 GT/s PCIe,1
48.750049,card3,400,400,2.5 GT/s PCIe,1
48.800126,card2,2317,2350,2.5 GT/s PCIe,1
48.800126,card3,400,400,2.5 GT/s PCIe,1
48.850050,card2,2800,2800,2.5 GT/s PCIe,1
48.850050,card3,400,400,2.5 GT/s PCIe,1
48.900095,card2,2800,2800,2.5 GT/s PCIe,1
48.900095,card3,400,400,2.5 GT/s PCIe,1
48.950085,card2,2800,2800,2.5 GT/s PCIe,1
48.950085,card3,400,517,2.5 GT/s PCIe,1
49.000083,card2,2800,2800,2.5 GT/s PCIe,1
49.000083,card3,400,517,2.5 GT/s PCIe,1
49.050071,card2,2367,2400,2.5 GT/s PCIe,1
49.050071,card3,400,400,2.5 GT/s PCIe,1
49.100090,card2,2367,0,2.5 GT/s PCIe,1
49.100090,card3,400,400,2.5 GT/s PCIe,1
49.150075,card2,1667,1700,2.5 GT/s PCIe,1
49.150075,card3,400,400,2.5 GT/s PCIe,1
49.200062,card2,1667,1700,2.5 GT/s PCIe,1
49.200062,card3,400,517,2.5 GT/s PCIe,1
49.250053,card2,1183,1200,2.5 GT/s PCIe,1
49.250053,card3,400,400,2.5 GT/s PCIe,1
49.300055,card2,2800,2800,2.5 GT/s PCIe,1
49.300055,card3,400,517,2.5 GT/s PCIe,1
49.350056,card2,2800,2800,2.5 GT/s PCIe,1
49.350056,card3,400,400,2.5 GT/s PCIe,1
49.400063,card2,2800,2800,2.5 GT/s PCIe,1
49.400063,card3,400,400,2.5 GT/s PCIe,1
49.450051,card2,2117,2150,2.5 GT/s PCIe,1
49.450051,card3,400,400,2.5 GT/s PCIe,1
49.500079,card2,2800,2800,2.5 GT/s PCIe,1
49.500079,card3,400,400,2.5 GT/s PCIe,1
49.550061,card2,2800,2800,2.5 GT/s PCIe,1
49.550061,card3,400,400,2.5 GT/s PCIe,1
49.600053,card2,2800,2800,2.5 GT/s PCIe,1
49.600053,card3,400,400,2.5 GT/s PCIe,1
49.650052,card2,2400,2400,2.5 GT/s PCIe,1
49.650052,card3,400,400,2.5 GT/s PCIe,1
49.700052,card2,2400,2400,2.5 GT/s PCIe,1
49.700052,card3,400,400,2.5 GT/s PCIe,1
49.750049,card2,1850,1850,2.5 GT/s PCIe,1
49.750049,card3,400,400,2.5 GT/s PCIe,1
49.800049,card2,2800,2800,2.5 GT/s PCIe,1
49.800049,card3,400,400,2.5 GT/s PCIe,1
49.850051,card2,2800,2800,2.5 GT/s PCIe,1
49.850051,card3,400,400,2.5 GT/s PCIe,1
49.900077,card2,2800,2800,2.5 GT/s PCIe,1
49.900077,card3,400,400,2.5 GT/s PCIe,1
49.950060,card2,1967,2000,2.5 GT/s PCIe,1
49.950060,card3,400,400,2.5 GT/s PCIe,1
50.000052,card2,2800,2800,2.5 GT/s PCIe,1
50.000052,card3,400,400,2.5 GT/s PCIe,1
50.050052,card2,2800,2800,2.5 GT/s PCIe,1
50.050052,card3,400,400,2.5 GT/s PCIe,1
50.100051,card2,2800,2800,2.5 GT/s PCIe,1
50.100051,card3,400,400,2.5 GT/s PCIe,1
50.150049,card2,1967,2000,2.5 GT/s PCIe,1
50.150049,card3,400,400,2.5 GT/s PCIe,1
50.200065,card2,2683,2700,2.5 GT/s PCIe,1
50.200065,card3,400,400,2.5 GT/s PCIe,1
50.250049,card2,2800,2800,2.5 GT/s PCIe,1
50.250049,card3,400,400,2.5 GT/s PCIe,1
50.300048,card2,2800,2800,2.5 GT/s PCIe,1
50.300048,card3,400,400,2.5 GT/s PCIe,1
50.350056,card2,2800,2800,2.5 GT/s PCIe,1
50.350056,card3,400,400,2.5 GT/s PCIe,1
50.400049,card2,2800,2800,2.5 GT/s PCIe,1
50.400049,card3,400,400,2.5 GT/s PCIe,1
50.450054,card2,2800,2800,2.5 GT/s PCIe,1
50.450054,card3,400,400,2.5 GT/s PCIe,1
50.500060,card2,2800,2800,2.5 GT/s PCIe,1
50.500060,card3,400,400,2.5 GT/s PCIe,1
50.550057,card2,2750,2750,2.5 GT/s PCIe,1
50.550057,card3,400,400,2.5 GT/s PCIe,1
50.600071,card2,2750,2750,2.5 GT/s PCIe,1
50.600071,card3,400,400,2.5 GT/s PCIe,1
50.650093,card2,2800,2800,2.5 GT/s PCIe,1
50.650093,card3,400,400,2.5 GT/s PCIe,1
50.700070,card2,2800,2800,2.5 GT/s PCIe,1
50.700070,card3,400,400,2.5 GT/s PCIe,1
50.750061,card2,2800,2800,2.5 GT/s PCIe,1
50.750061,card3,400,400,2.5 GT/s PCIe,1
50.800048,card2,2083,2100,2.5 GT/s PCIe,1
50.800048,card3,400,400,2.5 GT/s PCIe,1
50.850049,card2,2800,2800,2.5 GT/s PCIe,1
50.850049,card3,400,400,2.5 GT/s PCIe,1
50.900070,card2,2800,2800,2.5 GT/s PCIe,1
50.900070,card3,400,400,2.5 GT/s PCIe,1
50.950050,card2,2667,2700,2.5 GT/s PCIe,1
50.950050,card3,400,400,2.5 GT/s PCIe,1
51.000055,card2,2667,2700,2.5 GT/s PCIe,1
51.000055,card3,400,400,2.5 GT/s PCIe,1
51.050049,card2,2267,2300,2.5 GT/s PCIe,1
51.050049,card3,400,400,2.5 GT/s PCIe,1
51.100049,card2,2800,2800,2.5 GT/s PCIe,1
51.100049,card3,400,517,2.5 GT/s PCIe,1
51.150050,card2,2800,2800,2.5 GT/s PCIe,1
51.150050,card3,400,400,2.5 GT/s PCIe,1
51.200057,card2,2800,2800,2.5 GT/s PCIe,1
51.200057,card3,400,400,2.5 GT/s PCIe,1
51.250049,card2,2800,2800,2.5 GT/s PCIe,1
51.250049,card3,400,400,2.5 GT/s PCIe,1
51.300069,card2,2800,2800,2.5 GT/s PCIe,1
51.300069,card3,400,400,2.5 GT/s PCIe,1
51.350052,card2,2800,2800,2.5 GT/s PCIe,1
51.350052,card3,400,400,2.5 GT/s PCIe,1
51.400057,card2,2800,2800,2.5 GT/s PCIe,1
51.400057,card3,400,400,2.5 GT/s PCIe,1
51.450057,card2,2550,2550,2.5 GT/s PCIe,1
51.450057,card3,400,400,2.5 GT/s PCIe,1
51.500061,card2,2800,2800,2.5 GT/s PCIe,1
51.500061,card3,400,400,2.5 GT/s PCIe,1
51.550058,card2,2800,2800,2.5 GT/s PCIe,1
51.550058,card3,400,400,2.5 GT/s PCIe,1
51.600062,card2,2800,2800,2.5 GT/s PCIe,1
51.600062,card3,400,400,2.5 GT/s PCIe,1
51.650050,card2,2600,2600,2.5 GT/s PCIe,1
51.650050,card3,400,400,2.5 GT/s PCIe,1
51.700060,card2,2800,2800,2.5 GT/s PCIe,1
51.700060,card3,400,400,2.5 GT/s PCIe,1
51.750059,card2,2800,2800,2.5 GT/s PCIe,1
51.750059,card3,400,400,2.5 GT/s PCIe,1
51.800049,card2,2800,2800,2.5 GT/s PCIe,1
51.800049,card3,400,400,2.5 GT/s PCIe,1
51.850071,card2,2800,2800,2.5 GT/s PCIe,1
51.850071,card3,400,400,2.5 GT/s PCIe,1
51.900072,card2,1967,2000,2.5 GT/s PCIe,1
51.900072,card3,400,400,2.5 GT/s PCIe,1
51.950050,card2,1967,2000,2.5 GT/s PCIe,1
51.950050,card3,400,400,2.5 GT/s PCIe,1
52.000058,card2,2800,2800,2.5 GT/s PCIe,1
52.000058,card3,400,400,2.5 GT/s PCIe,1
52.050050,card2,2800,2800,2.5 GT/s PCIe,1
52.050050,card3,400,400,2.5 GT/s PCIe,1
52.100050,card2,2800,2800,2.5 GT/s PCIe,1
52.100050,card3,400,400,2.5 GT/s PCIe,1
52.150059,card2,2150,2150,2.5 GT/s PCIe,1
52.150059,card3,400,400,2.5 GT/s PCIe,1
52.200060,card2,2800,2800,2.5 GT/s PCIe,1
52.200060,card3,400,400,2.5 GT/s PCIe,1
52.250062,card2,2800,2800,2.5 GT/s PCIe,1
52.250062,card3,400,400,2.5 GT/s PCIe,1
52.300060,card2,2800,2800,2.5 GT/s PCIe,1
52.300060,card3,400,400,2.5 GT/s PCIe,1
52.350059,card2,1967,2000,2.5 GT/s PCIe,1
52.350059,card3,400,400,2.5 GT/s PCIe,1
52.400048,card2,2800,2800,2.5 GT/s PCIe,1
52.400048,card3,400,400,2.5 GT/s PCIe,1
52.450058,card2,2800,2800,2.5 GT/s PCIe,1
52.450058,card3,400,400,2.5 GT/s PCIe,1
52.500364,card2,2800,2800,2.5 GT/s PCIe,1
52.500364,card3,400,517,2.5 GT/s PCIe,1
52.550048,card2,2033,2050,2.5 GT/s PCIe,1
52.550048,card3,400,400,2.5 GT/s PCIe,1
52.600058,card2,2800,2800,2.5 GT/s PCIe,1
52.600058,card3,400,400,2.5 GT/s PCIe,1
52.650052,card2,2800,2800,2.5 GT/s PCIe,1
52.650052,card3,400,400,2.5 GT/s PCIe,1
52.700061,card2,2800,2800,2.5 GT/s PCIe,1
52.700061,card3,400,400,2.5 GT/s PCIe,1
52.750051,card2,2800,2800,2.5 GT/s PCIe,1
52.750051,card3,400,400,2.5 GT/s PCIe,1
52.800048,card2,2800,2800,2.5 GT/s PCIe,1
52.800048,card3,400,400,2.5 GT/s PCIe,1
52.850048,card2,2150,2150,2.5 GT/s PCIe,1
52.850048,card3,400,400,2.5 GT/s PCIe,1
52.900055,card2,2800,2800,2.5 GT/s PCIe,1
52.900055,card3,400,400,2.5 GT/s PCIe,1
52.950051,card2,2800,2800,2.5 GT/s PCIe,1
52.950051,card3,400,400,2.5 GT/s PCIe,1
53.000063,card2,2800,2800,2.5 GT/s PCIe,1
53.000063,card3,400,400,2.5 GT/s PCIe,1
53.050074,card2,2167,2200,2.5 GT/s PCIe,1
53.050074,card3,400,400,2.5 GT/s PCIe,1
53.100066,card2,2800,2800,2.5 GT/s PCIe,1
53.100066,card3,400,400,2.5 GT/s PCIe,1
53.150050,card2,2800,2800,2.5 GT/s PCIe,1
53.150050,card3,400,400,2.5 GT/s PCIe,1
53.200064,card2,2750,2750,2.5 GT/s PCIe,1
53.200064,card3,400,400,2.5 GT/s PCIe,1
53.250060,card2,2800,2800,2.5 GT/s PCIe,1
53.250060,card3,400,517,2.5 GT/s PCIe,1
53.300071,card2,2800,2800,2.5 GT/s PCIe,1
53.300071,card3,400,400,2.5 GT/s PCIe,1
53.350050,card2,2800,2800,2.5 GT/s PCIe,1
53.350050,card3,400,400,2.5 GT/s PCIe,1
53.400068,card2,2800,2800,2.5 GT/s PCIe,1
53.400068,card3,400,400,2.5 GT/s PCIe,1
53.450059,card2,2783,2800,2.5 GT/s PCIe,1
53.450059,card3,400,400,2.5 GT/s PCIe,1
53.500067,card2,2800,2800,2.5 GT/s PCIe,1
53.500067,card3,400,400,2.5 GT/s PCIe,1
53.550059,card2,2800,2800,2.5 GT/s PCIe,1
53.550059,card3,400,517,2.5 GT/s PCIe,1
53.600062,card2,2800,2800,2.5 GT/s PCIe,1
53.600062,card3,400,400,2.5 GT/s PCIe,1
53.650063,card2,2800,2633,2.5 GT/s PCIe,1
53.650063,card3,400,400,2.5 GT/s PCIe,1
53.700052,card2,2800,2800,2.5 GT/s PCIe,1
53.700052,card3,400,400,2.5 GT/s PCIe,1
53.750049,card2,2800,2800,2.5 GT/s PCIe,1
53.750049,card3,400,517,2.5 GT/s PCIe,1
53.800049,card2,1967,2000,2.5 GT/s PCIe,1
53.800049,card3,400,400,2.5 GT/s PCIe,1
53.850048,card2,1967,2000,2.5 GT/s PCIe,1
53.850048,card3,400,400,2.5 GT/s PCIe,1
53.900059,card2,1967,2000,2.5 GT/s PCIe,1
53.900059,card3,400,400,2.5 GT/s PCIe,1
53.950053,card2,1333,1350,2.5 GT/s PCIe,1
53.950053,card3,400,400,2.5 GT/s PCIe,1
54.000048,card2,1333,1350,2.5 GT/s PCIe,1
54.000048,card3,400,400,2.5 GT/s PCIe,1
54.050058,card2,1333,1350,2.5 GT/s PCIe,1
54.050058,card3,400,400,2.5 GT/s PCIe,1
54.100056,card2,933,950,2.5 GT/s PCIe,1
54.100056,card3,400,400,2.5 GT/s PCIe,1
54.150050,card2,2800,2800,2.5 GT/s PCIe,1
54.150050,card3,400,400,2.5 GT/s PCIe,1
54.200061,card2,2800,2800,2.5 GT/s PCIe,1
54.200061,card3,400,400,2.5 GT/s PCIe,1
54.250049,card2,2800,2800,2.5 GT/s PCIe,1
54.250049,card3,400,400,2.5 GT/s PCIe,1
54.300059,card2,2150,2150,2.5 GT/s PCIe,1
54.300059,card3,400,400,2.5 GT/s PCIe,1
54.350078,card2,2800,0,2.5 GT/s PCIe,1
54.350078,card3,400,400,2.5 GT/s PCIe,1
54.400090,card2,2800,2800,2.5 GT/s PCIe,1
54.400090,card3,400,400,2.5 GT/s PCIe,1
54.450063,card2,2167,2200,2.5 GT/s PCIe,1
54.450063,card3,400,400,2.5 GT/s PCIe,1
54.500051,card2,2800,2800,2.5 GT/s PCIe,1
54.500051,card3,400,400,2.5 GT/s PCIe,1
54.550052,card2,2800,2800,2.5 GT/s PCIe,1
54.550052,card3,400,400,2.5 GT/s PCIe,1
54.600067,card2,2800,2800,2.5 GT/s PCIe,1
54.600067,card3,400,400,2.5 GT/s PCIe,1
54.650052,card2,2800,2800,2.5 GT/s PCIe,1
54.650052,card3,400,400,2.5 GT/s PCIe,1
54.700049,card2,2800,2633,2.5 GT/s PCIe,1
54.700049,card3,400,400,2.5 GT/s PCIe,1
54.750048,card2,2800,2800,2.5 GT/s PCIe,1
54.750048,card3,400,400,2.5 GT/s PCIe,1
54.800066,card2,2050,2050,2.5 GT/s PCIe,1
54.800066,card3,400,400,2.5 GT/s PCIe,1
54.850049,card2,2800,2633,2.5 GT/s PCIe,1
54.850049,card3,400,400,2.5 GT/s PCIe,1
54.900048,card2,2800,2800,2.5 GT/s PCIe,1
54.900048,card3,400,400,2.5 GT/s PCIe,1
54.950048,card2,2300,2300,2.5 GT/s PCIe,1
54.950048,card3,400,400,2.5 GT/s PCIe,1
55.000049,card2,2800,2800,2.5 GT/s PCIe,1
55.000049,card3,400,400,2.5 GT/s PCIe,1
55.050048,card2,2800,2783,2.5 GT/s PCIe,1
55.050048,card3,400,400,2.5 GT/s PCIe,1
55.100067,card2,2800,2800,2.5 GT/s PCIe,1
55.100067,card3,400,400,2.5 GT/s PCIe,1
55.150080,card2,2800,2800,2.5 GT/s PCIe,1
55.150080,card3,400,400,2.5 GT/s PCIe,1
55.200072,card2,2800,0,2.5 GT/s PCIe,1
55.200072,card3,400,400,2.5 GT/s PCIe,1
55.250061,card2,2800,2800,2.5 GT/s PCIe,1
55.250061,card3,400,400,2.5 GT/s PCIe,1
55.300059,card2,2633,2650,2.5 GT/s PCIe,1
55.300059,card3,400,400,2.5 GT/s PCIe,1
55.350057,card2,2800,2633,2.5 GT/s PCIe,1
55.350057,card3,400,400,2.5 GT/s PCIe,1
55.400048,card2,2800,2800,2.5 GT/s PCIe,1
55.400048,card3,400,400,2.5 GT/s PCIe,1
55.450099,card2,2800,2783,2.5 GT/s PCIe,1
55.450099,card3,400,400,2.5 GT/s PCIe,1
55.500058,card2,2800,2800,2.5 GT/s PCIe,1
55.500058,card3,400,400,2.5 GT/s PCIe,1
55.550047,card2,2800,2800,2.5 GT/s PCIe,1
55.550047,card3,400,400,2.5 GT/s PCIe,1
55.600048,card2,2800,2800,2.5 GT/s PCIe,1
55.600048,card3,400,400,2.5 GT/s PCIe,1
55.650048,card2,2800,2783,2.5 GT/s PCIe,1
55.650048,card3,400,400,2.5 GT/s PCIe,1
55.700050,card2,2800,2800,2.5 GT/s PCIe,1
55.700050,card3,400,400,2.5 GT/s PCIe,1
55.750048,card2,2200,2200,2.5 GT/s PCIe,1
55.750048,card3,400,517,2.5 GT/s PCIe,1
55.800049,card2,2800,2800,2.5 GT/s PCIe,1
55.800049,card3,400,400,2.5 GT/s PCIe,1
55.850052,card2,2800,2800,2.5 GT/s PCIe,1
55.850052,card3,400,400,2.5 GT/s PCIe,1
55.900053,card2,2800,2800,2.5 GT/s PCIe,1
55.900053,card3,400,400,2.5 GT/s PCIe,1
55.950048,card2,2800,2800,2.5 GT/s PCIe,1
55.950048,card3,400,400,2.5 GT/s PCIe,1
56.000058,card2,2800,2800,2.5 GT/s PCIe,1
56.000058,card3,400,400,2.5 GT/s PCIe,1
56.050048,card2,2800,2800,2.5 GT/s PCIe,1
56.050048,card3,400,400,2.5 GT/s PCIe,1
56.100065,card2,2800,2800,2.5 GT/s PCIe,1
56.100065,card3,400,400,2.5 GT/s PCIe,1
56.150049,card2,2800,2633,2.5 GT/s PCIe,1
56.150049,card3,400,400,2.5 GT/s PCIe,1
56.200067,card2,2800,2800,2.5 GT/s PCIe,1
56.200067,card3,400,400,2.5 GT/s PCIe,1
56.250052,card2,2800,2800,2.5 GT/s PCIe,1
56.250052,card3,400,400,2.5 GT/s PCIe,1
56.300058,card2,2800,2800,2.5 GT/s PCIe,1
56.300058,card3,400,400,2.5 GT/s PCIe,1
56.350063,card2,2800,2800,2.5 GT/s PCIe,1
56.350063,card3,400,517,2.5 GT/s PCIe,1
56.400067,card2,1917,1950,2.5 GT/s PCIe,1
56.400067,card3,400,400,2.5 GT/s PCIe,1
56.450060,card2,1917,1950,2.5 GT/s PCIe,1
56.450060,card3,400,400,2.5 GT/s PCIe,1
56.500049,card2,1917,1950,2.5 GT/s PCIe,1
56.500049,card3,400,400,2.5 GT/s PCIe,1
56.550050,card2,1917,1950,2.5 GT/s PCIe,1
56.550050,card3,400,400,2.5 GT/s PCIe,1
56.600069,card2,1300,1300,2.5 GT/s PCIe,1
56.600069,card3,400,400,2.5 GT/s PCIe,1
56.650090,card2,917,950,2.5 GT/s PCIe,1
56.650090,card3,400,400,2.5 GT/s PCIe,1
56.700060,card2,917,950,2.5 GT/s PCIe,1
56.700060,card3,400,400,2.5 GT/s PCIe,1
56.750051,card2,917,950,2.5 GT/s PCIe,1
56.750051,card3,400,400,2.5 GT/s PCIe,1
56.800079,card2,467,500,2.5 GT/s PCIe,1
56.800079,card3,400,400,2.5 GT/s PCIe,1
56.850062,card2,467,500,2.5 GT/s PCIe,1
56.850062,card3,400,400,2.5 GT/s PCIe,1
56.900048,card2,467,500,2.5 GT/s PCIe,1
56.900048,card3,400,400,2.5 GT/s PCIe,1
56.950047,card2,467,500,2.5 GT/s PCIe,1
56.950047,card3,400,400,2.5 GT/s PCIe,1
57.000048,card2,400,400,2.5 GT/s PCIe,1
57.000048,card3,400,400,2.5 GT/s PCIe,1
57.050050,card2,400,400,2.5 GT/s PCIe,1
57.050050,card3,400,400,2.5 GT/s PCIe,1
57.100050,card2,400,400,2.5 GT/s PCIe,1
57.100050,card3,400,400,2.5 GT/s PCIe,1
57.150049,card2,400,400,2.5 GT/s PCIe,1
57.150049,card3,400,400,2.5 GT/s PCIe,1
57.200049,card2,400,400,2.5 GT/s PCIe,1
57.200049,card3,400,400,2.5 GT/s PCIe,1
57.250054,card2,400,400,2.5 GT/s PCIe,1
57.250054,card3,400,400,2.5 GT/s PCIe,1
57.300050,card2,400,400,2.5 GT/s PCIe,1
57.300050,card3,400,517,2.5 GT/s PCIe,1
57.350059,card2,400,400,2.5 GT/s PCIe,1
57.350059,card3,400,400,2.5 GT/s PCIe,1
57.400051,card2,400,400,2.5 GT/s PCIe,1
57.400051,card3,400,400,2.5 GT/s PCIe,1
57.450049,card2,400,400,2.5 GT/s PCIe,1
57.450049,card3,400,400,2.5 GT/s PCIe,1
57.500059,card2,400,400,2.5 GT/s PCIe,1
57.500059,card3,400,400,2.5 GT/s PCIe,1
57.550048,card2,400,400,2.5 GT/s PCIe,1
57.550048,card3,400,400,2.5 GT/s PCIe,1
57.600049,card2,400,400,2.5 GT/s PCIe,1
57.600049,card3,400,400,2.5 GT/s PCIe,1
57.650049,card2,400,400,2.5 GT/s PCIe,1
57.650049,card3,400,400,2.5 GT/s PCIe,1
57.700062,card2,400,400,2.5 GT/s PCIe,1
57.700062,card3,400,400,2.5 GT/s PCIe,1
57.750057,card2,400,400,2.5 GT/s PCIe,1
57.750057,card3,400,400,2.5 GT/s PCIe,1
57.800049,card2,400,400,2.5 GT/s PCIe,1
57.800049,card3,400,400,2.5 GT/s PCIe,1
57.850060,card2,400,400,2.5 GT/s PCIe,1
57.850060,card3,400,400,2.5 GT/s PCIe,1
57.900059,card2,400,400,2.5 GT/s PCIe,1
57.900059,card3,400,400,2.5 GT/s PCIe,1
57.950049,card2,400,400,2.5 GT/s PCIe,1
57.950049,card3,400,400,2.5 GT/s PCIe,1
58.000048,card2,400,400,2.5 GT/s PCIe,1
58.000048,card3,400,400,2.5 GT/s PCIe,1
58.050049,card2,400,400,2.5 GT/s PCIe,1
58.050049,card3,400,400,2.5 GT/s PCIe,1
58.100064,card2,400,400,2.5 GT/s PCIe,1
58.100064,card3,400,400,2.5 GT/s PCIe,1
58.150057,card2,400,400,2.5 GT/s PCIe,1
58.150057,card3,400,400,2.5 GT/s PCIe,1
58.200056,card2,400,400,2.5 GT/s PCIe,1
58.200056,card3,400,400,2.5 GT/s PCIe,1
58.250055,card2,400,400,2.5 GT/s PCIe,1
58.250055,card3,400,400,2.5 GT/s PCIe,1
58.300071,card2,400,400,2.5 GT/s PCIe,1
58.300071,card3,400,400,2.5 GT/s PCIe,1
58.350056,card2,400,400,2.5 GT/s PCIe,1
58.350056,card3,400,400,2.5 GT/s PCIe,1
58.400065,card2,400,400,2.5 GT/s PCIe,1
58.400065,card3,400,400,2.5 GT/s PCIe,1
58.450064,card2,400,400,2.5 GT/s PCIe,1
58.450064,card3,400,400,2.5 GT/s PCIe,1
58.500052,card2,400,400,2.5 GT/s PCIe,1
58.500052,card3,400,400,2.5 GT/s PCIe,1
58.550060,card2,400,400,2.5 GT/s PCIe,1
58.550060,card3,400,400,2.5 GT/s PCIe,1
58.600078,card2,400,400,2.5 GT/s PCIe,1
58.600078,card3,400,400,2.5 GT/s PCIe,1
58.650062,card2,400,400,2.5 GT/s PCIe,1
58.650062,card3,400,400,2.5 GT/s PCIe,1
58.700074,card2,400,400,2.5 GT/s PCIe,1
58.700074,card3,400,400,2.5 GT/s PCIe,1
58.750069,card2,400,400,2.5 GT/s PCIe,1
58.750069,card3,400,400,2.5 GT/s PCIe,1
58.800066,card2,400,400,2.5 GT/s PCIe,1
58.800066,card3,400,400,2.5 GT/s PCIe,1
58.850054,card2,400,400,2.5 GT/s PCIe,1
58.850054,card3,400,400,2.5 GT/s PCIe,1
58.900064,card2,400,400,2.5 GT/s PCIe,1
58.900064,card3,400,400,2.5 GT/s PCIe,1
58.950050,card2,583,600,2.5 GT/s PCIe,1
58.950050,card3,400,400,2.5 GT/s PCIe,1
59.000050,card2,583,600,2.5 GT/s PCIe,1
59.000050,card3,400,400,2.5 GT/s PCIe,1
59.050050,card2,583,600,2.5 GT/s PCIe,1
59.050050,card3,400,400,2.5 GT/s PCIe,1
59.100049,card2,583,600,2.5 GT/s PCIe,1
59.100049,card3,400,400,2.5 GT/s PCIe,1
59.150062,card2,417,450,2.5 GT/s PCIe,1
59.150062,card3,400,400,2.5 GT/s PCIe,1
59.200050,card2,417,450,2.5 GT/s PCIe,1
59.200050,card3,400,517,2.5 GT/s PCIe,1
59.250051,card2,417,450,2.5 GT/s PCIe,1
59.250051,card3,400,400,2.5 GT/s PCIe,1
59.300061,card2,400,400,2.5 GT/s PCIe,1
59.300061,card3,400,400,2.5 GT/s PCIe,1
59.350051,card2,400,400,2.5 GT/s PCIe,1
59.350051,card3,400,400,2.5 GT/s PCIe,1
59.400050,card2,400,400,2.5 GT/s PCIe,1
59.400050,card3,400,400,2.5 GT/s PCIe,1
59.450053,card2,400,400,2.5 GT/s PCIe,1
59.450053,card3,400,517,2.5 GT/s PCIe,1
59.500057,card2,400,400,2.5 GT/s PCIe,1
59.500057,card3,400,400,2.5 GT/s PCIe,1
59.550050,card2,400,400,2.5 GT/s PCIe,1
59.550050,card3,400,400,2.5 GT/s PCIe,1
59.600073,card2,400,400,2.5 GT/s PCIe,1
59.600073,card3,400,400,2.5 GT/s PCIe,1
59.650067,card2,400,400,2.5 GT/s PCIe,1
59.650067,card3,400,400,2.5 GT/s PCIe,1
59.700051,card2,1250,1250,2.5 GT/s PCIe,1
59.700051,card3,400,517,2.5 GT/s PCIe,1
59.750050,card2,1250,1250,2.5 GT/s PCIe,1
59.750050,card3,400,400,2.5 GT/s PCIe,1
59.800050,card2,1250,1250,2.5 GT/s PCIe,1
59.800050,card3,400,400,2.5 GT/s PCIe,1
59.850049,card2,1250,1250,2.5 GT/s PCIe,1
59.850049,card3,400,400,2.5 GT/s PCIe,1
59.900049,card2,1250,1250,2.5 GT/s PCIe,1
59.900049,card3,400,400,2.5 GT/s PCIe,1
59.950051,card2,1250,1250,2.5 GT/s PCIe,1
59.950051,card3,400,400,2.5 GT/s PCIe,1
60.000059,card2,833,850,2.5 GT/s PCIe,1
60.000059,card3,400,400,2.5 GT/s PCIe,1
60.050062,card2,833,850,2.5 GT/s PCIe,1
60.050062,card3,400,400,2.5 GT/s PCIe,1
60.100068,card2,600,600,2.5 GT/s PCIe,1
60.100068,card3,400,400,2.5 GT/s PCIe,1
60.150061,card2,433,450,2.5 GT/s PCIe,1
60.150061,card3,400,400,2.5 GT/s PCIe,1
60.200050,card2,433,450,2.5 GT/s PCIe,1
60.200050,card3,400,517,2.5 GT/s PCIe,1
60.250052,card2,433,450,2.5 GT/s PCIe,1
60.250052,card3,400,400,2.5 GT/s PCIe,1
60.300050,card2,400,400,2.5 GT/s PCIe,1
60.300050,card3,400,400,2.5 GT/s PCIe,1
60.350059,card2,400,400,2.5 GT/s PCIe,1
60.350059,card3,400,400,2.5 GT/s PCIe,1
60.400068,card2,400,400,2.5 GT/s PCIe,1
60.400068,card3,400,517,2.5 GT/s PCIe,1
60.450069,card2,400,400,2.5 GT/s PCIe,1
60.450069,card3,400,400,2.5 GT/s PCIe,1
60.500060,card2,400,400,2.5 GT/s PCIe,1
60.500060,card3,400,400,2.5 GT/s PCIe,1
60.550055,card2,400,400,2.5 GT/s PCIe,1
60.550055,card3,400,400,2.5 GT/s PCIe,1
60.600060,card2,400,400,2.5 GT/s PCIe,1
60.600060,card3,400,400,2.5 GT/s PCIe,1
60.650061,card2,400,400,2.5 GT/s PCIe,1
60.650061,card3,400,400,2.5 GT/s PCIe,1
60.700051,card2,2283,2300,2.5 GT/s PCIe,1
60.700051,card3,400,400,2.5 GT/s PCIe,1
60.750059,card2,2283,2300,2.5 GT/s PCIe,1
60.750059,card3,400,400,2.5 GT/s PCIe,1
60.800068,card2,1683,1700,2.5 GT/s PCIe,1
60.800068,card3,400,400,2.5 GT/s PCIe,1
60.850055,card2,1683,1700,2.5 GT/s PCIe,1
60.850055,card3,400,400,2.5 GT/s PCIe,1
60.900059,card2,1683,1700,2.5 GT/s PCIe,1
60.900059,card3,400,400,2.5 GT/s PCIe,1
60.950057,card2,1683,1700,2.5 GT/s PCIe,1
60.950057,card3,400,400,2.5 GT/s PCIe,1
61.000062,card2,833,850,2.5 GT/s PCIe,1
61.000062,card3,400,400,2.5 GT/s PCIe,1
61.050055,card2,833,850,2.5 GT/s PCIe,1
61.050055,card3,400,400,2.5 GT/s PCIe,1
61.100065,card2,833,850,2.5 GT/s PCIe,1
61.100065,card3,400,400,2.5 GT/s PCIe,1
61.150055,card2,600,600,2.5 GT/s PCIe,1
61.150055,card3,400,400,2.5 GT/s PCIe,1
61.200058,card2,600,600,2.5 GT/s PCIe,1
61.200058,card3,400,400,2.5 GT/s PCIe,1
61.250056,card2,600,600,2.5 GT/s PCIe,1
61.250056,card3,400,400,2.5 GT/s PCIe,1
61.300056,card2,433,450,2.5 GT/s PCIe,1
61.300056,card3,400,400,2.5 GT/s PCIe,1
61.350056,card2,433,450,2.5 GT/s PCIe,1
61.350056,card3,400,400,2.5 GT/s PCIe,1
61.400065,card2,433,450,2.5 GT/s PCIe,1
61.400065,card3,400,400,2.5 GT/s PCIe,1
61.450060,card2,433,450,2.5 GT/s PCIe,1
61.450060,card3,400,400,2.5 GT/s PCIe,1
61.500070,card2,400,400,2.5 GT/s PCIe,1
61.500070,card3,400,400,2.5 GT/s PCIe,1
61.550071,card2,400,400,2.5 GT/s PCIe,1
61.550071,card3,400,400,2.5 GT/s PCIe,1
61.600070,card2,400,400,2.5 GT/s PCIe,1
61.600070,card3,400,400,2.5 GT/s PCIe,1
61.650070,card2,400,517,2.5 GT/s PCIe,1
61.650070,card3,400,517,2.5 GT/s PCIe,1
61.700054,card2,400,400,2.5 GT/s PCIe,1
61.700054,card3,400,400,2.5 GT/s PCIe,1
61.750049,card2,400,400,2.5 GT/s PCIe,1
61.750049,card3,400,400,2.5 GT/s PCIe,1
61.800058,card2,400,400,2.5 GT/s PCIe,1
61.800058,card3,400,400,2.5 GT/s PCIe,1
61.850062,card2,400,400,2.5 GT/s PCIe,1
61.850062,card3,400,400,2.5 GT/s PCIe,1
61.900049,card2,400,400,2.5 GT/s PCIe,1
61.900049,card3,400,400,2.5 GT/s PCIe,1
61.950051,card2,400,400,2.5 GT/s PCIe,1
61.950051,card3,400,400,2.5 GT/s PCIe,1
62.000052,card2,400,400,2.5 GT/s PCIe,1
62.000052,card3,400,400,2.5 GT/s PCIe,1
62.050050,card2,400,400,2.5 GT/s PCIe,1
62.050050,card3,400,400,2.5 GT/s PCIe,1
62.100050,card2,400,400,2.5 GT/s PCIe,1
62.100050,card3,400,400,2.5 GT/s PCIe,1
62.150050,card2,400,400,2.5 GT/s PCIe,1
62.150050,card3,400,400,2.5 GT/s PCIe,1
62.200059,card2,400,400,2.5 GT/s PCIe,1
62.200059,card3,400,400,2.5 GT/s PCIe,1
62.250050,card2,400,400,2.5 GT/s PCIe,1
62.250050,card3,400,400,2.5 GT/s PCIe,1
62.300060,card2,400,400,2.5 GT/s PCIe,1
62.300060,card3,400,400,2.5 GT/s PCIe,1
62.350063,card2,400,400,2.5 GT/s PCIe,1
62.350063,card3,400,400,2.5 GT/s PCIe,1
62.400052,card2,400,400,2.5 GT/s PCIe,1
62.400052,card3,400,400,2.5 GT/s PCIe,1
62.450060,card2,400,400,2.5 GT/s PCIe,1
62.450060,card3,400,400,2.5 GT/s PCIe,1
62.500050,card2,400,400,2.5 GT/s PCIe,1
62.500050,card3,400,400,2.5 GT/s PCIe,1
62.550050,card2,400,400,2.5 GT/s PCIe,1
62.550050,card3,400,400,2.5 GT/s PCIe,1
62.600049,card2,400,400,2.5 GT/s PCIe,1
62.600049,card3,400,400,2.5 GT/s PCIe,1
62.650055,card2,400,400,2.5 GT/s PCIe,1
62.650055,card3,400,400,2.5 GT/s PCIe,1
62.700066,card2,400,400,2.5 GT/s PCIe,1
62.700066,card3,400,400,2.5 GT/s PCIe,1
62.750063,card2,400,400,2.5 GT/s PCIe,1
62.750063,card3,400,400,2.5 GT/s PCIe,1
62.800059,card2,400,400,2.5 GT/s PCIe,1
62.800059,card3,400,400,2.5 GT/s PCIe,1
62.850060,card2,400,400,2.5 GT/s PCIe,1
62.850060,card3,400,400,2.5 GT/s PCIe,1
62.900051,card2,400,400,2.5 GT/s PCIe,1
62.900051,card3,400,400,2.5 GT/s PCIe,1
62.950050,card2,400,400,2.5 GT/s PCIe,1
62.950050,card3,400,400,2.5 GT/s PCIe,1
63.000062,card2,400,400,2.5 GT/s PCIe,1
63.000062,card3,400,400,2.5 GT/s PCIe,1
63.050065,card2,400,400,2.5 GT/s PCIe,1
63.050065,card3,400,400,2.5 GT/s PCIe,1
63.100055,card2,400,400,2.5 GT/s PCIe,1
63.100055,card3,400,400,2.5 GT/s PCIe,1
63.150049,card2,400,400,2.5 GT/s PCIe,1
63.150049,card3,400,400,2.5 GT/s PCIe,1
63.200049,card2,400,400,2.5 GT/s PCIe,1
63.200049,card3,400,400,2.5 GT/s PCIe,1
63.250062,card2,400,400,2.5 GT/s PCIe,1
63.250062,card3,400,400,2.5 GT/s PCIe,1
63.300060,card2,400,400,2.5 GT/s PCIe,1
63.300060,card3,400,400,2.5 GT/s PCIe,1
63.350069,card2,400,400,2.5 GT/s PCIe,1
63.350069,card3,400,400,2.5 GT/s PCIe,1
63.400064,card2,400,400,2.5 GT/s PCIe,1
63.400064,card3,400,400,2.5 GT/s PCIe,1
63.450049,card2,400,400,2.5 GT/s PCIe,1
63.450049,card3,400,400,2.5 GT/s PCIe,1
63.500049,card2,400,400,2.5 GT/s PCIe,1
63.500049,card3,400,400,2.5 GT/s PCIe,1
63.550068,card2,400,400,2.5 GT/s PCIe,1
63.550068,card3,400,400,2.5 GT/s PCIe,1
63.600049,card2,400,400,2.5 GT/s PCIe,1
63.600049,card3,400,400,2.5 GT/s PCIe,1
63.650051,card2,400,400,2.5 GT/s PCIe,1
63.650051,card3,400,400,2.5 GT/s PCIe,1
63.700067,card2,400,400,2.5 GT/s PCIe,1
63.700067,card3,400,400,2.5 GT/s PCIe,1
63.750051,card2,400,400,2.5 GT/s PCIe,1
63.750051,card3,400,400,2.5 GT/s PCIe,1
63.800049,card2,400,400,2.5 GT/s PCIe,1
63.800049,card3,400,400,2.5 GT/s PCIe,1
63.850049,card2,400,400,2.5 GT/s PCIe,1
63.850049,card3,400,400,2.5 GT/s PCIe,1
63.900048,card2,400,400,2.5 GT/s PCIe,1
63.900048,card3,400,400,2.5 GT/s PCIe,1
63.950049,card2,400,400,2.5 GT/s PCIe,1
63.950049,card3,400,400,2.5 GT/s PCIe,1
64.000059,card2,400,400,2.5 GT/s PCIe,1
64.000059,card3,400,400,2.5 GT/s PCIe,1
64.050049,card2,400,400,2.5 GT/s PCIe,1
64.050049,card3,400,400,2.5 GT/s PCIe,1
64.100060,card2,400,400,2.5 GT/s PCIe,1
64.100060,card3,400,400,2.5 GT/s PCIe,1
64.150052,card2,400,400,2.5 GT/s PCIe,1
64.150052,card3,400,400,2.5 GT/s PCIe,1
64.200050,card2,400,400,2.5 GT/s PCIe,1
64.200050,card3,400,400,2.5 GT/s PCIe,1
64.250048,card2,400,400,2.5 GT/s PCIe,1
64.250048,card3,400,400,2.5 GT/s PCIe,1
64.300059,card2,400,400,2.5 GT/s PCIe,1
64.300059,card3,400,400,2.5 GT/s PCIe,1
64.350049,card2,400,400,2.5 GT/s PCIe,1
64.350049,card3,400,400,2.5 GT/s PCIe,1
64.400061,card2,400,400,2.5 GT/s PCIe,1
64.400061,card3,400,400,2.5 GT/s PCIe,1
64.450068,card2,400,400,2.5 GT/s PCIe,1
64.450068,card3,400,400,2.5 GT/s PCIe,1
64.500059,card2,400,400,2.5 GT/s PCIe,1
64.500059,card3,400,400,2.5 GT/s PCIe,1
64.550049,card2,400,400,2.5 GT/s PCIe,1
64.550049,card3,400,400,2.5 GT/s PCIe,1
64.600057,card2,400,400,2.5 GT/s PCIe,1
64.600057,card3,400,400,2.5 GT/s PCIe,1
64.650049,card2,400,400,2.5 GT/s PCIe,1
64.650049,card3,400,400,2.5 GT/s PCIe,1
64.700061,card2,400,400,2.5 GT/s PCIe,1
64.700061,card3,400,517,2.5 GT/s PCIe,1
64.750049,card2,400,400,2.5 GT/s PCIe,1
64.750049,card3,400,517,2.5 GT/s PCIe,1
64.800069,card2,400,400,2.5 GT/s PCIe,1
64.800069,card3,400,400,2.5 GT/s PCIe,1
64.850056,card2,400,400,2.5 GT/s PCIe,1
64.850056,card3,400,517,2.5 GT/s PCIe,1
64.900052,card2,400,400,2.5 GT/s PCIe,1
64.900052,card3,400,400,2.5 GT/s PCIe,1
64.950048,card2,400,400,2.5 GT/s PCIe,1
64.950048,card3,400,400,2.5 GT/s PCIe,1
65.000059,card2,400,400,2.5 GT/s PCIe,1
65.000059,card3,400,400,2.5 GT/s PCIe,1
65.050050,card2,400,400,2.5 GT/s PCIe,1
65.050050,card3,400,400,2.5 GT/s PCIe,1
65.100062,card2,400,400,2.5 GT/s PCIe,1
65.100062,card3,400,517,2.5 GT/s PCIe,1
65.150049,card2,400,400,2.5 GT/s PCIe,1
65.150049,card3,400,400,2.5 GT/s PCIe,1
65.200061,card2,400,400,2.5 GT/s PCIe,1
65.200061,card3,400,400,2.5 GT/s PCIe,1
65.250062,card2,400,400,2.5 GT/s PCIe,1
65.250062,card3,400,400,2.5 GT/s PCIe,1
65.300048,card2,400,400,2.5 GT/s PCIe,1
65.300048,card3,400,400,2.5 GT/s PCIe,1
65.350048,card2,400,400,2.5 GT/s PCIe,1
65.350048,card3,400,400,2.5 GT/s PCIe,1
65.400049,card2,400,400,2.5 GT/s PCIe,1
65.400049,card3,400,400,2.5 GT/s PCIe,1
65.450048,card2,400,400,2.5 GT/s PCIe,1
65.450048,card3,400,400,2.5 GT/s PCIe,1
65.500062,card2,400,400,2.5 GT/s PCIe,1
65.500062,card3,400,400,2.5 GT/s PCIe,1
65.550048,card2,400,400,2.5 GT/s PCIe,1
65.550048,card3,400,517,2.5 GT/s PCIe,1
65.600062,card2,400,400,2.5 GT/s PCIe,1
65.600062,card3,400,400,2.5 GT/s PCIe,1
65.650051,card2,400,400,2.5 GT/s PCIe,1
65.650051,card3,400,400,2.5 GT/s PCIe,1
65.700069,card2,400,400,2.5 GT/s PCIe,1
65.700069,card3,400,400,2.5 GT/s PCIe,1
65.751932,card2,400,400,2.5 GT/s PCIe,1
65.751932,card3,400,400,2.5 GT/s PCIe,1
65.800070,card2,400,400,2.5 GT/s PCIe,1
65.800070,card3,400,400,2.5 GT/s PCIe,1
65.850071,card2,400,400,2.5 GT/s PCIe,1
65.850071,card3,400,400,2.5 GT/s PCIe,1
65.900066,card2,400,400,2.5 GT/s PCIe,1
65.900066,card3,400,400,2.5 GT/s PCIe,1
65.950070,card2,400,400,2.5 GT/s PCIe,1
65.950070,card3,400,400,2.5 GT/s PCIe,1
66.000057,card2,400,400,2.5 GT/s PCIe,1
66.000057,card3,400,400,2.5 GT/s PCIe,1
66.050048,card2,400,400,2.5 GT/s PCIe,1
66.050048,card3,400,400,2.5 GT/s PCIe,1
66.100060,card2,400,400,2.5 GT/s PCIe,1
66.100060,card3,400,400,2.5 GT/s PCIe,1
66.150049,card2,400,400,2.5 GT/s PCIe,1
66.150049,card3,400,400,2.5 GT/s PCIe,1
66.200060,card2,400,400,2.5 GT/s PCIe,1
66.200060,card3,400,400,2.5 GT/s PCIe,1
66.250060,card2,400,400,2.5 GT/s PCIe,1
66.250060,card3,400,400,2.5 GT/s PCIe,1
66.300065,card2,400,400,2.5 GT/s PCIe,1
66.300065,card3,400,400,2.5 GT/s PCIe,1
66.350059,card2,400,400,2.5 GT/s PCIe,1
66.350059,card3,400,400,2.5 GT/s PCIe,1
66.400069,card2,400,400,2.5 GT/s PCIe,1
66.400069,card3,400,400,2.5 GT/s PCIe,1
66.450059,card2,400,400,2.5 GT/s PCIe,1
66.450059,card3,400,400,2.5 GT/s PCIe,1
66.500049,card2,400,400,2.5 GT/s PCIe,1
66.500049,card3,400,400,2.5 GT/s PCIe,1
66.550061,card2,400,400,2.5 GT/s PCIe,1
66.550061,card3,400,400,2.5 GT/s PCIe,1
66.600067,card2,400,400,2.5 GT/s PCIe,1
66.600067,card3,400,400,2.5 GT/s PCIe,1
66.650050,card2,400,400,2.5 GT/s PCIe,1
66.650050,card3,400,400,2.5 GT/s PCIe,1
66.700065,card2,400,400,2.5 GT/s PCIe,1
66.700065,card3,400,400,2.5 GT/s PCIe,1
66.750059,card2,400,400,2.5 GT/s PCIe,1
66.750059,card3,400,400,2.5 GT/s PCIe,1
66.800070,card2,400,400,2.5 GT/s PCIe,1
66.800070,card3,400,400,2.5 GT/s PCIe,1
66.850060,card2,400,400,2.5 GT/s PCIe,1
66.850060,card3,400,400,2.5 GT/s PCIe,1
66.900061,card2,400,400,2.5 GT/s PCIe,1
66.900061,card3,400,400,2.5 GT/s PCIe,1
66.950061,card2,400,400,2.5 GT/s PCIe,1
66.950061,card3,400,400,2.5 GT/s PCIe,1
67.000067,card2,400,400,2.5 GT/s PCIe,1
67.000067,card3,400,400,2.5 GT/s PCIe,1
67.050048,card2,400,400,2.5 GT/s PCIe,1
67.050048,card3,400,400,2.5 GT/s PCIe,1
67.100050,card2,400,400,2.5 GT/s PCIe,1
67.100050,card3,400,400,2.5 GT/s PCIe,1
67.150049,card2,400,400,2.5 GT/s PCIe,1
67.150049,card3,400,400,2.5 GT/s PCIe,1
67.200071,card2,400,400,2.5 GT/s PCIe,1
67.200071,card3,400,400,2.5 GT/s PCIe,1
67.250049,card2,400,400,2.5 GT/s PCIe,1
67.250049,card3,400,400,2.5 GT/s PCIe,1
67.300061,card2,400,400,2.5 GT/s PCIe,1
67.300061,card3,400,400,2.5 GT/s PCIe,1
67.350061,card2,400,400,2.5 GT/s PCIe,1
67.350061,card3,400,400,2.5 GT/s PCIe,1
67.400060,card2,400,400,2.5 GT/s PCIe,1
67.400060,card3,400,400,2.5 GT/s PCIe,1
67.450061,card2,400,400,2.5 GT/s PCIe,1
67.450061,card3,400,400,2.5 GT/s PCIe,1
67.500049,card2,400,400,2.5 GT/s PCIe,1
67.500049,card3,400,400,2.5 GT/s PCIe,1
67.550060,card2,400,400,2.5 GT/s PCIe,1
67.550060,card3,400,400,2.5 GT/s PCIe,1
67.600059,card2,400,400,2.5 GT/s PCIe,1
67.600059,card3,400,400,2.5 GT/s PCIe,1
67.650048,card2,400,400,2.5 GT/s PCIe,1
67.650048,card3,400,400,2.5 GT/s PCIe,1
67.700062,card2,400,400,2.5 GT/s PCIe,1
67.700062,card3,400,400,2.5 GT/s PCIe,1
67.750049,card2,400,400,2.5 GT/s PCIe,1
67.750049,card3,400,400,2.5 GT/s PCIe,1
67.800053,card2,400,400,2.5 GT/s PCIe,1
67.800053,card3,400,400,2.5 GT/s PCIe,1
67.850050,card2,400,400,2.5 GT/s PCIe,1
67.850050,card3,400,400,2.5 GT/s PCIe,1
67.900063,card2,400,400,2.5 GT/s PCIe,1
67.900063,card3,400,400,2.5 GT/s PCIe,1
67.950052,card2,400,400,2.5 GT/s PCIe,1
67.950052,card3,400,400,2.5 GT/s PCIe,1
68.000062,card2,400,400,2.5 GT/s PCIe,1
68.000062,card3,400,400,2.5 GT/s PCIe,1
68.050058,card2,400,400,2.5 GT/s PCIe,1
68.050058,card3,400,400,2.5 GT/s PCIe,1
68.100061,card2,400,400,2.5 GT/s PCIe,1
68.100061,card3,400,400,2.5 GT/s PCIe,1
68.150068,card2,400,400,2.5 GT/s PCIe,1
68.150068,card3,400,400,2.5 GT/s PCIe,1
68.200062,card2,400,400,2.5 GT/s PCIe,1
68.200062,card3,400,400,2.5 GT/s PCIe,1
68.250060,card2,400,400,2.5 GT/s PCIe,1
68.250060,card3,400,400,2.5 GT/s PCIe,1
68.300058,card2,400,400,2.5 GT/s PCIe,1
68.300058,card3,400,400,2.5 GT/s PCIe,1
68.350070,card2,400,400,2.5 GT/s PCIe,1
68.350070,card3,400,400,2.5 GT/s PCIe,1
68.400049,card2,400,400,2.5 GT/s PCIe,1
68.400049,card3,400,400,2.5 GT/s PCIe,1
68.450049,card2,400,400,2.5 GT/s PCIe,1
68.450049,card3,400,400,2.5 GT/s PCIe,1
68.500064,card2,400,400,2.5 GT/s PCIe,1
68.500064,card3,400,400,2.5 GT/s PCIe,1
68.550067,card2,400,400,2.5 GT/s PCIe,1
68.550067,card3,400,400,2.5 GT/s PCIe,1
68.600056,card2,400,400,2.5 GT/s PCIe,1
68.600056,card3,400,400,2.5 GT/s PCIe,1
68.650050,card2,400,400,2.5 GT/s PCIe,1
68.650050,card3,400,400,2.5 GT/s PCIe,1
68.700059,card2,400,400,2.5 GT/s PCIe,1
68.700059,card3,400,400,2.5 GT/s PCIe,1
68.750060,card2,400,400,2.5 GT/s PCIe,1
68.750060,card3,400,400,2.5 GT/s PCIe,1
68.800060,card2,400,400,2.5 GT/s PCIe,1
68.800060,card3,400,517,2.5 GT/s PCIe,1
68.850060,card2,400,400,2.5 GT/s PCIe,1
68.850060,card3,400,400,2.5 GT/s PCIe,1
68.900060,card2,400,400,2.5 GT/s PCIe,1
68.900060,card3,400,400,2.5 GT/s PCIe,1
68.950062,card2,400,400,2.5 GT/s PCIe,1
68.950062,card3,400,400,2.5 GT/s PCIe,1
69.000054,card2,400,400,2.5 GT/s PCIe,1
69.000054,card3,400,400,2.5 GT/s PCIe,1
69.050049,card2,400,400,2.5 GT/s PCIe,1
69.050049,card3,400,400,2.5 GT/s PCIe,1
69.100048,card2,400,400,2.5 GT/s PCIe,1
69.100048,card3,400,400,2.5 GT/s PCIe,1
69.150060,card2,400,400,2.5 GT/s PCIe,1
69.150060,card3,400,400,2.5 GT/s PCIe,1
69.200048,card2,400,400,2.5 GT/s PCIe,1
69.200048,card3,400,400,2.5 GT/s PCIe,1
69.250049,card2,400,400,2.5 GT/s PCIe,1
69.250049,card3,400,400,2.5 GT/s PCIe,1
69.300049,card2,400,400,2.5 GT/s PCIe,1
69.300049,card3,400,400,2.5 GT/s PCIe,1
69.350067,card2,400,400,2.5 GT/s PCIe,1
69.350067,card3,400,400,2.5 GT/s PCIe,1
69.400048,card2,400,400,2.5 GT/s PCIe,1
69.400048,card3,400,400,2.5 GT/s PCIe,1
69.450066,card2,400,400,2.5 GT/s PCIe,1
69.450066,card3,400,400,2.5 GT/s PCIe,1
69.500059,card2,400,400,2.5 GT/s PCIe,1
69.500059,card3,400,400,2.5 GT/s PCIe,1
69.550069,card2,400,400,2.5 GT/s PCIe,1
69.550069,card3,400,400,2.5 GT/s PCIe,1
69.600065,card2,400,400,2.5 GT/s PCIe,1
69.600065,card3,400,400,2.5 GT/s PCIe,1
69.650050,card2,400,400,2.5 GT/s PCIe,1
69.650050,card3,400,400,2.5 GT/s PCIe,1
69.700065,card2,400,400,2.5 GT/s PCIe,1
69.700065,card3,400,400,2.5 GT/s PCIe,1
69.750067,card2,400,400,2.5 GT/s PCIe,1
69.750067,card3,400,400,2.5 GT/s PCIe,1
69.800049,card2,400,400,2.5 GT/s PCIe,1
69.800049,card3,400,400,2.5 GT/s PCIe,1
69.850070,card2,400,400,2.5 GT/s PCIe,1
69.850070,card3,400,400,2.5 GT/s PCIe,1
69.900057,card2,400,400,2.5 GT/s PCIe,1
69.900057,card3,400,400,2.5 GT/s PCIe,1
69.950048,card2,400,400,2.5 GT/s PCIe,1
69.950048,card3,400,400,2.5 GT/s PCIe,1
70.000049,card2,400,400,2.5 GT/s PCIe,1
70.000049,card3,400,400,2.5 GT/s PCIe,1
70.050059,card2,400,400,2.5 GT/s PCIe,1
70.050059,card3,400,400,2.5 GT/s PCIe,1
70.100057,card2,400,400,2.5 GT/s PCIe,1
70.100057,card3,400,400,2.5 GT/s PCIe,1
70.150058,card2,400,400,2.5 GT/s PCIe,1
70.150058,card3,400,400,2.5 GT/s PCIe,1
70.200058,card2,400,400,2.5 GT/s PCIe,1
70.200058,card3,400,400,2.5 GT/s PCIe,1
70.250061,card2,400,400,2.5 GT/s PCIe,1
70.250061,card3,400,400,2.5 GT/s PCIe,1
70.300068,card2,400,400,2.5 GT/s PCIe,1
70.300068,card3,400,400,2.5 GT/s PCIe,1
70.350069,card2,400,400,2.5 GT/s PCIe,1
70.350069,card3,400,400,2.5 GT/s PCIe,1
70.400048,card2,400,400,2.5 GT/s PCIe,1
70.400048,card3,400,400,2.5 GT/s PCIe,1
70.450048,card2,400,400,2.5 GT/s PCIe,1
70.450048,card3,400,400,2.5 GT/s PCIe,1
70.500059,card2,400,400,2.5 GT/s PCIe,1
70.500059,card3,400,400,2.5 GT/s PCIe,1
70.550059,card2,400,400,2.5 GT/s PCIe,1
70.550059,card3,400,400,2.5 GT/s PCIe,1
70.600061,card2,400,400,2.5 GT/s PCIe,1
70.600061,card3,400,400,2.5 GT/s PCIe,1
70.650049,card2,400,400,2.5 GT/s PCIe,1
70.650049,card3,400,400,2.5 GT/s PCIe,1
70.700062,card2,400,400,2.5 GT/s PCIe,1
70.700062,card3,400,400,2.5 GT/s PCIe,1
70.750070,card2,400,400,2.5 GT/s PCIe,1
70.750070,card3,400,400,2.5 GT/s PCIe,1
70.800048,card2,400,400,2.5 GT/s PCIe,1
70.800048,card3,400,400,2.5 GT/s PCIe,1
70.850058,card2,400,400,2.5 GT/s PCIe,1
70.850058,card3,400,400,2.5 GT/s PCIe,1
70.900059,card2,400,400,2.5 GT/s PCIe,1
70.900059,card3,400,400,2.5 GT/s PCIe,1
70.950051,card2,400,400,2.5 GT/s PCIe,1
70.950051,card3,400,400,2.5 GT/s PCIe,1
71.000067,card2,400,400,2.5 GT/s PCIe,1
71.000067,card3,400,400,2.5 GT/s PCIe,1
71.050066,card2,400,400,2.5 GT/s PCIe,1
71.050066,card3,400,400,2.5 GT/s PCIe,1
71.100067,card2,400,400,2.5 GT/s PCIe,1
71.100067,card3,400,400,2.5 GT/s PCIe,1
71.150049,card2,400,400,2.5 GT/s PCIe,1
71.150049,card3,400,400,2.5 GT/s PCIe,1
71.200059,card2,400,400,2.5 GT/s PCIe,1
71.200059,card3,400,400,2.5 GT/s PCIe,1
71.250058,card2,400,400,2.5 GT/s PCIe,1
71.250058,card3,400,400,2.5 GT/s PCIe,1
71.300048,card2,400,517,2.5 GT/s PCIe,1
71.300048,card3,400,517,2.5 GT/s PCIe,1
71.350068,card2,400,400,2.5 GT/s PCIe,1
71.350068,card3,400,400,2.5 GT/s PCIe,1
71.400061,card2,400,400,2.5 GT/s PCIe,1
71.400061,card3,400,400,2.5 GT/s PCIe,1
71.450068,card2,400,400,2.5 GT/s PCIe,1
71.450068,card3,400,400,2.5 GT/s PCIe,1
71.500064,card2,400,400,2.5 GT/s PCIe,1
71.500064,card3,400,400,2.5 GT/s PCIe,1
71.550060,card2,400,400,2.5 GT/s PCIe,1
71.550060,card3,400,400,2.5 GT/s PCIe,1
71.600069,card2,400,400,2.5 GT/s PCIe,1
71.600069,card3,400,400,2.5 GT/s PCIe,1
71.650380,card2,400,517,2.5 GT/s PCIe,1
71.650380,card3,400,517,2.5 GT/s PCIe,1
71.700060,card2,400,400,2.5 GT/s PCIe,1
71.700060,card3,400,400,2.5 GT/s PCIe,1
71.750059,card2,400,400,2.5 GT/s PCIe,1
71.750059,card3,400,400,2.5 GT/s PCIe,1
71.800049,card2,400,400,2.5 GT/s PCIe,1
71.800049,card3,400,400,2.5 GT/s PCIe,1
71.850048,card2,400,400,2.5 GT/s PCIe,1
71.850048,card3,400,400,2.5 GT/s PCIe,1
71.900051,card2,400,400,2.5 GT/s PCIe,1
71.900051,card3,400,400,2.5 GT/s PCIe,1
71.950059,card2,400,400,2.5 GT/s PCIe,1
71.950059,card3,400,400,2.5 GT/s PCIe,1
72.000059,card2,400,400,2.5 GT/s PCIe,1
72.000059,card3,400,400,2.5 GT/s PCIe,1
72.050059,card2,400,400,2.5 GT/s PCIe,1
72.050059,card3,400,400,2.5 GT/s PCIe,1
72.100069,card2,400,400,2.5 GT/s PCIe,1
72.100069,card3,400,400,2.5 GT/s PCIe,1
72.150059,card2,400,400,2.5 GT/s PCIe,1
72.150059,card3,400,400,2.5 GT/s PCIe,1
72.200060,card2,400,400,2.5 GT/s PCIe,1
72.200060,card3,400,517,2.5 GT/s PCIe,1
72.250058,card2,400,400,2.5 GT/s PCIe,1
72.250058,card3,400,400,2.5 GT/s PCIe,1
72.300050,card2,400,400,2.5 GT/s PCIe,1
72.300050,card3,400,400,2.5 GT/s PCIe,1
72.350049,card2,400,400,2.5 GT/s PCIe,1
72.350049,card3,400,517,2.5 GT/s PCIe,1
72.400049,card2,400,400,2.5 GT/s PCIe,1
72.400049,card3,400,400,2.5 GT/s PCIe,1
72.450056,card2,400,400,2.5 GT/s PCIe,1
72.450056,card3,400,400,2.5 GT/s PCIe,1
72.500068,card2,400,517,2.5 GT/s PCIe,1
72.500068,card3,400,517,2.5 GT/s PCIe,1
72.550070,card2,400,400,2.5 GT/s PCIe,1
72.550070,card3,400,400,2.5 GT/s PCIe,1
72.600061,card2,400,400,2.5 GT/s PCIe,1
72.600061,card3,400,400,2.5 GT/s PCIe,1
72.650050,card2,400,400,2.5 GT/s PCIe,1
72.650050,card3,400,400,2.5 GT/s PCIe,1
72.700061,card2,400,400,2.5 GT/s PCIe,1
72.700061,card3,400,400,2.5 GT/s PCIe,1
72.750049,card2,400,400,2.5 GT/s PCIe,1
72.750049,card3,400,400,2.5 GT/s PCIe,1
72.800049,card2,400,400,2.5 GT/s PCIe,1
72.800049,card3,400,400,2.5 GT/s PCIe,1
72.850070,card2,400,400,2.5 GT/s PCIe,1
72.850070,card3,400,400,2.5 GT/s PCIe,1
72.900052,card2,400,400,2.5 GT/s PCIe,1
72.900052,card3,400,400,2.5 GT/s PCIe,1
72.950047,card2,400,400,2.5 GT/s PCIe,1
72.950047,card3,400,400,2.5 GT/s PCIe,1
73.000061,card2,400,400,2.5 GT/s PCIe,1
73.000061,card3,400,400,2.5 GT/s PCIe,1
73.050059,card2,400,400,2.5 GT/s PCIe,1
73.050059,card3,400,400,2.5 GT/s PCIe,1
73.100050,card2,400,400,2.5 GT/s PCIe,1
73.100050,card3,400,517,2.5 GT/s PCIe,1
73.150049,card2,400,400,2.5 GT/s PCIe,1
73.150049,card3,400,400,2.5 GT/s PCIe,1
73.200058,card2,400,400,2.5 GT/s PCIe,1
73.200058,card3,400,400,2.5 GT/s PCIe,1
73.250048,card2,400,400,2.5 GT/s PCIe,1
73.250048,card3,400,400,2.5 GT/s PCIe,1
73.300048,card2,400,400,2.5 GT/s PCIe,1
73.300048,card3,400,400,2.5 GT/s PCIe,1
73.350047,card2,400,400,2.5 GT/s PCIe,1
73.350047,card3,400,400,2.5 GT/s PCIe,1
73.400049,card2,400,400,2.5 GT/s PCIe,1
73.400049,card3,400,400,2.5 GT/s PCIe,1
73.450059,card2,400,400,2.5 GT/s PCIe,1
73.450059,card3,400,400,2.5 GT/s PCIe,1
73.500050,card2,400,400,2.5 GT/s PCIe,1
73.500050,card3,400,400,2.5 GT/s PCIe,1
73.550051,card2,400,400,2.5 GT/s PCIe,1
73.550051,card3,400,400,2.5 GT/s PCIe,1
73.600060,card2,400,400,2.5 GT/s PCIe,1
73.600060,card3,400,400,2.5 GT/s PCIe,1
73.650049,card2,400,400,2.5 GT/s PCIe,1
73.650049,card3,400,517,2.5 GT/s PCIe,1
73.700050,card2,400,400,2.5 GT/s PCIe,1
73.700050,card3,400,400,2.5 GT/s PCIe,1
73.750070,card2,400,400,2.5 GT/s PCIe,1
73.750070,card3,400,400,2.5 GT/s PCIe,1
73.800064,card2,400,400,2.5 GT/s PCIe,1
73.800064,card3,400,400,2.5 GT/s PCIe,1
73.850074,card2,400,400,2.5 GT/s PCIe,1
73.850074,card3,400,400,2.5 GT/s PCIe,1
73.900051,card2,400,400,2.5 GT/s PCIe,1
73.900051,card3,400,400,2.5 GT/s PCIe,1
73.950061,card2,400,400,2.5 GT/s PCIe,1
73.950061,card3,400,400,2.5 GT/s PCIe,1
74.000052,card2,400,400,2.5 GT/s PCIe,1
74.000052,card3,400,400,2.5 GT/s PCIe,1
74.050050,card2,400,400,2.5 GT/s PCIe,1
74.050050,card3,400,400,2.5 GT/s PCIe,1
74.100057,card2,400,400,2.5 GT/s PCIe,1
74.100057,card3,400,400,2.5 GT/s PCIe,1
74.150049,card2,400,400,2.5 GT/s PCIe,1
74.150049,card3,400,400,2.5 GT/s PCIe,1
74.200049,card2,400,400,2.5 GT/s PCIe,1
74.200049,card3,400,517,2.5 GT/s PCIe,1
74.250058,card2,400,400,2.5 GT/s PCIe,1
74.250058,card3,400,400,2.5 GT/s PCIe,1
74.300058,card2,400,400,2.5 GT/s PCIe,1
74.300058,card3,400,400,2.5 GT/s PCIe,1
74.350061,card2,400,400,2.5 GT/s PCIe,1
74.350061,card3,400,400,2.5 GT/s PCIe,1
74.400048,card2,400,400,2.5 GT/s PCIe,1
74.400048,card3,400,400,2.5 GT/s PCIe,1
74.450047,card2,400,400,2.5 GT/s PCIe,1
74.450047,card3,400,400,2.5 GT/s PCIe,1
74.500049,card2,400,400,2.5 GT/s PCIe,1
74.500049,card3,400,400,2.5 GT/s PCIe,1
74.550060,card2,400,400,2.5 GT/s PCIe,1
74.550060,card3,400,400,2.5 GT/s PCIe,1
74.600049,card2,400,400,2.5 GT/s PCIe,1
74.600049,card3,400,400,2.5 GT/s PCIe,1
74.650050,card2,400,400,2.5 GT/s PCIe,1
74.650050,card3,400,400,2.5 GT/s PCIe,1
74.700049,card2,400,400,2.5 GT/s PCIe,1
74.700049,card3,400,400,2.5 GT/s PCIe,1
74.750048,card2,400,400,2.5 GT/s PCIe,1
74.750048,card3,400,400,2.5 GT/s PCIe,1
74.800056,card2,400,400,2.5 GT/s PCIe,1
74.800056,card3,400,400,2.5 GT/s PCIe,1
74.850069,card2,400,400,2.5 GT/s PCIe,1
74.850069,card3,400,400,2.5 GT/s PCIe,1
74.900058,card2,400,400,2.5 GT/s PCIe,1
74.900058,card3,400,400,2.5 GT/s PCIe,1
74.950047,card2,400,400,2.5 GT/s PCIe,1
74.950047,card3,400,400,2.5 GT/s PCIe,1
75.000058,card2,400,400,2.5 GT/s PCIe,1
75.000058,card3,400,400,2.5 GT/s PCIe,1
75.050058,card2,400,400,2.5 GT/s PCIe,1
75.050058,card3,400,400,2.5 GT/s PCIe,1
75.100055,card2,400,400,2.5 GT/s PCIe,1
75.100055,card3,400,400,2.5 GT/s PCIe,1
75.150060,card2,400,400,2.5 GT/s PCIe,1
75.150060,card3,400,400,2.5 GT/s PCIe,1
75.200058,card2,400,400,2.5 GT/s PCIe,1
75.200058,card3,400,400,2.5 GT/s PCIe,1
75.250069,card2,400,400,2.5 GT/s PCIe,1
75.250069,card3,400,517,2.5 GT/s PCIe,1
75.300066,card2,400,400,2.5 GT/s PCIe,1
75.300066,card3,400,400,2.5 GT/s PCIe,1
75.350068,card2,400,400,2.5 GT/s PCIe,1
75.350068,card3,400,400,2.5 GT/s PCIe,1
75.400066,card2,400,400,2.5 GT/s PCIe,1
75.400066,card3,400,400,2.5 GT/s PCIe,1
75.450058,card2,400,400,2.5 GT/s PCIe,1
75.450058,card3,400,400,2.5 GT/s PCIe,1
75.500054,card2,400,400,2.5 GT/s PCIe,1
75.500054,card3,400,517,2.5 GT/s PCIe,1
75.550058,card2,400,400,2.5 GT/s PCIe,1
75.550058,card3,400,400,2.5 GT/s PCIe,1
75.600049,card2,400,400,2.5 GT/s PCIe,1
75.600049,card3,400,400,2.5 GT/s PCIe,1
75.650061,card2,400,400,2.5 GT/s PCIe,1
75.650061,card3,400,400,2.5 GT/s PCIe,1
75.700049,card2,400,400,2.5 GT/s PCIe,1
75.700049,card3,400,400,2.5 GT/s PCIe,1
75.750048,card2,400,400,2.5 GT/s PCIe,1
75.750048,card3,400,400,2.5 GT/s PCIe,1
75.800049,card2,400,400,2.5 GT/s PCIe,1
75.800049,card3,400,517,2.5 GT/s PCIe,1
75.850057,card2,400,400,2.5 GT/s PCIe,1
75.850057,card3,400,400,2.5 GT/s PCIe,1
75.900058,card2,400,400,2.5 GT/s PCIe,1
75.900058,card3,400,400,2.5 GT/s PCIe,1
75.950059,card2,400,400,2.5 GT/s PCIe,1
75.950059,card3,400,517,2.5 GT/s PCIe,1
76.003061,card2,400,400,2.5 GT/s PCIe,1
76.003061,card3,400,400,2.5 GT/s PCIe,1
76.050060,card2,400,400,2.5 GT/s PCIe,1
76.050060,card3,400,400,2.5 GT/s PCIe,1
76.100051,card2,400,400,2.5 GT/s PCIe,1
76.100051,card3,400,400,2.5 GT/s PCIe,1
76.150049,card2,400,400,2.5 GT/s PCIe,1
76.150049,card3,400,400,2.5 GT/s PCIe,1
76.200061,card2,400,400,2.5 GT/s PCIe,1
76.200061,card3,400,400,2.5 GT/s PCIe,1
76.250061,card2,400,400,2.5 GT/s PCIe,1
76.250061,card3,400,400,2.5 GT/s PCIe,1
76.300061,card2,400,400,2.5 GT/s PCIe,1
76.300061,card3,400,400,2.5 GT/s PCIe,1
76.350057,card2,400,400,2.5 GT/s PCIe,1
76.350057,card3,400,400,2.5 GT/s PCIe,1
76.400049,card2,400,400,2.5 GT/s PCIe,1
76.400049,card3,400,400,2.5 GT/s PCIe,1
76.450049,card2,400,400,2.5 GT/s PCIe,1
76.450049,card3,400,400,2.5 GT/s PCIe,1
76.500049,card2,400,400,2.5 GT/s PCIe,1
76.500049,card3,400,400,2.5 GT/s PCIe,1
76.550048,card2,400,400,2.5 GT/s PCIe,1
76.550048,card3,400,400,2.5 GT/s PCIe,1
76.600058,card2,400,400,2.5 GT/s PCIe,1
76.600058,card3,400,400,2.5 GT/s PCIe,1
76.650074,card2,400,400,2.5 GT/s PCIe,1
76.650074,card3,400,400,2.5 GT/s PCIe,1
76.700063,card2,400,400,2.5 GT/s PCIe,1
76.700063,card3,400,400,2.5 GT/s PCIe,1
76.750049,card2,400,400,2.5 GT/s PCIe,1
76.750049,card3,400,400,2.5 GT/s PCIe,1
76.800050,card2,400,400,2.5 GT/s PCIe,1
76.800050,card3,400,400,2.5 GT/s PCIe,1
76.850071,card2,400,400,2.5 GT/s PCIe,1
76.850071,card3,400,400,2.5 GT/s PCIe,1
76.900059,card2,400,400,2.5 GT/s PCIe,1
76.900059,card3,400,400,2.5 GT/s PCIe,1
76.950048,card2,400,400,2.5 GT/s PCIe,1
76.950048,card3,400,400,2.5 GT/s PCIe,1
77.000050,card2,400,400,2.5 GT/s PCIe,1
77.000050,card3,400,400,2.5 GT/s PCIe,1
77.050049,card2,400,400,2.5 GT/s PCIe,1
77.050049,card3,400,400,2.5 GT/s PCIe,1
77.100049,card2,400,400,2.5 GT/s PCIe,1
77.100049,card3,400,400,2.5 GT/s PCIe,1
77.150048,card2,400,400,2.5 GT/s PCIe,1
77.150048,card3,400,400,2.5 GT/s PCIe,1
77.200051,card2,400,400,2.5 GT/s PCIe,1
77.200051,card3,400,400,2.5 GT/s PCIe,1
77.250049,card2,400,400,2.5 GT/s PCIe,1
77.250049,card3,400,400,2.5 GT/s PCIe,1
77.300059,card2,400,400,2.5 GT/s PCIe,1
77.300059,card3,400,400,2.5 GT/s PCIe,1
77.350067,card2,400,400,2.5 GT/s PCIe,1
77.350067,card3,400,400,2.5 GT/s PCIe,1
77.400049,card2,400,400,2.5 GT/s PCIe,1
77.400049,card3,400,400,2.5 GT/s PCIe,1
77.450050,card2,400,400,2.5 GT/s PCIe,1
77.450050,card3,400,400,2.5 GT/s PCIe,1
77.500071,card2,400,400,2.5 GT/s PCIe,1
77.500071,card3,400,400,2.5 GT/s PCIe,1
77.550068,card2,400,400,2.5 GT/s PCIe,1
77.550068,card3,400,400,2.5 GT/s PCIe,1
77.600070,card2,400,400,2.5 GT/s PCIe,1
77.600070,card3,400,400,2.5 GT/s PCIe,1
77.650049,card2,400,400,2.5 GT/s PCIe,1
77.650049,card3,400,400,2.5 GT/s PCIe,1
77.700057,card2,400,400,2.5 GT/s PCIe,1
77.700057,card3,400,400,2.5 GT/s PCIe,1
77.750051,card2,400,400,2.5 GT/s PCIe,1
77.750051,card3,400,517,2.5 GT/s PCIe,1
77.800069,card2,400,400,2.5 GT/s PCIe,1
77.800069,card3,400,400,2.5 GT/s PCIe,1
77.850065,card2,400,400,2.5 GT/s PCIe,1
77.850065,card3,400,400,2.5 GT/s PCIe,1
77.900070,card2,400,400,2.5 GT/s PCIe,1
77.900070,card3,400,400,2.5 GT/s PCIe,1
77.950061,card2,400,400,2.5 GT/s PCIe,1
77.950061,card3,400,400,2.5 GT/s PCIe,1
78.000069,card2,400,400,2.5 GT/s PCIe,1
78.000069,card3,400,400,2.5 GT/s PCIe,1
78.050062,card2,400,400,2.5 GT/s PCIe,1
78.050062,card3,400,400,2.5 GT/s PCIe,1
78.100049,card2,400,400,2.5 GT/s PCIe,1
78.100049,card3,400,400,2.5 GT/s PCIe,1
78.150049,card2,400,400,2.5 GT/s PCIe,1
78.150049,card3,400,400,2.5 GT/s PCIe,1
78.200052,card2,400,400,2.5 GT/s PCIe,1
78.200052,card3,400,400,2.5 GT/s PCIe,1
78.250049,card2,400,400,2.5 GT/s PCIe,1
78.250049,card3,400,400,2.5 GT/s PCIe,1
78.300049,card2,400,400,2.5 GT/s PCIe,1
78.300049,card3,400,400,2.5 GT/s PCIe,1
78.350048,card2,400,400,2.5 GT/s PCIe,1
78.350048,card3,400,400,2.5 GT/s PCIe,1
78.400050,card2,400,400,2.5 GT/s PCIe,1
78.400050,card3,400,400,2.5 GT/s PCIe,1
78.450047,card2,400,400,2.5 GT/s PCIe,1
78.450047,card3,400,400,2.5 GT/s PCIe,1
78.500067,card2,400,400,2.5 GT/s PCIe,1
78.500067,card3,400,400,2.5 GT/s PCIe,1
78.550059,card2,400,400,2.5 GT/s PCIe,1
78.550059,card3,400,400,2.5 GT/s PCIe,1
78.600060,card2,2800,2800,2.5 GT/s PCIe,1
78.600060,card3,400,400,2.5 GT/s PCIe,1
78.650050,card2,2800,2800,2.5 GT/s PCIe,1
78.650050,card3,400,400,2.5 GT/s PCIe,1
78.700060,card2,2800,2783,2.5 GT/s PCIe,1
78.700060,card3,400,400,2.5 GT/s PCIe,1
78.750059,card2,2800,2750,2.5 GT/s PCIe,1
78.750059,card3,400,400,2.5 GT/s PCIe,1
78.800049,card2,2800,2733,2.5 GT/s PCIe,1
78.800049,card3,400,400,2.5 GT/s PCIe,1
78.850063,card2,2800,2717,2.5 GT/s PCIe,1
78.850063,card3,400,400,2.5 GT/s PCIe,1
78.900058,card2,2800,2717,2.5 GT/s PCIe,1
78.900058,card3,400,400,2.5 GT/s PCIe,1
78.950049,card2,2800,2717,2.5 GT/s PCIe,1
78.950049,card3,400,400,2.5 GT/s PCIe,1
79.000068,card2,2800,2717,2.5 GT/s PCIe,1
79.000068,card3,400,400,2.5 GT/s PCIe,1
79.050059,card2,2800,2717,2.5 GT/s PCIe,1
79.050059,card3,400,400,2.5 GT/s PCIe,1
79.100068,card2,2800,2733,2.5 GT/s PCIe,1
79.100068,card3,400,400,2.5 GT/s PCIe,1
79.150059,card2,2800,2733,2.5 GT/s PCIe,1
79.150059,card3,400,400,2.5 GT/s PCIe,1
79.200048,card2,2800,2733,2.5 GT/s PCIe,1
79.200048,card3,400,400,2.5 GT/s PCIe,1
79.250048,card2,2800,2800,2.5 GT/s PCIe,1
79.250048,card3,400,400,2.5 GT/s PCIe,1
79.300068,card2,2800,2717,2.5 GT/s PCIe,1
79.300068,card3,400,400,2.5 GT/s PCIe,1
79.350063,card2,2800,2717,2.5 GT/s PCIe,1
79.350063,card3,400,400,2.5 GT/s PCIe,1
79.400049,card2,2800,2750,2.5 GT/s PCIe,1
79.400049,card3,400,400,2.5 GT/s PCIe,1
79.450065,card2,2800,2633,2.5 GT/s PCIe,1
79.450065,card3,400,400,2.5 GT/s PCIe,1
79.500065,card2,2800,2800,2.5 GT/s PCIe,1
79.500065,card3,400,400,2.5 GT/s PCIe,1
79.550059,card2,2800,2800,2.5 GT/s PCIe,1
79.550059,card3,400,400,2.5 GT/s PCIe,1
79.600067,card2,2800,2800,2.5 GT/s PCIe,1
79.600067,card3,400,400,2.5 GT/s PCIe,1
79.650049,card2,2100,2100,2.5 GT/s PCIe,1
79.650049,card3,400,400,2.5 GT/s PCIe,1
79.700063,card2,1467,1500,2.5 GT/s PCIe,1
79.700063,card3,400,400,2.5 GT/s PCIe,1
79.750049,card2,1467,1500,2.5 GT/s PCIe,1
79.750049,card3,400,400,2.5 GT/s PCIe,1
79.800050,card2,1033,1050,2.5 GT/s PCIe,1
79.800050,card3,400,517,2.5 GT/s PCIe,1
79.850050,card2,1033,1050,2.5 GT/s PCIe,1
79.850050,card3,400,400,2.5 GT/s PCIe,1
79.900059,card2,733,750,2.5 GT/s PCIe,1
79.900059,card3,400,400,2.5 GT/s PCIe,1
79.950049,card2,733,750,2.5 GT/s PCIe,1
79.950049,card3,400,400,2.5 GT/s PCIe,1
80.000049,card2,517,550,2.5 GT/s PCIe,1
80.000049,card3,400,400,2.5 GT/s PCIe,1
80.050048,card2,517,550,2.5 GT/s PCIe,1
80.050048,card3,400,400,2.5 GT/s PCIe,1
80.100059,card2,400,400,2.5 GT/s PCIe,1
80.100059,card3,400,517,2.5 GT/s PCIe,1
80.150051,card2,400,400,2.5 GT/s PCIe,1
80.150051,card3,400,400,2.5 GT/s PCIe,1
80.200060,card2,400,400,2.5 GT/s PCIe,1
80.200060,card3,400,400,2.5 GT/s PCIe,1
80.250372,card2,400,517,2.5 GT/s PCIe,1
80.250372,card3,400,517,2.5 GT/s PCIe,1
80.300062,card2,400,400,2.5 GT/s PCIe,1
80.300062,card3,400,400,2.5 GT/s PCIe,1
80.350049,card2,400,400,2.5 GT/s PCIe,1
80.350049,card3,400,400,2.5 GT/s PCIe,1
80.400051,card2,400,400,2.5 GT/s PCIe,1
80.400051,card3,400,400,2.5 GT/s PCIe,1
80.450058,card2,400,400,2.5 GT/s PCIe,1
80.450058,card3,400,400,2.5 GT/s PCIe,1
80.500067,card2,400,400,2.5 GT/s PCIe,1
80.500067,card3,400,400,2.5 GT/s PCIe,1
80.550072,card2,400,400,2.5 GT/s PCIe,1
80.550072,card3,400,400,2.5 GT/s PCIe,1
80.600049,card2,400,400,2.5 GT/s PCIe,1
80.600049,card3,400,400,2.5 GT/s PCIe,1
80.650062,card2,400,400,2.5 GT/s PCIe,1
80.650062,card3,400,400,2.5 GT/s PCIe,1
80.700048,card2,400,400,2.5 GT/s PCIe,1
80.700048,card3,400,400,2.5 GT/s PCIe,1
80.750049,card2,400,400,2.5 GT/s PCIe,1
80.750049,card3,400,517,2.5 GT/s PCIe,1
80.800048,card2,400,400,2.5 GT/s PCIe,1
80.800048,card3,400,400,2.5 GT/s PCIe,1
80.850047,card2,400,400,2.5 GT/s PCIe,1
80.850047,card3,400,400,2.5 GT/s PCIe,1
80.900049,card2,400,400,2.5 GT/s PCIe,1
80.900049,card3,400,400,2.5 GT/s PCIe,1
80.950048,card2,400,400,2.5 GT/s PCIe,1
80.950048,card3,400,400,2.5 GT/s PCIe,1
81.000048,card2,400,400,2.5 GT/s PCIe,1
81.000048,card3,400,400,2.5 GT/s PCIe,1
81.050047,card2,400,400,2.5 GT/s PCIe,1
81.050047,card3,400,400,2.5 GT/s PCIe,1
81.100049,card2,400,400,2.5 GT/s PCIe,1
81.100049,card3,400,400,2.5 GT/s PCIe,1
81.150049,card2,400,400,2.5 GT/s PCIe,1
81.150049,card3,400,400,2.5 GT/s PCIe,1
81.200049,card2,400,400,2.5 GT/s PCIe,1
81.200049,card3,400,400,2.5 GT/s PCIe,1
81.250048,card2,400,400,2.5 GT/s PCIe,1
81.250048,card3,400,400,2.5 GT/s PCIe,1
81.300047,card2,400,400,2.5 GT/s PCIe,1
81.300047,card3,400,400,2.5 GT/s PCIe,1
81.350057,card2,400,400,2.5 GT/s PCIe,1
81.350057,card3,400,517,2.5 GT/s PCIe,1
81.400049,card2,400,400,2.5 GT/s PCIe,1
81.400049,card3,400,400,2.5 GT/s PCIe,1
81.450065,card2,400,400,2.5 GT/s PCIe,1
81.450065,card3,400,400,2.5 GT/s PCIe,1
81.500061,card2,400,400,2.5 GT/s PCIe,1
81.500061,card3,400,400,2.5 GT/s PCIe,1
81.550070,card2,400,400,2.5 GT/s PCIe,1
81.550070,card3,400,400,2.5 GT/s PCIe,1
81.600049,card2,400,400,2.5 GT/s PCIe,1
81.600049,card3,400,400,2.5 GT/s PCIe,1
81.650050,card2,400,400,2.5 GT/s PCIe,1
81.650050,card3,400,400,2.5 GT/s PCIe,1
81.700050,card2,400,400,2.5 GT/s PCIe,1
81.700050,card3,400,400,2.5 GT/s PCIe,1
81.750061,card2,400,400,2.5 GT/s PCIe,1
81.750061,card3,400,400,2.5 GT/s PCIe,1
81.800065,card2,400,400,2.5 GT/s PCIe,1
81.800065,card3,400,517,2.5 GT/s PCIe,1
81.850068,card2,400,400,2.5 GT/s PCIe,1
81.850068,card3,400,400,2.5 GT/s PCIe,1
81.900048,card2,400,400,2.5 GT/s PCIe,1
81.900048,card3,400,400,2.5 GT/s PCIe,1
81.950064,card2,400,400,2.5 GT/s PCIe,1
81.950064,card3,400,400,2.5 GT/s PCIe,1
82.000066,card2,400,400,2.5 GT/s PCIe,1
82.000066,card3,400,400,2.5 GT/s PCIe,1
82.050068,card2,400,400,2.5 GT/s PCIe,1
82.050068,card3,400,400,2.5 GT/s PCIe,1
82.100070,card2,400,400,2.5 GT/s PCIe,1
82.100070,card3,400,400,2.5 GT/s PCIe,1
82.150049,card2,400,400,2.5 GT/s PCIe,1
82.150049,card3,400,400,2.5 GT/s PCIe,1
82.200063,card2,400,400,2.5 GT/s PCIe,1
82.200063,card3,400,400,2.5 GT/s PCIe,1
82.250070,card2,400,400,2.5 GT/s PCIe,1
82.250070,card3,400,400,2.5 GT/s PCIe,1
82.300064,card2,400,400,2.5 GT/s PCIe,1
82.300064,card3,400,517,2.5 GT/s PCIe,1
82.350069,card2,400,400,2.5 GT/s PCIe,1
82.350069,card3,400,400,2.5 GT/s PCIe,1
82.400049,card2,400,400,2.5 GT/s PCIe,1
82.400049,card3,400,400,2.5 GT/s PCIe,1
82.450048,card2,400,400,2.5 GT/s PCIe,1
82.450048,card3,400,400,2.5 GT/s PCIe,1
82.500049,card2,400,400,2.5 GT/s PCIe,1
82.500049,card3,400,400,2.5 GT/s PCIe,1
82.550067,card2,400,400,2.5 GT/s PCIe,1
82.550067,card3,400,400,2.5 GT/s PCIe,1
82.600057,card2,400,400,2.5 GT/s PCIe,1
82.600057,card3,400,400,2.5 GT/s PCIe,1
82.650054,card2,400,400,2.5 GT/s PCIe,1
82.650054,card3,400,517,2.5 GT/s PCIe,1
82.700049,card2,400,400,2.5 GT/s PCIe,1
82.700049,card3,400,400,2.5 GT/s PCIe,1
82.750067,card2,400,400,2.5 GT/s PCIe,1
82.750067,card3,400,400,2.5 GT/s PCIe,1
82.800067,card2,400,400,2.5 GT/s PCIe,1
82.800067,card3,400,400,2.5 GT/s PCIe,1
82.850068,card2,400,400,2.5 GT/s PCIe,1
82.850068,card3,400,400,2.5 GT/s PCIe,1
82.900069,card2,400,400,2.5 GT/s PCIe,1
82.900069,card3,400,400,2.5 GT/s PCIe,1
82.950069,card2,400,400,2.5 GT/s PCIe,1
82.950069,card3,400,400,2.5 GT/s PCIe,1
83.000060,card2,400,400,2.5 GT/s PCIe,1
83.000060,card3,400,400,2.5 GT/s PCIe,1
83.050069,card2,400,400,2.5 GT/s PCIe,1
83.050069,card3,400,517,2.5 GT/s PCIe,1
83.100068,card2,400,400,2.5 GT/s PCIe,1
83.100068,card3,400,400,2.5 GT/s PCIe,1
83.150059,card2,400,400,2.5 GT/s PCIe,1
83.150059,card3,400,400,2.5 GT/s PCIe,1
83.200060,card2,400,400,2.5 GT/s PCIe,1
83.200060,card3,400,400,2.5 GT/s PCIe,1
83.250048,card2,400,400,2.5 GT/s PCIe,1
83.250048,card3,400,400,2.5 GT/s PCIe,1
83.300048,card2,400,400,2.5 GT/s PCIe,1
83.300048,card3,400,400,2.5 GT/s PCIe,1
83.350048,card2,400,400,2.5 GT/s PCIe,1
83.350048,card3,400,400,2.5 GT/s PCIe,1
83.400059,card2,400,400,2.5 GT/s PCIe,1
83.400059,card3,400,400,2.5 GT/s PCIe,1
83.450056,card2,400,400,2.5 GT/s PCIe,1
83.450056,card3,400,400,2.5 GT/s PCIe,1
83.500071,card2,400,400,2.5 GT/s PCIe,1
83.500071,card3,400,400,2.5 GT/s PCIe,1
83.550060,card2,400,400,2.5 GT/s PCIe,1
83.550060,card3,400,400,2.5 GT/s PCIe,1
83.600053,card2,400,400,2.5 GT/s PCIe,1
83.600053,card3,400,400,2.5 GT/s PCIe,1
83.650051,card2,400,400,2.5 GT/s PCIe,1
83.650051,card3,400,400,2.5 GT/s PCIe,1
83.700059,card2,583,600,2.5 GT/s PCIe,1
83.700059,card3,400,400,2.5 GT/s PCIe,1
83.750049,card2,583,600,2.5 GT/s PCIe,1
83.750049,card3,400,400,2.5 GT/s PCIe,1
83.800058,card2,2800,2800,2.5 GT/s PCIe,1
83.800058,card3,400,400,2.5 GT/s PCIe,1
83.850065,card2,2800,2800,2.5 GT/s PCIe,1
83.850065,card3,400,400,2.5 GT/s PCIe,1
83.900059,card2,2800,2800,2.5 GT/s PCIe,1
83.900059,card3,400,400,2.5 GT/s PCIe,1
83.950068,card2,2800,2800,2.5 GT/s PCIe,1
83.950068,card3,400,400,2.5 GT/s PCIe,1
84.000062,card2,2167,2200,2.5 GT/s PCIe,1
84.000062,card3,400,400,2.5 GT/s PCIe,1
84.050049,card2,2800,2800,2.5 GT/s PCIe,1
84.050049,card3,400,400,2.5 GT/s PCIe,1
84.100069,card2,2800,0,2.5 GT/s PCIe,1
84.100069,card3,400,400,2.5 GT/s PCIe,1
84.150060,card2,1967,2000,2.5 GT/s PCIe,1
84.150060,card3,400,400,2.5 GT/s PCIe,1
84.200059,card2,1967,2000,2.5 GT/s PCIe,1
84.200059,card3,400,400,2.5 GT/s PCIe,1
84.250068,card2,1967,2000,2.5 GT/s PCIe,1
84.250068,card3,400,400,2.5 GT/s PCIe,1
84.300064,card2,1967,2000,2.5 GT/s PCIe,1
84.300064,card3,400,400,2.5 GT/s PCIe,1
84.350065,card2,1967,2000,2.5 GT/s PCIe,1
84.350065,card3,400,517,2.5 GT/s PCIe,1
84.400052,card2,1333,1350,2.5 GT/s PCIe,1
84.400052,card3,400,400,2.5 GT/s PCIe,1
84.450049,card2,933,950,2.5 GT/s PCIe,1
84.450049,card3,400,400,2.5 GT/s PCIe,1
84.500064,card2,1083,1100,2.5 GT/s PCIe,1
84.500064,card3,400,517,2.5 GT/s PCIe,1
84.550049,card2,1083,1100,2.5 GT/s PCIe,1
84.550049,card3,400,400,2.5 GT/s PCIe,1
84.600051,card2,917,950,2.5 GT/s PCIe,1
84.600051,card3,400,400,2.5 GT/s PCIe,1
84.650050,card2,650,650,2.5 GT/s PCIe,1
84.650050,card3,400,400,2.5 GT/s PCIe,1
84.700050,card2,650,650,2.5 GT/s PCIe,1
84.700050,card3,400,400,2.5 GT/s PCIe,1
84.750050,card2,650,650,2.5 GT/s PCIe,1
84.750050,card3,400,517,2.5 GT/s PCIe,1
84.800056,card2,650,650,2.5 GT/s PCIe,1
84.800056,card3,400,400,2.5 GT/s PCIe,1
84.850059,card2,650,650,2.5 GT/s PCIe,1
84.850059,card3,400,400,2.5 GT/s PCIe,1
84.900067,card2,417,450,2.5 GT/s PCIe,1
84.900067,card3,400,400,2.5 GT/s PCIe,1
84.950052,card2,417,450,2.5 GT/s PCIe,1
84.950052,card3,400,400,2.5 GT/s PCIe,1
85.000061,card2,400,400,2.5 GT/s PCIe,1
85.000061,card3,400,400,2.5 GT/s PCIe,1
85.050057,card2,400,400,2.5 GT/s PCIe,1
85.050057,card3,400,400,2.5 GT/s PCIe,1
85.100052,card2,400,400,2.5 GT/s PCIe,1
85.100052,card3,400,400,2.5 GT/s PCIe,1
85.150050,card2,400,400,2.5 GT/s PCIe,1
85.150050,card3,400,400,2.5 GT/s PCIe,1
85.200049,card2,2800,2800,2.5 GT/s PCIe,1
85.200049,card3,400,400,2.5 GT/s PCIe,1
85.250050,card2,2800,2800,2.5 GT/s PCIe,1
85.250050,card3,400,400,2.5 GT/s PCIe,1
85.300066,card2,2800,2800,2.5 GT/s PCIe,1
85.300066,card3,400,400,2.5 GT/s PCIe,1
85.350050,card2,2800,2800,2.5 GT/s PCIe,1
85.350050,card3,400,400,2.5 GT/s PCIe,1
85.400050,card2,2750,2750,2.5 GT/s PCIe,1
85.400050,card3,400,400,2.5 GT/s PCIe,1
85.450072,card2,2083,2100,2.5 GT/s PCIe,1
85.450072,card3,400,400,2.5 GT/s PCIe,1
85.500050,card2,2800,2800,2.5 GT/s PCIe,1
85.500050,card3,400,400,2.5 GT/s PCIe,1
85.550065,card2,2800,2800,2.5 GT/s PCIe,1
85.550065,card3,400,400,2.5 GT/s PCIe,1
85.600049,card2,2800,2800,2.5 GT/s PCIe,1
85.600049,card3,400,400,2.5 GT/s PCIe,1
85.650052,card2,2800,2800,2.5 GT/s PCIe,1
85.650052,card3,400,517,2.5 GT/s PCIe,1
85.700049,card2,2800,2800,2.5 GT/s PCIe,1
85.700049,card3,400,400,2.5 GT/s PCIe,1
85.750055,card2,2150,2150,2.5 GT/s PCIe,1
85.750055,card3,400,400,2.5 GT/s PCIe,1
85.800061,card2,2800,2800,2.5 GT/s PCIe,1
85.800061,card3,400,400,2.5 GT/s PCIe,1
85.850058,card2,2800,2800,2.5 GT/s PCIe,1
85.850058,card3,400,400,2.5 GT/s PCIe,1
85.900059,card2,2800,2800,2.5 GT/s PCIe,1
85.900059,card3,400,400,2.5 GT/s PCIe,1
85.950049,card2,2800,2800,2.5 GT/s PCIe,1
85.950049,card3,400,400,2.5 GT/s PCIe,1
86.000060,card2,2800,2800,2.5 GT/s PCIe,1
86.000060,card3,400,400,2.5 GT/s PCIe,1
86.050049,card2,2800,2800,2.5 GT/s PCIe,1
86.050049,card3,400,400,2.5 GT/s PCIe,1
86.100051,card2,2800,2800,2.5 GT/s PCIe,1
86.100051,card3,400,400,2.5 GT/s PCIe,1
86.150053,card2,2800,2800,2.5 GT/s PCIe,1
86.150053,card3,400,400,2.5 GT/s PCIe,1
86.200050,card2,2800,2800,2.5 GT/s PCIe,1
86.200050,card3,400,400,2.5 GT/s PCIe,1
86.250050,card2,2800,2800,2.5 GT/s PCIe,1
86.250050,card3,400,400,2.5 GT/s PCIe,1
86.300060,card2,2800,2800,2.5 GT/s PCIe,1
86.300060,card3,400,400,2.5 GT/s PCIe,1
86.350052,card2,2800,2800,2.5 GT/s PCIe,1
86.350052,card3,400,400,2.5 GT/s PCIe,1
86.400050,card2,1983,2000,2.5 GT/s PCIe,1
86.400050,card3,400,400,2.5 GT/s PCIe,1
86.450048,card2,1983,2000,2.5 GT/s PCIe,1
86.450048,card3,400,400,2.5 GT/s PCIe,1
86.500065,card2,1983,2000,2.5 GT/s PCIe,1
86.500065,card3,400,400,2.5 GT/s PCIe,1
86.550049,card2,2800,2800,2.5 GT/s PCIe,1
86.550049,card3,400,400,2.5 GT/s PCIe,1
86.600048,card2,2800,2800,2.5 GT/s PCIe,1
86.600048,card3,400,400,2.5 GT/s PCIe,1
86.650049,card2,2800,2800,2.5 GT/s PCIe,1
86.650049,card3,400,400,2.5 GT/s PCIe,1
86.700053,card2,2800,2800,2.5 GT/s PCIe,1
86.700053,card3,400,400,2.5 GT/s PCIe,1
86.750053,card2,2800,2800,2.5 GT/s PCIe,1
86.750053,card3,400,400,2.5 GT/s PCIe,1
86.800060,card2,2800,2800,2.5 GT/s PCIe,1
86.800060,card3,400,400,2.5 GT/s PCIe,1
86.850052,card2,2800,2800,2.5 GT/s PCIe,1
86.850052,card3,400,400,2.5 GT/s PCIe,1
86.900060,card2,2800,2800,2.5 GT/s PCIe,1
86.900060,card3,400,400,2.5 GT/s PCIe,1
86.950050,card2,2800,2800,2.5 GT/s PCIe,1
86.950050,card3,400,400,2.5 GT/s PCIe,1
87.000049,card2,2800,2800,2.5 GT/s PCIe,1
87.000049,card3,400,517,2.5 GT/s PCIe,1
87.050059,card2,2800,2800,2.5 GT/s PCIe,1
87.050059,card3,400,400,2.5 GT/s PCIe,1
87.100049,card2,2800,2800,2.5 GT/s PCIe,1
87.100049,card3,400,400,2.5 GT/s PCIe,1
87.150049,card2,2800,2800,2.5 GT/s PCIe,1
87.150049,card3,400,400,2.5 GT/s PCIe,1
87.200049,card2,2800,2800,2.5 GT/s PCIe,1
87.200049,card3,400,400,2.5 GT/s PCIe,1
87.250050,card2,2800,2800,2.5 GT/s PCIe,1
87.250050,card3,400,400,2.5 GT/s PCIe,1
87.300052,card2,2800,2800,2.5 GT/s PCIe,1
87.300052,card3,400,400,2.5 GT/s PCIe,1
87.350050,card2,2800,2800,2.5 GT/s PCIe,1
87.350050,card3,400,400,2.5 GT/s PCIe,1
87.400049,card2,2800,2800,2.5 GT/s PCIe,1
87.400049,card3,400,400,2.5 GT/s PCIe,1
87.450055,card2,2800,2633,2.5 GT/s PCIe,1
87.450055,card3,400,400,2.5 GT/s PCIe,1
87.500070,card2,2800,2800,2.5 GT/s PCIe,1
87.500070,card3,400,400,2.5 GT/s PCIe,1
87.550049,card2,2800,2800,2.5 GT/s PCIe,1
87.550049,card3,400,400,2.5 GT/s PCIe,1
87.600049,card2,2800,2800,2.5 GT/s PCIe,1
87.600049,card3,400,400,2.5 GT/s PCIe,1
87.650048,card2,2800,2800,2.5 GT/s PCIe,1
87.650048,card3,400,400,2.5 GT/s PCIe,1
87.700049,card2,2800,2800,2.5 GT/s PCIe,1
87.700049,card3,400,400,2.5 GT/s PCIe,1
87.750061,card2,2800,2800,2.5 GT/s PCIe,1
87.750061,card3,400,400,2.5 GT/s PCIe,1
87.800047,card2,2800,2800,2.5 GT/s PCIe,1
87.800047,card3,400,400,2.5 GT/s PCIe,1
87.850067,card2,2800,2800,2.5 GT/s PCIe,1
87.850067,card3,400,400,2.5 GT/s PCIe,1
87.900058,card2,2800,2800,2.5 GT/s PCIe,1
87.900058,card3,400,400,2.5 GT/s PCIe,1
87.950047,card2,2800,2800,2.5 GT/s PCIe,1
87.950047,card3,400,400,2.5 GT/s PCIe,1
88.000049,card2,2800,2800,2.5 GT/s PCIe,1
88.000049,card3,400,400,2.5 GT/s PCIe,1
88.050049,card2,2800,2800,2.5 GT/s PCIe,1
88.050049,card3,400,400,2.5 GT/s PCIe,1
88.100047,card2,2800,2800,2.5 GT/s PCIe,1
88.100047,card3,400,400,2.5 GT/s PCIe,1
88.150047,card2,2800,2800,2.5 GT/s PCIe,1
88.150047,card3,400,400,2.5 GT/s PCIe,1
88.200047,card2,2800,2800,2.5 GT/s PCIe,1
88.200047,card3,400,400,2.5 GT/s PCIe,1
88.250052,card2,2800,2800,2.5 GT/s PCIe,1
88.250052,card3,400,400,2.5 GT/s PCIe,1
88.300048,card2,2800,2800,2.5 GT/s PCIe,1
88.300048,card3,400,400,2.5 GT/s PCIe,1
88.350050,card2,2800,2800,2.5 GT/s PCIe,1
88.350050,card3,400,400,2.5 GT/s PCIe,1
88.400052,card2,2800,2800,2.5 GT/s PCIe,1
88.400052,card3,400,400,2.5 GT/s PCIe,1
88.450050,card2,2800,2800,2.5 GT/s PCIe,1
88.450050,card3,400,400,2.5 GT/s PCIe,1
88.500062,card2,2800,2800,2.5 GT/s PCIe,1
88.500062,card3,400,400,2.5 GT/s PCIe,1
88.550060,card2,2800,2800,2.5 GT/s PCIe,1
88.550060,card3,400,400,2.5 GT/s PCIe,1
88.600049,card2,2800,2800,2.5 GT/s PCIe,1
88.600049,card3,400,517,2.5 GT/s PCIe,1
88.650059,card2,2800,2800,2.5 GT/s PCIe,1
88.650059,card3,400,400,2.5 GT/s PCIe,1
88.700048,card2,2800,2800,2.5 GT/s PCIe,1
88.700048,card3,400,400,2.5 GT/s PCIe,1
88.750057,card2,2800,2800,2.5 GT/s PCIe,1
88.750057,card3,400,400,2.5 GT/s PCIe,1
88.800052,card2,2800,2800,2.5 GT/s PCIe,1
88.800052,card3,400,400,2.5 GT/s PCIe,1
88.850058,card2,2800,2800,2.5 GT/s PCIe,1
88.850058,card3,400,400,2.5 GT/s PCIe,1
88.900050,card2,2800,2800,2.5 GT/s PCIe,1
88.900050,card3,400,400,2.5 GT/s PCIe,1
88.950048,card2,2800,2800,2.5 GT/s PCIe,1
88.950048,card3,400,400,2.5 GT/s PCIe,1
89.000050,card2,2800,2800,2.5 GT/s PCIe,1
89.000050,card3,400,400,2.5 GT/s PCIe,1
89.050058,card2,2800,2800,2.5 GT/s PCIe,1
89.050058,card3,400,400,2.5 GT/s PCIe,1
89.100049,card2,2800,2800,2.5 GT/s PCIe,1
89.100049,card3,400,400,2.5 GT/s PCIe,1
89.150048,card2,2800,2800,2.5 GT/s PCIe,1
89.150048,card3,400,400,2.5 GT/s PCIe,1
89.200049,card2,2800,2800,2.5 GT/s PCIe,1
89.200049,card3,400,400,2.5 GT/s PCIe,1
89.250050,card2,2800,2800,2.5 GT/s PCIe,1
89.250050,card3,400,400,2.5 GT/s PCIe,1
89.300049,card2,2800,2800,2.5 GT/s PCIe,1
89.300049,card3,400,400,2.5 GT/s PCIe,1
89.350048,card2,2800,2800,2.5 GT/s PCIe,1
89.350048,card3,400,400,2.5 GT/s PCIe,1
89.400051,card2,2800,2800,2.5 GT/s PCIe,1
89.400051,card3,400,400,2.5 GT/s PCIe,1
89.450060,card2,2800,2800,2.5 GT/s PCIe,1
89.450060,card3,400,400,2.5 GT/s PCIe,1
89.500050,card2,2800,2800,2.5 GT/s PCIe,1
89.500050,card3,400,400,2.5 GT/s PCIe,1
89.550058,card2,2800,2800,2.5 GT/s PCIe,1
89.550058,card3,400,400,2.5 GT/s PCIe,1
89.600049,card2,2800,2800,2.5 GT/s PCIe,1
89.600049,card3,400,400,2.5 GT/s PCIe,1
89.650063,card2,2800,2800,2.5 GT/s PCIe,1
89.650063,card3,400,400,2.5 GT/s PCIe,1
89.700055,card2,2800,2800,2.5 GT/s PCIe,1
89.700055,card3,400,400,2.5 GT/s PCIe,1
89.750057,card2,2800,2800,2.5 GT/s PCIe,1
89.750057,card3,400,400,2.5 GT/s PCIe,1
89.800049,card2,2800,2800,2.5 GT/s PCIe,1
89.800049,card3,400,400,2.5 GT/s PCIe,1
89.850067,card2,2800,2800,2.5 GT/s PCIe,1
89.850067,card3,400,400,2.5 GT/s PCIe,1
89.900049,card2,2800,2800,2.5 GT/s PCIe,1
89.900049,card3,400,400,2.5 GT/s PCIe,1
89.950049,card2,2800,2800,2.5 GT/s PCIe,1
89.950049,card3,400,400,2.5 GT/s PCIe,1
90.000049,card2,2800,2800,2.5 GT/s PCIe,1
90.000049,card3,400,400,2.5 GT/s PCIe,1
90.050050,card2,2800,2800,2.5 GT/s PCIe,1
90.050050,card3,400,400,2.5 GT/s PCIe,1
90.100059,card2,2800,2800,2.5 GT/s PCIe,1
90.100059,card3,400,400,2.5 GT/s PCIe,1
90.150061,card2,2800,2800,2.5 GT/s PCIe,1
90.150061,card3,400,400,2.5 GT/s PCIe,1
90.200049,card2,2800,2800,2.5 GT/s PCIe,1
90.200049,card3,400,400,2.5 GT/s PCIe,1
90.250049,card2,2800,2800,2.5 GT/s PCIe,1
90.250049,card3,400,400,2.5 GT/s PCIe,1
90.300058,card2,2800,2800,2.5 GT/s PCIe,1
90.300058,card3,400,400,2.5 GT/s PCIe,1
90.350048,card2,2800,2800,2.5 GT/s PCIe,1
90.350048,card3,400,400,2.5 GT/s PCIe,1
90.400059,card2,2800,2800,2.5 GT/s PCIe,1
90.400059,card3,400,400,2.5 GT/s PCIe,1
90.450056,card2,2800,2800,2.5 GT/s PCIe,1
90.450056,card3,400,400,2.5 GT/s PCIe,1
90.500059,card2,2800,2800,2.5 GT/s PCIe,1
90.500059,card3,400,400,2.5 GT/s PCIe,1
90.550048,card2,2800,2800,2.5 GT/s PCIe,1
90.550048,card3,400,400,2.5 GT/s PCIe,1
90.600049,card2,2800,2800,2.5 GT/s PCIe,1
90.600049,card3,400,400,2.5 GT/s PCIe,1
90.650048,card2,2800,2800,2.5 GT/s PCIe,1
90.650048,card3,400,517,2.5 GT/s PCIe,1
90.700049,card2,2800,2800,2.5 GT/s PCIe,1
90.700049,card3,400,400,2.5 GT/s PCIe,1
90.750049,card2,2800,2800,2.5 GT/s PCIe,1
90.750049,card3,400,400,2.5 GT/s PCIe,1
90.800049,card2,2800,2600,2.5 GT/s PCIe,1
90.800049,card3,400,400,2.5 GT/s PCIe,1
90.850067,card2,2800,2650,2.5 GT/s PCIe,1
90.850067,card3,400,400,2.5 GT/s PCIe,1
90.900053,card2,2800,2600,2.5 GT/s PCIe,1
90.900053,card3,400,400,2.5 GT/s PCIe,1
90.950012,card2,2800,2667,2.5 GT/s PCIe,1
90.950012,card3,400,517,2.5 GT/s PCIe,1
91.000060,card2,2800,2617,2.5 GT/s PCIe,1
91.000060,card3,400,400,2.5 GT/s PCIe,1
91.050069,card2,2800,2583,2.5 GT/s PCIe,1
91.050069,card3,400,400,2.5 GT/s PCIe,1
91.100050,card2,2800,2550,2.5 GT/s PCIe,1
91.100050,card3,400,400,2.5 GT/s PCIe,1
91.150051,card2,2800,2550,2.5 GT/s PCIe,1
91.150051,card3,400,400,2.5 GT/s PCIe,1
91.200063,card2,2800,2533,2.5 GT/s PCIe,1
91.200063,card3,400,400,2.5 GT/s PCIe,1
91.250050,card2,2800,2533,2.5 GT/s PCIe,1
91.250050,card3,400,400,2.5 GT/s PCIe,1
91.300059,card2,2800,2517,2.5 GT/s PCIe,1
91.300059,card3,400,400,2.5 GT/s PCIe,1
91.350059,card2,2800,2517,2.5 GT/s PCIe,1
91.350059,card3,400,400,2.5 GT/s PCIe,1
91.400050,card2,2800,2500,2.5 GT/s PCIe,1
91.400050,card3,400,400,2.5 GT/s PCIe,1
91.450049,card2,2800,2567,2.5 GT/s PCIe,1
91.450049,card3,400,400,2.5 GT/s PCIe,1
91.500051,card2,2800,2800,2.5 GT/s PCIe,1
91.500051,card3,400,517,2.5 GT/s PCIe,1
91.550061,card2,2800,2633,2.5 GT/s PCIe,1
91.550061,card3,400,400,2.5 GT/s PCIe,1
91.600049,card2,2800,2800,2.5 GT/s PCIe,1
91.600049,card3,400,400,2.5 GT/s PCIe,1
91.650050,card2,1967,2000,2.5 GT/s PCIe,1
91.650050,card3,400,400,2.5 GT/s PCIe,1
91.700050,card2,2800,2800,2.5 GT/s PCIe,1
91.700050,card3,400,400,2.5 GT/s PCIe,1
91.750048,card2,2800,2800,2.5 GT/s PCIe,1
91.750048,card3,400,400,2.5 GT/s PCIe,1
91.800059,card2,2800,2800,2.5 GT/s PCIe,1
91.800059,card3,400,400,2.5 GT/s PCIe,1
91.850373,card2,2800,2800,2.5 GT/s PCIe,1
91.850373,card3,400,517,2.5 GT/s PCIe,1
91.900058,card2,2800,2800,2.5 GT/s PCIe,1
91.900058,card3,400,400,2.5 GT/s PCIe,1
91.950068,card2,2800,2800,2.5 GT/s PCIe,1
91.950068,card3,400,400,2.5 GT/s PCIe,1
92.000059,card2,2800,2800,2.5 GT/s PCIe,1
92.000059,card3,400,400,2.5 GT/s PCIe,1
92.050056,card2,2800,2800,2.5 GT/s PCIe,1
92.050056,card3,400,400,2.5 GT/s PCIe,1
92.100052,card2,2800,2800,2.5 GT/s PCIe,1
92.100052,card3,400,400,2.5 GT/s PCIe,1
92.150051,card2,2800,2800,2.5 GT/s PCIe,1
92.150051,card3,400,400,2.5 GT/s PCIe,1
92.200048,card2,2800,2800,2.5 GT/s PCIe,1
92.200048,card3,400,400,2.5 GT/s PCIe,1
92.250050,card2,2800,2800,2.5 GT/s PCIe,1
92.250050,card3,400,400,2.5 GT/s PCIe,1
92.300049,card2,2800,2800,2.5 GT/s PCIe,1
92.300049,card3,400,400,2.5 GT/s PCIe,1
92.350057,card2,2800,2800,2.5 GT/s PCIe,1
92.350057,card3,400,400,2.5 GT/s PCIe,1
92.400049,card2,2800,2800,2.5 GT/s PCIe,1
92.400049,card3,400,400,2.5 GT/s PCIe,1
92.450049,card2,2800,2800,2.5 GT/s PCIe,1
92.450049,card3,400,400,2.5 GT/s PCIe,1
92.500048,card2,2800,2800,2.5 GT/s PCIe,1
92.500048,card3,400,400,2.5 GT/s PCIe,1
92.550052,card2,2800,2800,2.5 GT/s PCIe,1
92.550052,card3,400,400,2.5 GT/s PCIe,1
92.600051,card2,2800,2600,2.5 GT/s PCIe,1
92.600051,card3,400,400,2.5 GT/s PCIe,1
92.650051,card2,2800,2600,2.5 GT/s PCIe,1
92.650051,card3,400,400,2.5 GT/s PCIe,1
92.700059,card2,2800,2650,2.5 GT/s PCIe,1
92.700059,card3,400,400,2.5 GT/s PCIe,1
92.750061,card2,2800,2600,2.5 GT/s PCIe,1
92.750061,card3,400,400,2.5 GT/s PCIe,1
92.800063,card2,2800,2800,2.5 GT/s PCIe,1
92.800063,card3,400,400,2.5 GT/s PCIe,1
92.850066,card2,2800,2800,2.5 GT/s PCIe,1
92.850066,card3,400,517,2.5 GT/s PCIe,1
92.900049,card2,2367,2400,2.5 GT/s PCIe,1
92.900049,card3,400,400,2.5 GT/s PCIe,1
92.950048,card2,2800,2800,2.5 GT/s PCIe,1
92.950048,card3,400,400,2.5 GT/s PCIe,1
93.000058,card2,2800,2600,2.5 GT/s PCIe,1
93.000058,card3,400,400,2.5 GT/s PCIe,1
93.050069,card2,2800,2700,2.5 GT/s PCIe,1
93.050069,card3,400,400,2.5 GT/s PCIe,1
93.100067,card2,2800,2650,2.5 GT/s PCIe,1
93.100067,card3,400,400,2.5 GT/s PCIe,1
93.150050,card2,2800,2733,2.5 GT/s PCIe,1
93.150050,card3,400,400,2.5 GT/s PCIe,1
93.200048,card2,2800,2800,2.5 GT/s PCIe,1
93.200048,card3,400,400,2.5 GT/s PCIe,1
93.250050,card2,2800,2800,2.5 GT/s PCIe,1
93.250050,card3,400,400,2.5 GT/s PCIe,1
93.300049,card2,2800,2600,2.5 GT/s PCIe,1
93.300049,card3,400,400,2.5 GT/s PCIe,1
93.350049,card2,2800,2650,2.5 GT/s PCIe,1
93.350049,card3,400,400,2.5 GT/s PCIe,1
93.400049,card2,2800,2733,2.5 GT/s PCIe,1
93.400049,card3,400,400,2.5 GT/s PCIe,1
93.450048,card2,2800,2800,2.5 GT/s PCIe,1
93.450048,card3,400,400,2.5 GT/s PCIe,1
93.500050,card2,2800,2800,2.5 GT/s PCIe,1
93.500050,card3,400,400,2.5 GT/s PCIe,1
93.550049,card2,2800,2600,2.5 GT/s PCIe,1
93.550049,card3,400,400,2.5 GT/s PCIe,1
93.600062,card2,2800,2667,2.5 GT/s PCIe,1
93.600062,card3,400,517,2.5 GT/s PCIe,1
93.650052,card2,2800,2650,2.5 GT/s PCIe,1
93.650052,card3,400,400,2.5 GT/s PCIe,1
93.700050,card2,2800,2750,2.5 GT/s PCIe,1
93.700050,card3,400,400,2.5 GT/s PCIe,1
93.750058,card2,2800,2800,2.5 GT/s PCIe,1
93.750058,card3,400,400,2.5 GT/s PCIe,1
93.800050,card2,2800,2600,2.5 GT/s PCIe,1
93.800050,card3,400,400,2.5 GT/s PCIe,1
93.850058,card2,2800,2667,2.5 GT/s PCIe,1
93.850058,card3,400,400,2.5 GT/s PCIe,1
93.900048,card2,2800,2650,2.5 GT/s PCIe,1
93.900048,card3,400,400,2.5 GT/s PCIe,1
93.950049,card2,2800,2717,2.5 GT/s PCIe,1
93.950049,card3,400,400,2.5 GT/s PCIe,1
94.000059,card2,2800,2800,2.5 GT/s PCIe,1
94.000059,card3,400,400,2.5 GT/s PCIe,1
94.050048,card2,2800,2600,2.5 GT/s PCIe,1
94.050048,card3,400,400,2.5 GT/s PCIe,1
94.100050,card2,2800,2600,2.5 GT/s PCIe,1
94.100050,card3,400,400,2.5 GT/s PCIe,1
94.150048,card2,2800,2650,2.5 GT/s PCIe,1
94.150048,card3,400,400,2.5 GT/s PCIe,1
94.200049,card2,2800,2617,2.5 GT/s PCIe,1
94.200049,card3,400,400,2.5 GT/s PCIe,1
94.250057,card2,2800,2800,2.5 GT/s PCIe,1
94.250057,card3,400,400,2.5 GT/s PCIe,1
94.300060,card2,2800,2800,2.5 GT/s PCIe,1
94.300060,card3,400,400,2.5 GT/s PCIe,1
94.350060,card2,2800,2600,2.5 GT/s PCIe,1
94.350060,card3,400,400,2.5 GT/s PCIe,1
94.400050,card2,2800,2650,2.5 GT/s PCIe,1
94.400050,card3,400,400,2.5 GT/s PCIe,1
94.450049,card2,2800,2617,2.5 GT/s PCIe,1
94.450049,card3,400,400,2.5 GT/s PCIe,1
94.500048,card2,2800,2800,2.5 GT/s PCIe,1
94.500048,card3,400,400,2.5 GT/s PCIe,1
94.550049,card2,2800,2800,2.5 GT/s PCIe,1
94.550049,card3,400,400,2.5 GT/s PCIe,1
94.600058,card2,2800,2600,2.5 GT/s PCIe,1
94.600058,card3,400,400,2.5 GT/s PCIe,1
94.650050,card2,2800,2667,2.5 GT/s PCIe,1
94.650050,card3,400,400,2.5 GT/s PCIe,1
94.700052,card2,2800,2617,2.5 GT/s PCIe,1
94.700052,card3,400,400,2.5 GT/s PCIe,1
94.750050,card2,2800,2783,2.5 GT/s PCIe,1
94.750050,card3,400,400,2.5 GT/s PCIe,1
94.800055,card2,2800,2633,2.5 GT/s PCIe,1
94.800055,card3,400,400,2.5 GT/s PCIe,1
94.850048,card2,2800,2600,2.5 GT/s PCIe,1
94.850048,card3,400,400,2.5 GT/s PCIe,1
94.900049,card2,2800,2667,2.5 GT/s PCIe,1
94.900049,card3,400,517,2.5 GT/s PCIe,1
94.950060,card2,2800,2617,2.5 GT/s PCIe,1
94.950060,card3,400,400,2.5 GT/s PCIe,1
95.000049,card2,2800,2733,2.5 GT/s PCIe,1
95.000049,card3,400,400,2.5 GT/s PCIe,1
95.050049,card2,2800,2800,2.5 GT/s PCIe,1
95.050049,card3,400,400,2.5 GT/s PCIe,1
95.100050,card2,2800,2600,2.5 GT/s PCIe,1
95.100050,card3,400,400,2.5 GT/s PCIe,1
95.150049,card2,2800,2667,2.5 GT/s PCIe,1
95.150049,card3,400,400,2.5 GT/s PCIe,1
95.200049,card2,2800,2650,2.5 GT/s PCIe,1
95.200049,card3,400,400,2.5 GT/s PCIe,1
95.250049,card2,2800,2600,2.5 GT/s PCIe,1
95.250049,card3,400,400,2.5 GT/s PCIe,1
95.300055,card2,2800,2800,2.5 GT/s PCIe,1
95.300055,card3,400,400,2.5 GT/s PCIe,1
95.350054,card2,2800,2600,2.5 GT/s PCIe,1
95.350054,card3,400,400,2.5 GT/s PCIe,1
95.400050,card2,2800,2700,2.5 GT/s PCIe,1
95.400050,card3,400,400,2.5 GT/s PCIe,1
95.450070,card2,2800,2650,2.5 GT/s PCIe,1
95.450070,card3,400,400,2.5 GT/s PCIe,1
95.500059,card2,2800,2600,2.5 GT/s PCIe,1
95.500059,card3,400,400,2.5 GT/s PCIe,1
95.550049,card2,2800,2800,2.5 GT/s PCIe,1
95.550049,card3,400,517,2.5 GT/s PCIe,1
95.600048,card2,2800,2800,2.5 GT/s PCIe,1
95.600048,card3,400,400,2.5 GT/s PCIe,1
95.650063,card2,2800,2800,2.5 GT/s PCIe,1
95.650063,card3,400,400,2.5 GT/s PCIe,1
95.700047,card2,2800,2800,2.5 GT/s PCIe,1
95.700047,card3,400,400,2.5 GT/s PCIe,1
95.750050,card2,2800,2800,2.5 GT/s PCIe,1
95.750050,card3,400,400,2.5 GT/s PCIe,1
95.800048,card2,2800,2800,2.5 GT/s PCIe,1
95.800048,card3,400,400,2.5 GT/s PCIe,1
95.850049,card2,2800,2800,2.5 GT/s PCIe,1
95.850049,card3,400,400,2.5 GT/s PCIe,1
95.900048,card2,2800,2800,2.5 GT/s PCIe,1
95.900048,card3,400,400,2.5 GT/s PCIe,1
95.950050,card2,2800,2800,2.5 GT/s PCIe,1
95.950050,card3,400,400,2.5 GT/s PCIe,1
96.000049,card2,2800,2800,2.5 GT/s PCIe,1
96.000049,card3,400,400,2.5 GT/s PCIe,1
96.050047,card2,2800,2800,2.5 GT/s PCIe,1
96.050047,card3,400,400,2.5 GT/s PCIe,1
96.100049,card2,2800,2800,2.5 GT/s PCIe,1
96.100049,card3,400,400,2.5 GT/s PCIe,1
96.150048,card2,2800,2800,2.5 GT/s PCIe,1
96.150048,card3,400,400,2.5 GT/s PCIe,1
96.200048,card2,2800,2800,2.5 GT/s PCIe,1
96.200048,card3,400,400,2.5 GT/s PCIe,1
96.250049,card2,2800,2800,2.5 GT/s PCIe,1
96.250049,card3,400,400,2.5 GT/s PCIe,1
96.300048,card2,2800,2800,2.5 GT/s PCIe,1
96.300048,card3,400,400,2.5 GT/s PCIe,1
96.350048,card2,2800,2800,2.5 GT/s PCIe,1
96.350048,card3,400,400,2.5 GT/s PCIe,1
96.400051,card2,2800,2800,2.5 GT/s PCIe,1
96.400051,card3,400,400,2.5 GT/s PCIe,1
96.450059,card2,2800,2800,2.5 GT/s PCIe,1
96.450059,card3,400,400,2.5 GT/s PCIe,1
96.500048,card2,2800,2800,2.5 GT/s PCIe,1
96.500048,card3,400,400,2.5 GT/s PCIe,1
96.550047,card2,2800,2800,2.5 GT/s PCIe,1
96.550047,card3,400,400,2.5 GT/s PCIe,1
96.600052,card2,2800,2800,2.5 GT/s PCIe,1
96.600052,card3,400,400,2.5 GT/s PCIe,1
96.650051,card2,2800,2800,2.5 GT/s PCIe,1
96.650051,card3,400,400,2.5 GT/s PCIe,1
96.700049,card2,2800,2800,2.5 GT/s PCIe,1
96.700049,card3,400,400,2.5 GT/s PCIe,1
96.750048,card2,2800,2800,2.5 GT/s PCIe,1
96.750048,card3,400,400,2.5 GT/s PCIe,1
96.800049,card2,2800,2800,2.5 GT/s PCIe,1
96.800049,card3,400,517,2.5 GT/s PCIe,1
96.850059,card2,2800,2800,2.5 GT/s PCIe,1
96.850059,card3,400,400,2.5 GT/s PCIe,1
96.900050,card2,2800,2800,2.5 GT/s PCIe,1
96.900050,card3,400,400,2.5 GT/s PCIe,1
96.950049,card2,2800,2800,2.5 GT/s PCIe,1
96.950049,card3,400,400,2.5 GT/s PCIe,1
97.000050,card2,2800,2800,2.5 GT/s PCIe,1
97.000050,card3,400,400,2.5 GT/s PCIe,1
97.050049,card2,2800,2800,2.5 GT/s PCIe,1
97.050049,card3,400,400,2.5 GT/s PCIe,1
97.100049,card2,2800,2800,2.5 GT/s PCIe,1
97.100049,card3,400,400,2.5 GT/s PCIe,1
97.150049,card2,2800,2600,2.5 GT/s PCIe,1
97.150049,card3,400,400,2.5 GT/s PCIe,1
97.200048,card2,2800,2650,2.5 GT/s PCIe,1
97.200048,card3,400,400,2.5 GT/s PCIe,1
97.250049,card2,2800,2600,2.5 GT/s PCIe,1
97.250049,card3,400,400,2.5 GT/s PCIe,1
97.300049,card2,2800,2800,2.5 GT/s PCIe,1
97.300049,card3,400,400,2.5 GT/s PCIe,1
97.350049,card2,2800,2800,2.5 GT/s PCIe,1
97.350049,card3,400,400,2.5 GT/s PCIe,1
97.400051,card2,2800,2600,2.5 GT/s PCIe,1
97.400051,card3,400,400,2.5 GT/s PCIe,1
97.450048,card2,2800,2667,2.5 GT/s PCIe,1
97.450048,card3,400,400,2.5 GT/s PCIe,1
97.500049,card2,2800,2650,2.5 GT/s PCIe,1
97.500049,card3,400,400,2.5 GT/s PCIe,1
97.550048,card2,2800,2767,2.5 GT/s PCIe,1
97.550048,card3,400,400,2.5 GT/s PCIe,1
97.600049,card2,2800,2800,2.5 GT/s PCIe,1
97.600049,card3,400,400,2.5 GT/s PCIe,1
97.650054,card2,2800,2800,2.5 GT/s PCIe,1
97.650054,card3,400,400,2.5 GT/s PCIe,1
97.700060,card2,2800,2667,2.5 GT/s PCIe,1
97.700060,card3,400,400,2.5 GT/s PCIe,1
97.750049,card2,2800,2650,2.5 GT/s PCIe,1
97.750049,card3,400,400,2.5 GT/s PCIe,1
97.800061,card2,2800,2600,2.5 GT/s PCIe,1
97.800061,card3,400,400,2.5 GT/s PCIe,1
97.850050,card2,2800,2800,2.5 GT/s PCIe,1
97.850050,card3,400,400,2.5 GT/s PCIe,1
97.900050,card2,2800,2600,2.5 GT/s PCIe,1
97.900050,card3,400,400,2.5 GT/s PCIe,1
97.950069,card2,2800,2667,2.5 GT/s PCIe,1
97.950069,card3,400,400,2.5 GT/s PCIe,1
98.000050,card2,2800,2650,2.5 GT/s PCIe,1
98.000050,card3,400,400,2.5 GT/s PCIe,1
98.050050,card2,2800,2600,2.5 GT/s PCIe,1
98.050050,card3,400,400,2.5 GT/s PCIe,1
98.100050,card2,2800,2800,2.5 GT/s PCIe,1
98.100050,card3,400,400,2.5 GT/s PCIe,1
98.150059,card2,2800,2800,2.5 GT/s PCIe,1
98.150059,card3,400,400,2.5 GT/s PCIe,1
98.200049,card2,2800,2600,2.5 GT/s PCIe,1
98.200049,card3,400,400,2.5 GT/s PCIe,1
98.250059,card2,2800,2667,2.5 GT/s PCIe,1
98.250059,card3,400,400,2.5 GT/s PCIe,1
98.300061,card2,2800,2617,2.5 GT/s PCIe,1
98.300061,card3,400,400,2.5 GT/s PCIe,1
98.350050,card2,2800,2800,2.5 GT/s PCIe,1
98.350050,card3,400,400,2.5 GT/s PCIe,1
98.400056,card2,2800,2800,2.5 GT/s PCIe,1
98.400056,card3,400,400,2.5 GT/s PCIe,1
98.450049,card2,2800,2600,2.5 GT/s PCIe,1
98.450049,card3,400,400,2.5 GT/s PCIe,1
98.500058,card2,2800,2650,2.5 GT/s PCIe,1
98.500058,card3,400,400,2.5 GT/s PCIe,1
98.550059,card2,2800,2617,2.5 GT/s PCIe,1
98.550059,card3,400,400,2.5 GT/s PCIe,1
98.600050,card2,2800,2800,2.5 GT/s PCIe,1
98.600050,card3,400,400,2.5 GT/s PCIe,1
98.650051,card2,2800,2800,2.5 GT/s PCIe,1
98.650051,card3,400,400,2.5 GT/s PCIe,1
98.700059,card2,2800,2600,2.5 GT/s PCIe,1
98.700059,card3,400,400,2.5 GT/s PCIe,1
98.750049,card2,2800,2667,2.5 GT/s PCIe,1
98.750049,card3,400,400,2.5 GT/s PCIe,1
98.800049,card2,2800,2617,2.5 GT/s PCIe,1
98.800049,card3,400,400,2.5 GT/s PCIe,1
98.850049,card2,2800,2767,2.5 GT/s PCIe,1
98.850049,card3,400,400,2.5 GT/s PCIe,1
98.900049,card2,2800,2800,2.5 GT/s PCIe,1
98.900049,card3,400,400,2.5 GT/s PCIe,1
98.950058,card2,2800,2600,2.5 GT/s PCIe,1
98.950058,card3,400,400,2.5 GT/s PCIe,1
99.000050,card2,2800,2667,2.5 GT/s PCIe,1
99.000050,card3,400,400,2.5 GT/s PCIe,1
99.050049,card2,2800,2650,2.5 GT/s PCIe,1
99.050049,card3,400,400,2.5 GT/s PCIe,1
99.100049,card2,2800,2600,2.5 GT/s PCIe,1
99.100049,card3,400,400,2.5 GT/s PCIe,1
99.150050,card2,2800,2800,2.5 GT/s PCIe,1
99.150050,card3,400,517,2.5 GT/s PCIe,1
99.200058,card2,2800,2600,2.5 GT/s PCIe,1
99.200058,card3,400,400,2.5 GT/s PCIe,1
99.250049,card2,2800,2600,2.5 GT/s PCIe,1
99.250049,card3,400,400,2.5 GT/s PCIe,1
99.300051,card2,2800,2650,2.5 GT/s PCIe,1
99.300051,card3,400,400,2.5 GT/s PCIe,1
99.350059,card2,2800,2600,2.5 GT/s PCIe,1
99.350059,card3,400,400,2.5 GT/s PCIe,1
99.400049,card2,2800,2800,2.5 GT/s PCIe,1
99.400049,card3,400,400,2.5 GT/s PCIe,1
99.450049,card2,2800,2800,2.5 GT/s PCIe,1
99.450049,card3,400,400,2.5 GT/s PCIe,1
99.500052,card2,2800,2600,2.5 GT/s PCIe,1
99.500052,card3,400,400,2.5 GT/s PCIe,1
99.550050,card2,2800,2650,2.5 GT/s PCIe,1
99.550050,card3,400,400,2.5 GT/s PCIe,1
99.600049,card2,2800,2617,2.5 GT/s PCIe,1
99.600049,card3,400,400,2.5 GT/s PCIe,1
99.650058,card2,2800,2800,2.5 GT/s PCIe,1
99.650058,card3,400,400,2.5 GT/s PCIe,1
99.700061,card2,2800,2800,2.5 GT/s PCIe,1
99.700061,card3,400,400,2.5 GT/s PCIe,1
99.750059,card2,2800,2600,2.5 GT/s PCIe,1
99.750059,card3,400,400,2.5 GT/s PCIe,1
99.800049,card2,2800,2667,2.5 GT/s PCIe,1
99.800049,card3,400,400,2.5 GT/s PCIe,1
99.850052,card2,2800,2617,2.5 GT/s PCIe,1
99.850052,card3,400,400,2.5 GT/s PCIe,1
99.900058,card2,2800,2800,2.5 GT/s PCIe,1
99.900058,card3,400,400,2.5 GT/s PCIe,1
99.950049,card2,2800,2800,2.5 GT/s PCIe,1
99.950049,card3,400,400,2.5 GT/s PCIe,1
100.000052,card2,2800,2800,2.5 GT/s PCIe,1
100.000052,card3,400,400,2.5 GT/s PCIe,1
100.050063,card2,2800,2800,2.5 GT/s PCIe,1
100.050063,card3,400,400,2.5 GT/s PCIe,1
100.100050,card2,2800,2800,2.5 GT/s PCIe,1
100.100050,card3,400,400,2.5 GT/s PCIe,1
100.150052,card2,2800,2800,2.5 GT/s PCIe,1
100.150052,card3,400,400,2.5 GT/s PCIe,1
100.200048,card2,2800,2800,2.5 GT/s PCIe,1
100.200048,card3,400,400,2.5 GT/s PCIe,1
100.250072,card2,2800,2800,2.5 GT/s PCIe,1
100.250072,card3,400,400,2.5 GT/s PCIe,1
100.300050,card2,2800,2800,2.5 GT/s PCIe,1
100.300050,card3,400,400,2.5 GT/s PCIe,1
100.350056,card2,2800,2800,2.5 GT/s PCIe,1
100.350056,card3,400,400,2.5 GT/s PCIe,1
100.400053,card2,2800,2800,2.5 GT/s PCIe,1
100.400053,card3,400,400,2.5 GT/s PCIe,1
100.450051,card2,2800,2800,2.5 GT/s PCIe,1
100.450051,card3,400,400,2.5 GT/s PCIe,1
100.500058,card2,2800,2800,2.5 GT/s PCIe,1
100.500058,card3,400,400,2.5 GT/s PCIe,1
100.550064,card2,2800,2800,2.5 GT/s PCIe,1
100.550064,card3,400,400,2.5 GT/s PCIe,1
100.600050,card2,2800,2800,2.5 GT/s PCIe,1
100.600050,card3,400,400,2.5 GT/s PCIe,1
100.650063,card2,2800,2800,2.5 GT/s PCIe,1
100.650063,card3,400,400,2.5 GT/s PCIe,1
100.700050,card2,2800,2800,2.5 GT/s PCIe,1
100.700050,card3,400,400,2.5 GT/s PCIe,1
100.750051,card2,2800,2800,2.5 GT/s PCIe,1
100.750051,card3,400,400,2.5 GT/s PCIe,1
100.800062,card2,2800,2800,2.5 GT/s PCIe,1
100.800062,card3,400,400,2.5 GT/s PCIe,1
100.850050,card2,2800,2800,2.5 GT/s PCIe,1
100.850050,card3,400,400,2.5 GT/s PCIe,1
100.900050,card2,2800,2800,2.5 GT/s PCIe,1
100.900050,card3,400,400,2.5 GT/s PCIe,1
100.950049,card2,2800,2800,2.5 GT/s PCIe,1
100.950049,card3,400,400,2.5 GT/s PCIe,1
101.000051,card2,2800,2800,2.5 GT/s PCIe,1
101.000051,card3,400,400,2.5 GT/s PCIe,1
101.050060,card2,2800,2800,2.5 GT/s PCIe,1
101.050060,card3,400,400,2.5 GT/s PCIe,1
101.100058,card2,2800,2800,2.5 GT/s PCIe,1
101.100058,card3,400,400,2.5 GT/s PCIe,1
101.150050,card2,2800,2800,2.5 GT/s PCIe,1
101.150050,card3,400,400,2.5 GT/s PCIe,1
101.200048,card2,2800,2800,2.5 GT/s PCIe,1
101.200048,card3,400,400,2.5 GT/s PCIe,1
101.250050,card2,2800,2800,2.5 GT/s PCIe,1
101.250050,card3,400,400,2.5 GT/s PCIe,1
101.300060,card2,2800,2800,2.5 GT/s PCIe,1
101.300060,card3,400,400,2.5 GT/s PCIe,1
101.350059,card2,2800,2800,2.5 GT/s PCIe,1
101.350059,card3,400,400,2.5 GT/s PCIe,1
101.400053,card2,2800,2800,2.5 GT/s PCIe,1
101.400053,card3,400,400,2.5 GT/s PCIe,1
101.450049,card2,2800,2800,2.5 GT/s PCIe,1
101.450049,card3,400,400,2.5 GT/s PCIe,1
101.500053,card2,2800,2800,2.5 GT/s PCIe,1
101.500053,card3,400,400,2.5 GT/s PCIe,1
101.550050,card2,2800,2800,2.5 GT/s PCIe,1
101.550050,card3,400,400,2.5 GT/s PCIe,1
101.600051,card2,2800,2800,2.5 GT/s PCIe,1
101.600051,card3,400,400,2.5 GT/s PCIe,1
101.650056,card2,2800,2600,2.5 GT/s PCIe,1
101.650056,card3,400,517,2.5 GT/s PCIe,1
101.700055,card2,2800,2667,2.5 GT/s PCIe,1
101.700055,card3,400,400,2.5 GT/s PCIe,1
101.750059,card2,2800,2650,2.5 GT/s PCIe,1
101.750059,card3,400,400,2.5 GT/s PCIe,1
101.800049,card2,2800,2600,2.5 GT/s PCIe,1
101.800049,card3,400,400,2.5 GT/s PCIe,1
101.850048,card2,2800,2800,2.5 GT/s PCIe,1
101.850048,card3,400,400,2.5 GT/s PCIe,1
101.900059,card2,2800,2800,2.5 GT/s PCIe,1
101.900059,card3,400,400,2.5 GT/s PCIe,1
101.950062,card2,2800,2600,2.5 GT/s PCIe,1
101.950062,card3,400,400,2.5 GT/s PCIe,1
102.000049,card2,2800,2650,2.5 GT/s PCIe,1
102.000049,card3,400,400,2.5 GT/s PCIe,1
102.050061,card2,2800,2600,2.5 GT/s PCIe,1
102.050061,card3,400,400,2.5 GT/s PCIe,1
102.100058,card2,2800,2800,2.5 GT/s PCIe,1
102.100058,card3,400,400,2.5 GT/s PCIe,1
102.150059,card2,2800,2800,2.5 GT/s PCIe,1
102.150059,card3,400,400,2.5 GT/s PCIe,1
102.200049,card2,2800,2600,2.5 GT/s PCIe,1
102.200049,card3,400,400,2.5 GT/s PCIe,1
102.250050,card2,2800,2650,2.5 GT/s PCIe,1
102.250050,card3,400,400,2.5 GT/s PCIe,1
102.300049,card2,2800,2600,2.5 GT/s PCIe,1
102.300049,card3,400,400,2.5 GT/s PCIe,1
102.350049,card2,2800,2783,2.5 GT/s PCIe,1
102.350049,card3,400,400,2.5 GT/s PCIe,1
102.400058,card2,2800,2800,2.5 GT/s PCIe,1
102.400058,card3,400,400,2.5 GT/s PCIe,1
102.450048,card2,2800,2600,2.5 GT/s PCIe,1
102.450048,card3,400,400,2.5 GT/s PCIe,1
102.500050,card2,2800,2667,2.5 GT/s PCIe,1
102.500050,card3,400,400,2.5 GT/s PCIe,1
102.550060,card2,2800,2617,2.5 GT/s PCIe,1
102.550060,card3,400,400,2.5 GT/s PCIe,1
102.600049,card2,2800,2733,2.5 GT/s PCIe,1
102.600049,card3,400,400,2.5 GT/s PCIe,1
102.650059,card2,2800,2800,2.5 GT/s PCIe,1
102.650059,card3,400,400,2.5 GT/s PCIe,1
102.700054,card2,2800,2600,2.5 GT/s PCIe,1
102.700054,card3,400,400,2.5 GT/s PCIe,1
102.750048,card2,2800,2600,2.5 GT/s PCIe,1
102.750048,card3,400,400,2.5 GT/s PCIe,1
102.800069,card2,2800,2650,2.5 GT/s PCIe,1
102.800069,card3,400,400,2.5 GT/s PCIe,1
102.850059,card2,2800,2600,2.5 GT/s PCIe,1
102.850059,card3,400,400,2.5 GT/s PCIe,1
102.900048,card2,2800,2800,2.5 GT/s PCIe,1
102.900048,card3,400,400,2.5 GT/s PCIe,1
102.950049,card2,2800,2800,2.5 GT/s PCIe,1
102.950049,card3,400,400,2.5 GT/s PCIe,1
103.000049,card2,2800,2600,2.5 GT/s PCIe,1
103.000049,card3,400,400,2.5 GT/s PCIe,1
103.050048,card2,2800,2650,2.5 GT/s PCIe,1
103.050048,card3,400,517,2.5 GT/s PCIe,1
103.100052,card2,2800,2600,2.5 GT/s PCIe,1
103.100052,card3,400,400,2.5 GT/s PCIe,1
103.150050,card2,2800,2800,2.5 GT/s PCIe,1
103.150050,card3,400,400,2.5 GT/s PCIe,1
103.200060,card2,2800,2800,2.5 GT/s PCIe,1
103.200060,card3,400,400,2.5 GT/s PCIe,1
103.250050,card2,2800,2600,2.5 GT/s PCIe,1
103.250050,card3,400,400,2.5 GT/s PCIe,1
103.300049,card2,2800,2667,2.5 GT/s PCIe,1
103.300049,card3,400,400,2.5 GT/s PCIe,1
103.350058,card2,2800,2650,2.5 GT/s PCIe,1
103.350058,card3,400,400,2.5 GT/s PCIe,1
103.400048,card2,2800,2800,2.5 GT/s PCIe,1
103.400048,card3,400,400,2.5 GT/s PCIe,1
103.450058,card2,2800,2800,2.5 GT/s PCIe,1
103.450058,card3,400,400,2.5 GT/s PCIe,1
103.500050,card2,2800,2800,2.5 GT/s PCIe,1
103.500050,card3,400,400,2.5 GT/s PCIe,1
103.550048,card2,2800,2800,2.5 GT/s PCIe,1
103.550048,card3,400,400,2.5 GT/s PCIe,1
103.600050,card2,2800,2800,2.5 GT/s PCIe,1
103.600050,card3,400,400,2.5 GT/s PCIe,1
103.650054,card2,2800,2800,2.5 GT/s PCIe,1
103.650054,card3,400,400,2.5 GT/s PCIe,1
103.700049,card2,2800,2800,2.5 GT/s PCIe,1
103.700049,card3,400,400,2.5 GT/s PCIe,1
103.750059,card2,2800,2800,2.5 GT/s PCIe,1
103.750059,card3,400,400,2.5 GT/s PCIe,1
103.800058,card2,2800,2800,2.5 GT/s PCIe,1
103.800058,card3,400,400,2.5 GT/s PCIe,1
103.850058,card2,2800,2800,2.5 GT/s PCIe,1
103.850058,card3,400,400,2.5 GT/s PCIe,1
103.900048,card2,2800,2800,2.5 GT/s PCIe,1
103.900048,card3,400,400,2.5 GT/s PCIe,1
103.950048,card2,2800,2800,2.5 GT/s PCIe,1
103.950048,card3,400,400,2.5 GT/s PCIe,1
104.000049,card2,2800,2800,2.5 GT/s PCIe,1
104.000049,card3,400,400,2.5 GT/s PCIe,1
104.050076,card2,2800,2800,2.5 GT/s PCIe,1
104.050076,card3,400,400,2.5 GT/s PCIe,1
104.100059,card2,2800,2800,2.5 GT/s PCIe,1
104.100059,card3,400,400,2.5 GT/s PCIe,1
104.150048,card2,2800,2800,2.5 GT/s PCIe,1
104.150048,card3,400,400,2.5 GT/s PCIe,1
104.200048,card2,2800,2800,2.5 GT/s PCIe,1
104.200048,card3,400,400,2.5 GT/s PCIe,1
104.250050,card2,2800,2800,2.5 GT/s PCIe,1
104.250050,card3,400,517,2.5 GT/s PCIe,1
104.300051,card2,2800,2800,2.5 GT/s PCIe,1
104.300051,card3,400,400,2.5 GT/s PCIe,1
104.350052,card2,2800,2800,2.5 GT/s PCIe,1
104.350052,card3,400,400,2.5 GT/s PCIe,1
104.400047,card2,2800,2800,2.5 GT/s PCIe,1
104.400047,card3,400,400,2.5 GT/s PCIe,1
104.450057,card2,2800,2800,2.5 GT/s PCIe,1
104.450057,card3,400,400,2.5 GT/s PCIe,1
104.500059,card2,2800,2800,2.5 GT/s PCIe,1
104.500059,card3,400,400,2.5 GT/s PCIe,1
104.550061,card2,2800,2800,2.5 GT/s PCIe,1
104.550061,card3,400,400,2.5 GT/s PCIe,1
104.600048,card2,2800,2800,2.5 GT/s PCIe,1
104.600048,card3,400,400,2.5 GT/s PCIe,1
104.650054,card2,2800,2800,2.5 GT/s PCIe,1
104.650054,card3,400,400,2.5 GT/s PCIe,1
104.700050,card2,2800,2800,2.5 GT/s PCIe,1
104.700050,card3,400,400,2.5 GT/s PCIe,1
104.750050,card2,2800,2800,2.5 GT/s PCIe,1
104.750050,card3,400,400,2.5 GT/s PCIe,1
104.800051,card2,2800,2800,2.5 GT/s PCIe,1
104.800051,card3,400,400,2.5 GT/s PCIe,1
104.850048,card2,2800,2800,2.5 GT/s PCIe,1
104.850048,card3,400,400,2.5 GT/s PCIe,1
104.900048,card2,2800,2800,2.5 GT/s PCIe,1
104.900048,card3,400,517,2.5 GT/s PCIe,1
104.950049,card2,2800,2800,2.5 GT/s PCIe,1
104.950049,card3,400,400,2.5 GT/s PCIe,1
105.001591,card2,2800,2800,2.5 GT/s PCIe,1
105.001591,card3,400,400,2.5 GT/s PCIe,1
105.050054,card2,2800,2800,2.5 GT/s PCIe,1
105.050054,card3,400,400,2.5 GT/s PCIe,1
105.100048,card2,2800,2600,2.5 GT/s PCIe,1
105.100048,card3,400,400,2.5 GT/s PCIe,1
105.150059,card2,2800,2650,2.5 GT/s PCIe,1
105.150059,card3,400,400,2.5 GT/s PCIe,1
105.200049,card2,2800,2600,2.5 GT/s PCIe,1
105.200049,card3,400,400,2.5 GT/s PCIe,1
105.250050,card2,2800,2800,2.5 GT/s PCIe,1
105.250050,card3,400,400,2.5 GT/s PCIe,1
105.300050,card2,2800,2800,2.5 GT/s PCIe,1
105.300050,card3,400,400,2.5 GT/s PCIe,1
105.350050,card2,2800,2600,2.5 GT/s PCIe,1
105.350050,card3,400,400,2.5 GT/s PCIe,1
105.400048,card2,2800,2650,2.5 GT/s PCIe,1
105.400048,card3,400,400,2.5 GT/s PCIe,1
105.450051,card2,2800,2600,2.5 GT/s PCIe,1
105.450051,card3,400,400,2.5 GT/s PCIe,1
105.500058,card2,2800,2800,2.5 GT/s PCIe,1
105.500058,card3,400,400,2.5 GT/s PCIe,1
105.550060,card2,2800,2800,2.5 GT/s PCIe,1
105.550060,card3,400,400,2.5 GT/s PCIe,1
105.600064,card2,2800,2600,2.5 GT/s PCIe,1
105.600064,card3,400,400,2.5 GT/s PCIe,1
105.650058,card2,2800,2667,2.5 GT/s PCIe,1
105.650058,card3,400,400,2.5 GT/s PCIe,1
105.700049,card2,2800,2650,2.5 GT/s PCIe,1
105.700049,card3,400,400,2.5 GT/s PCIe,1
105.750058,card2,2800,2767,2.5 GT/s PCIe,1
105.750058,card3,400,400,2.5 GT/s PCIe,1
105.800057,card2,2800,2800,2.5 GT/s PCIe,1
105.800057,card3,400,400,2.5 GT/s PCIe,1
105.850049,card2,2800,2700,2.5 GT/s PCIe,1
105.850049,card3,400,400,2.5 GT/s PCIe,1
105.900059,card2,2800,2667,2.5 GT/s PCIe,1
105.900059,card3,400,400,2.5 GT/s PCIe,1
105.950050,card2,2800,2733,2.5 GT/s PCIe,1
105.950050,card3,400,400,2.5 GT/s PCIe,1
106.000060,card2,2800,2600,2.5 GT/s PCIe,1
106.000060,card3,400,400,2.5 GT/s PCIe,1
106.050048,card2,2800,2800,2.5 GT/s PCIe,1
106.050048,card3,400,400,2.5 GT/s PCIe,1
106.100070,card2,2800,2600,2.5 GT/s PCIe,1
106.100070,card3,400,400,2.5 GT/s PCIe,1
106.150050,card2,2800,2600,2.5 GT/s PCIe,1
106.150050,card3,400,400,2.5 GT/s PCIe,1
106.200049,card2,2800,2650,2.5 GT/s PCIe,1
106.200049,card3,400,400,2.5 GT/s PCIe,1
106.250059,card2,2800,2600,2.5 GT/s PCIe,1
106.250059,card3,400,400,2.5 GT/s PCIe,1
106.300049,card2,2800,2800,2.5 GT/s PCIe,1
106.300049,card3,400,400,2.5 GT/s PCIe,1
106.350050,card2,2800,2800,2.5 GT/s PCIe,1
106.350050,card3,400,400,2.5 GT/s PCIe,1
106.400049,card2,2800,2600,2.5 GT/s PCIe,1
106.400049,card3,400,400,2.5 GT/s PCIe,1
106.450059,card2,2800,2667,2.5 GT/s PCIe,1
106.450059,card3,400,400,2.5 GT/s PCIe,1
106.500049,card2,2800,2617,2.5 GT/s PCIe,1
106.500049,card3,400,400,2.5 GT/s PCIe,1
106.550050,card2,2800,2800,2.5 GT/s PCIe,1
106.550050,card3,400,400,2.5 GT/s PCIe,1
106.600060,card2,2800,2800,2.5 GT/s PCIe,1
106.600060,card3,400,400,2.5 GT/s PCIe,1
106.650050,card2,2800,2600,2.5 GT/s PCIe,1
106.650050,card3,400,400,2.5 GT/s PCIe,1
106.700050,card2,2800,2550,2.5 GT/s PCIe,1
106.700050,card3,400,400,2.5 GT/s PCIe,1
106.750059,card2,2800,2650,2.5 GT/s PCIe,1
106.750059,card3,400,400,2.5 GT/s PCIe,1
106.800061,card2,2800,2800,2.5 GT/s PCIe,1
106.800061,card3,400,400,2.5 GT/s PCIe,1
106.850064,card2,2800,2800,2.5 GT/s PCIe,1
106.850064,card3,400,400,2.5 GT/s PCIe,1
106.900060,card2,2800,2600,2.5 GT/s PCIe,1
106.900060,card3,400,400,2.5 GT/s PCIe,1
106.950049,card2,2800,2667,2.5 GT/s PCIe,1
106.950049,card3,400,517,2.5 GT/s PCIe,1
107.000049,card2,2800,2617,2.5 GT/s PCIe,1
107.000049,card3,400,400,2.5 GT/s PCIe,1
107.050047,card2,2800,2800,2.5 GT/s PCIe,1
107.050047,card3,400,400,2.5 GT/s PCIe,1
107.100055,card2,2800,2800,2.5 GT/s PCIe,1
107.100055,card3,400,400,2.5 GT/s PCIe,1
107.150050,card2,2800,2600,2.5 GT/s PCIe,1
107.150050,card3,400,400,2.5 GT/s PCIe,1
107.200052,card2,2800,2600,2.5 GT/s PCIe,1
107.200052,card3,400,400,2.5 GT/s PCIe,1
107.250059,card2,2800,2650,2.5 GT/s PCIe,1
107.250059,card3,400,400,2.5 GT/s PCIe,1
107.300049,card2,2800,2600,2.5 GT/s PCIe,1
107.300049,card3,400,400,2.5 GT/s PCIe,1
107.350049,card2,2800,2800,2.5 GT/s PCIe,1
107.350049,card3,400,400,2.5 GT/s PCIe,1
107.400050,card2,2800,2600,2.5 GT/s PCIe,1
107.400050,card3,400,400,2.5 GT/s PCIe,1
107.450049,card2,2800,2667,2.5 GT/s PCIe,1
107.450049,card3,400,400,2.5 GT/s PCIe,1
107.500053,card2,2800,2650,2.5 GT/s PCIe,1
107.500053,card3,400,400,2.5 GT/s PCIe,1
107.550059,card2,2800,2600,2.5 GT/s PCIe,1
107.550059,card3,400,400,2.5 GT/s PCIe,1
107.600050,card2,2800,2800,2.5 GT/s PCIe,1
107.600050,card3,400,400,2.5 GT/s PCIe,1
107.650054,card2,2800,2800,2.5 GT/s PCIe,1
107.650054,card3,400,400,2.5 GT/s PCIe,1
107.700049,card2,2800,2600,2.5 GT/s PCIe,1
107.700049,card3,400,400,2.5 GT/s PCIe,1
107.750050,card2,2800,2650,2.5 GT/s PCIe,1
107.750050,card3,400,400,2.5 GT/s PCIe,1
107.800050,card2,2800,2600,2.5 GT/s PCIe,1
107.800050,card3,400,400,2.5 GT/s PCIe,1
107.850048,card2,2800,2800,2.5 GT/s PCIe,1
107.850048,card3,400,400,2.5 GT/s PCIe,1
107.900060,card2,2800,2800,2.5 GT/s PCIe,1
107.900060,card3,400,400,2.5 GT/s PCIe,1
107.950060,card2,2800,2600,2.5 GT/s PCIe,1
107.950060,card3,400,400,2.5 GT/s PCIe,1
108.000049,card2,2800,2650,2.5 GT/s PCIe,1
108.000049,card3,400,400,2.5 GT/s PCIe,1
108.050069,card2,2800,2617,2.5 GT/s PCIe,1
108.050069,card3,400,400,2.5 GT/s PCIe,1
108.100059,card2,2800,2800,2.5 GT/s PCIe,1
108.100059,card3,400,400,2.5 GT/s PCIe,1
108.150050,card2,2800,2800,2.5 GT/s PCIe,1
108.150050,card3,400,400,2.5 GT/s PCIe,1
108.200059,card2,2800,2600,2.5 GT/s PCIe,1
108.200059,card3,400,400,2.5 GT/s PCIe,1
108.250049,card2,2800,2667,2.5 GT/s PCIe,1
108.250049,card3,400,400,2.5 GT/s PCIe,1
108.300069,card2,2800,2650,2.5 GT/s PCIe,1
108.300069,card3,400,400,2.5 GT/s PCIe,1
108.350060,card2,2800,2767,2.5 GT/s PCIe,1
108.350060,card3,400,400,2.5 GT/s PCIe,1
108.400050,card2,2800,2800,2.5 GT/s PCIe,1
108.400050,card3,400,400,2.5 GT/s PCIe,1
108.450062,card2,2800,2600,2.5 GT/s PCIe,1
108.450062,card3,400,400,2.5 GT/s PCIe,1
108.500058,card2,2800,2600,2.5 GT/s PCIe,1
108.500058,card3,400,400,2.5 GT/s PCIe,1
108.550062,card2,2800,2650,2.5 GT/s PCIe,1
108.550062,card3,400,400,2.5 GT/s PCIe,1
108.600049,card2,2800,2600,2.5 GT/s PCIe,1
108.600049,card3,400,400,2.5 GT/s PCIe,1
108.650051,card2,2800,2800,2.5 GT/s PCIe,1
108.650051,card3,400,400,2.5 GT/s PCIe,1
108.700052,card2,2800,2800,2.5 GT/s PCIe,1
108.700052,card3,400,400,2.5 GT/s PCIe,1
108.750049,card2,2800,2800,2.5 GT/s PCIe,1
108.750049,card3,400,400,2.5 GT/s PCIe,1
108.800052,card2,2800,2800,2.5 GT/s PCIe,1
108.800052,card3,400,400,2.5 GT/s PCIe,1
108.850058,card2,2800,2800,2.5 GT/s PCIe,1
108.850058,card3,400,400,2.5 GT/s PCIe,1
108.900062,card2,2800,2800,2.5 GT/s PCIe,1
108.900062,card3,400,400,2.5 GT/s PCIe,1
108.950049,card2,2800,2800,2.5 GT/s PCIe,1
108.950049,card3,400,400,2.5 GT/s PCIe,1
109.000050,card2,2800,2800,2.5 GT/s PCIe,1
109.000050,card3,400,400,2.5 GT/s PCIe,1
109.050062,card2,2800,2800,2.5 GT/s PCIe,1
109.050062,card3,400,400,2.5 GT/s PCIe,1
109.100051,card2,2800,2800,2.5 GT/s PCIe,1
109.100051,card3,400,400,2.5 GT/s PCIe,1
109.150049,card2,2800,2800,2.5 GT/s PCIe,1
109.150049,card3,400,400,2.5 GT/s PCIe,1
109.200050,card2,2800,2800,2.5 GT/s PCIe,1
109.200050,card3,400,400,2.5 GT/s PCIe,1
109.250050,card2,2800,2800,2.5 GT/s PCIe,1
109.250050,card3,400,400,2.5 GT/s PCIe,1
109.300060,card2,2800,2800,2.5 GT/s PCIe,1
109.300060,card3,400,400,2.5 GT/s PCIe,1
109.350058,card2,2800,2800,2.5 GT/s PCIe,1
109.350058,card3,400,400,2.5 GT/s PCIe,1
109.400058,card2,2800,2800,2.5 GT/s PCIe,1
109.400058,card3,400,400,2.5 GT/s PCIe,1
109.450049,card2,2800,2800,2.5 GT/s PCIe,1
109.450049,card3,400,400,2.5 GT/s PCIe,1
109.500049,card2,2800,2800,2.5 GT/s PCIe,1
109.500049,card3,400,517,2.5 GT/s PCIe,1
109.550052,card2,2800,2800,2.5 GT/s PCIe,1
109.550052,card3,400,400,2.5 GT/s PCIe,1
109.600048,card2,2800,2800,2.5 GT/s PCIe,1
109.600048,card3,400,400,2.5 GT/s PCIe,1
109.650061,card2,2800,2800,2.5 GT/s PCIe,1
109.650061,card3,400,400,2.5 GT/s PCIe,1
109.700048,card2,2800,2800,2.5 GT/s PCIe,1
109.700048,card3,400,400,2.5 GT/s PCIe,1
109.750051,card2,2800,2800,2.5 GT/s PCIe,1
109.750051,card3,400,400,2.5 GT/s PCIe,1
109.800049,card2,2800,2800,2.5 GT/s PCIe,1
109.800049,card3,400,400,2.5 GT/s PCIe,1
109.850048,card2,2800,2800,2.5 GT/s PCIe,1
109.850048,card3,400,400,2.5 GT/s PCIe,1
109.900049,card2,2800,2800,2.5 GT/s PCIe,1
109.900049,card3,400,517,2.5 GT/s PCIe,1
109.950049,card2,2800,2800,2.5 GT/s PCIe,1
109.950049,card3,400,400,2.5 GT/s PCIe,1
110.000058,card2,2800,2800,2.5 GT/s PCIe,1
110.000058,card3,400,400,2.5 GT/s PCIe,1
110.050049,card2,2800,2800,2.5 GT/s PCIe,1
110.050049,card3,400,400,2.5 GT/s PCIe,1
110.100051,card2,2800,2800,2.5 GT/s PCIe,1
110.100051,card3,400,400,2.5 GT/s PCIe,1
110.150049,card2,2800,2800,2.5 GT/s PCIe,1
110.150049,card3,400,400,2.5 GT/s PCIe,1
110.200048,card2,2800,2800,2.5 GT/s PCIe,1
110.200048,card3,400,400,2.5 GT/s PCIe,1
110.250059,card2,2800,2633,2.5 GT/s PCIe,1
110.250059,card3,400,400,2.5 GT/s PCIe,1
110.300059,card2,2800,2600,2.5 GT/s PCIe,1
110.300059,card3,400,400,2.5 GT/s PCIe,1
110.350054,card2,2800,2667,2.5 GT/s PCIe,1
110.350054,card3,400,400,2.5 GT/s PCIe,1
110.400053,card2,2800,2617,2.5 GT/s PCIe,1
110.400053,card3,400,400,2.5 GT/s PCIe,1
110.450059,card2,2800,2750,2.5 GT/s PCIe,1
110.450059,card3,400,400,2.5 GT/s PCIe,1
110.500057,card2,2800,2800,2.5 GT/s PCIe,1
110.500057,card3,400,400,2.5 GT/s PCIe,1
110.550059,card2,2800,2600,2.5 GT/s PCIe,1
110.550059,card3,400,400,2.5 GT/s PCIe,1
110.600050,card2,2800,2667,2.5 GT/s PCIe,1
110.600050,card3,400,400,2.5 GT/s PCIe,1
110.650055,card2,2800,2617,2.5 GT/s PCIe,1
110.650055,card3,400,400,2.5 GT/s PCIe,1
110.700050,card2,2800,2700,2.5 GT/s PCIe,1
110.700050,card3,400,400,2.5 GT/s PCIe,1
110.750063,card2,2800,2800,2.5 GT/s PCIe,1
110.750063,card3,400,400,2.5 GT/s PCIe,1
110.800049,card2,2800,2600,2.5 GT/s PCIe,1
110.800049,card3,400,400,2.5 GT/s PCIe,1
110.850059,card2,2800,2667,2.5 GT/s PCIe,1
110.850059,card3,400,400,2.5 GT/s PCIe,1
110.900049,card2,2800,2650,2.5 GT/s PCIe,1
110.900049,card3,400,400,2.5 GT/s PCIe,1
110.950049,card2,2800,2600,2.5 GT/s PCIe,1
110.950049,card3,400,400,2.5 GT/s PCIe,1
111.000049,card2,2800,2800,2.5 GT/s PCIe,1
111.000049,card3,400,400,2.5 GT/s PCIe,1
111.050063,card2,2800,2800,2.5 GT/s PCIe,1
111.050063,card3,400,400,2.5 GT/s PCIe,1
111.100052,card2,2800,2600,2.5 GT/s PCIe,1
111.100052,card3,400,400,2.5 GT/s PCIe,1
111.150052,card2,2800,2650,2.5 GT/s PCIe,1
111.150052,card3,400,400,2.5 GT/s PCIe,1
111.200059,card2,2800,2617,2.5 GT/s PCIe,1
111.200059,card3,400,400,2.5 GT/s PCIe,1
111.250049,card2,2800,2800,2.5 GT/s PCIe,1
111.250049,card3,400,400,2.5 GT/s PCIe,1
111.300052,card2,2800,2800,2.5 GT/s PCIe,1
111.300052,card3,400,400,2.5 GT/s PCIe,1
111.350049,card2,2800,2600,2.5 GT/s PCIe,1
111.350049,card3,400,400,2.5 GT/s PCIe,1
111.400061,card2,2800,2667,2.5 GT/s PCIe,1
111.400061,card3,400,400,2.5 GT/s PCIe,1
111.450072,card2,2800,2617,2.5 GT/s PCIe,1
111.450072,card3,400,400,2.5 GT/s PCIe,1
111.500049,card2,2800,2800,2.5 GT/s PCIe,1
111.500049,card3,400,400,2.5 GT/s PCIe,1
111.550049,card2,2800,2800,2.5 GT/s PCIe,1
111.550049,card3,400,400,2.5 GT/s PCIe,1
111.600051,card2,2800,2600,2.5 GT/s PCIe,1
111.600051,card3,400,400,2.5 GT/s PCIe,1
111.650051,card2,2800,2667,2.5 GT/s PCIe,1
111.650051,card3,400,400,2.5 GT/s PCIe,1
111.700049,card2,2800,2617,2.5 GT/s PCIe,1
111.700049,card3,400,400,2.5 GT/s PCIe,1
111.750049,card2,2800,2767,2.5 GT/s PCIe,1
111.750049,card3,400,400,2.5 GT/s PCIe,1
111.800051,card2,2800,2800,2.5 GT/s PCIe,1
111.800051,card3,400,400,2.5 GT/s PCIe,1
111.850049,card2,2800,2600,2.5 GT/s PCIe,1
111.850049,card3,400,400,2.5 GT/s PCIe,1
111.900053,card2,2800,2667,2.5 GT/s PCIe,1
111.900053,card3,400,400,2.5 GT/s PCIe,1
111.950049,card2,2800,2617,2.5 GT/s PCIe,1
111.950049,card3,400,400,2.5 GT/s PCIe,1
112.000047,card2,2800,2733,2.5 GT/s PCIe,1
112.000047,card3,400,400,2.5 GT/s PCIe,1
112.050048,card2,2800,2800,2.5 GT/s PCIe,1
112.050048,card3,400,400,2.5 GT/s PCIe,1
112.100061,card2,2800,2600,2.5 GT/s PCIe,1
112.100061,card3,400,400,2.5 GT/s PCIe,1
112.150050,card2,2800,2667,2.5 GT/s PCIe,1
112.150050,card3,400,400,2.5 GT/s PCIe,1
112.200058,card2,2800,2650,2.5 GT/s PCIe,1
112.200058,card3,400,400,2.5 GT/s PCIe,1
112.250061,card2,2800,2600,2.5 GT/s PCIe,1
112.250061,card3,400,400,2.5 GT/s PCIe,1
112.300049,card2,2800,2800,2.5 GT/s PCIe,1
112.300049,card3,400,400,2.5 GT/s PCIe,1
112.350049,card2,2800,2600,2.5 GT/s PCIe,1
112.350049,card3,400,400,2.5 GT/s PCIe,1
112.400049,card2,2800,2667,2.5 GT/s PCIe,1
112.400049,card3,400,400,2.5 GT/s PCIe,1
112.450049,card2,2800,2650,2.5 GT/s PCIe,1
112.450049,card3,400,400,2.5 GT/s PCIe,1
112.500062,card2,2800,2600,2.5 GT/s PCIe,1
112.500062,card3,400,400,2.5 GT/s PCIe,1
112.550049,card2,2800,2800,2.5 GT/s PCIe,1
112.550049,card3,400,400,2.5 GT/s PCIe,1
112.600059,card2,2800,2633,2.5 GT/s PCIe,1
112.600059,card3,400,400,2.5 GT/s PCIe,1
112.650050,card2,2800,2600,2.5 GT/s PCIe,1
112.650050,card3,400,400,2.5 GT/s PCIe,1
112.700049,card2,2800,2650,2.5 GT/s PCIe,1
112.700049,card3,400,400,2.5 GT/s PCIe,1
112.750062,card2,2800,2617,2.5 GT/s PCIe,1
112.750062,card3,400,400,2.5 GT/s PCIe,1
112.800048,card2,2800,2800,2.5 GT/s PCIe,1
112.800048,card3,400,400,2.5 GT/s PCIe,1
112.850060,card2,2800,2800,2.5 GT/s PCIe,1
112.850060,card3,400,400,2.5 GT/s PCIe,1
112.900059,card2,2800,2600,2.5 GT/s PCIe,1
112.900059,card3,400,400,2.5 GT/s PCIe,1
112.950050,card2,2800,2667,2.5 GT/s PCIe,1
112.950050,card3,400,400,2.5 GT/s PCIe,1
113.000058,card2,2800,2650,2.5 GT/s PCIe,1
113.000058,card3,400,400,2.5 GT/s PCIe,1
113.050059,card2,2800,2767,2.5 GT/s PCIe,1
113.050059,card3,400,400,2.5 GT/s PCIe,1
113.100065,card2,2800,2800,2.5 GT/s PCIe,1
113.100065,card3,400,400,2.5 GT/s PCIe,1
113.150053,card2,2800,2600,2.5 GT/s PCIe,1
113.150053,card3,400,400,2.5 GT/s PCIe,1
113.200049,card2,2800,2667,2.5 GT/s PCIe,1
113.200049,card3,400,400,2.5 GT/s PCIe,1
113.250068,card2,2800,2617,2.5 GT/s PCIe,1
113.250068,card3,400,400,2.5 GT/s PCIe,1
113.300072,card2,2800,2733,2.5 GT/s PCIe,1
113.300072,card3,400,400,2.5 GT/s PCIe,1
113.350049,card2,2800,2800,2.5 GT/s PCIe,1
113.350049,card3,400,400,2.5 GT/s PCIe,1
113.400059,card2,2800,2600,2.5 GT/s PCIe,1
113.400059,card3,400,400,2.5 GT/s PCIe,1
113.450049,card2,2800,2667,2.5 GT/s PCIe,1
113.450049,card3,400,400,2.5 GT/s PCIe,1
113.500052,card2,2800,2650,2.5 GT/s PCIe,1
113.500052,card3,400,400,2.5 GT/s PCIe,1
113.550060,card2,2800,2600,2.5 GT/s PCIe,1
113.550060,card3,400,400,2.5 GT/s PCIe,1
113.600049,card2,2800,2800,2.5 GT/s PCIe,1
113.600049,card3,400,400,2.5 GT/s PCIe,1
113.650053,card2,2800,2633,2.5 GT/s PCIe,1
113.650053,card3,400,400,2.5 GT/s PCIe,1
113.700050,card2,2800,2600,2.5 GT/s PCIe,1
113.700050,card3,400,400,2.5 GT/s PCIe,1
113.750371,card2,2800,2650,2.5 GT/s PCIe,1
113.750371,card3,400,517,2.5 GT/s PCIe,1
113.800065,card2,2800,2600,2.5 GT/s PCIe,1
113.800065,card3,400,400,2.5 GT/s PCIe,1
113.850051,card2,2800,2800,2.5 GT/s PCIe,1
113.850051,card3,400,400,2.5 GT/s PCIe,1
113.900051,card2,2800,2800,2.5 GT/s PCIe,1
113.900051,card3,400,400,2.5 GT/s PCIe,1
113.950060,card2,2800,2600,2.5 GT/s PCIe,1
113.950060,card3,400,400,2.5 GT/s PCIe,1
114.000058,card2,2800,2650,2.5 GT/s PCIe,1
114.000058,card3,400,400,2.5 GT/s PCIe,1
114.050051,card2,2800,2600,2.5 GT/s PCIe,1
114.050051,card3,400,400,2.5 GT/s PCIe,1
114.100054,card2,2800,2800,2.5 GT/s PCIe,1
114.100054,card3,400,400,2.5 GT/s PCIe,1
114.150059,card2,2800,2800,2.5 GT/s PCIe,1
114.150059,card3,400,400,2.5 GT/s PCIe,1
114.200058,card2,2800,2600,2.5 GT/s PCIe,1
114.200058,card3,400,400,2.5 GT/s PCIe,1
114.250049,card2,2800,2667,2.5 GT/s PCIe,1
114.250049,card3,400,400,2.5 GT/s PCIe,1
114.300049,card2,2800,2617,2.5 GT/s PCIe,1
114.300049,card3,400,400,2.5 GT/s PCIe,1
114.350049,card2,2800,2767,2.5 GT/s PCIe,1
114.350049,card3,400,400,2.5 GT/s PCIe,1
114.400058,card2,2800,2800,2.5 GT/s PCIe,1
114.400058,card3,400,400,2.5 GT/s PCIe,1
114.450049,card2,2800,2600,2.5 GT/s PCIe,1
114.450049,card3,400,400,2.5 GT/s PCIe,1
114.500050,card2,2800,2667,2.5 GT/s PCIe,1
114.500050,card3,400,400,2.5 GT/s PCIe,1
114.550059,card2,2800,2617,2.5 GT/s PCIe,1
114.550059,card3,400,400,2.5 GT/s PCIe,1
114.600050,card2,2800,2733,2.5 GT/s PCIe,1
114.600050,card3,400,400,2.5 GT/s PCIe,1
114.650060,card2,2800,2800,2.5 GT/s PCIe,1
114.650060,card3,400,400,2.5 GT/s PCIe,1
114.700059,card2,2800,2600,2.5 GT/s PCIe,1
114.700059,card3,400,400,2.5 GT/s PCIe,1
114.750060,card2,2800,2600,2.5 GT/s PCIe,1
114.750060,card3,400,400,2.5 GT/s PCIe,1
114.800049,card2,2800,2650,2.5 GT/s PCIe,1
114.800049,card3,400,400,2.5 GT/s PCIe,1
114.850056,card2,2800,2600,2.5 GT/s PCIe,1
114.850056,card3,400,400,2.5 GT/s PCIe,1
114.900049,card2,2800,2800,2.5 GT/s PCIe,1
114.900049,card3,400,400,2.5 GT/s PCIe,1
114.950055,card2,2800,2600,2.5 GT/s PCIe,1
114.950055,card3,400,400,2.5 GT/s PCIe,1
115.000053,card2,2800,2667,2.5 GT/s PCIe,1
115.000053,card3,400,400,2.5 GT/s PCIe,1
115.050050,card2,2800,2650,2.5 GT/s PCIe,1
115.050050,card3,400,400,2.5 GT/s PCIe,1
115.100059,card2,2800,2600,2.5 GT/s PCIe,1
115.100059,card3,400,400,2.5 GT/s PCIe,1
115.150060,card2,2800,2800,2.5 GT/s PCIe,1
115.150060,card3,400,400,2.5 GT/s PCIe,1
115.200059,card2,2800,2800,2.5 GT/s PCIe,1
115.200059,card3,400,400,2.5 GT/s PCIe,1
115.250062,card2,2800,2600,2.5 GT/s PCIe,1
115.250062,card3,400,400,2.5 GT/s PCIe,1
115.300049,card2,2800,2650,2.5 GT/s PCIe,1
115.300049,card3,400,400,2.5 GT/s PCIe,1
115.350059,card2,2800,2600,2.5 GT/s PCIe,1
115.350059,card3,400,400,2.5 GT/s PCIe,1
115.400049,card2,2800,2800,2.5 GT/s PCIe,1
115.400049,card3,400,400,2.5 GT/s PCIe,1
115.450059,card2,2800,2800,2.5 GT/s PCIe,1
115.450059,card3,400,400,2.5 GT/s PCIe,1
115.500053,card2,2800,2700,2.5 GT/s PCIe,1
115.500053,card3,400,400,2.5 GT/s PCIe,1
115.550093,card2,2800,2767,2.5 GT/s PCIe,1
115.550093,card3,400,400,2.5 GT/s PCIe,1
115.600051,card2,2800,2717,2.5 GT/s PCIe,1
115.600051,card3,400,400,2.5 GT/s PCIe,1
115.650056,card2,2800,2783,2.5 GT/s PCIe,1
115.650056,card3,400,400,2.5 GT/s PCIe,1
115.700067,card2,2800,2800,2.5 GT/s PCIe,1
115.700067,card3,400,400,2.5 GT/s PCIe,1
115.750050,card2,2800,2600,2.5 GT/s PCIe,1
115.750050,card3,400,400,2.5 GT/s PCIe,1
115.800050,card2,2800,2650,2.5 GT/s PCIe,1
115.800050,card3,400,400,2.5 GT/s PCIe,1
115.850060,card2,2800,2617,2.5 GT/s PCIe,1
115.850060,card3,400,400,2.5 GT/s PCIe,1
115.900069,card2,2800,2733,2.5 GT/s PCIe,1
115.900069,card3,400,400,2.5 GT/s PCIe,1
115.950060,card2,2800,2800,2.5 GT/s PCIe,1
115.950060,card3,400,400,2.5 GT/s PCIe,1
116.000049,card2,2800,2600,2.5 GT/s PCIe,1
116.000049,card3,400,400,2.5 GT/s PCIe,1
116.050050,card2,2800,2667,2.5 GT/s PCIe,1
116.050050,card3,400,400,2.5 GT/s PCIe,1
116.100060,card2,2800,2617,2.5 GT/s PCIe,1
116.100060,card3,400,400,2.5 GT/s PCIe,1
116.150049,card2,2800,2600,2.5 GT/s PCIe,1
116.150049,card3,400,400,2.5 GT/s PCIe,1
116.200051,card2,2800,2800,2.5 GT/s PCIe,1
116.200051,card3,400,517,2.5 GT/s PCIe,1
116.250063,card2,2800,2800,2.5 GT/s PCIe,1
116.250063,card3,400,400,2.5 GT/s PCIe,1
116.300075,card2,2800,2600,2.5 GT/s PCIe,1
116.300075,card3,400,400,2.5 GT/s PCIe,1
116.350051,card2,2800,2650,2.5 GT/s PCIe,1
116.350051,card3,400,400,2.5 GT/s PCIe,1
116.400059,card2,2800,2600,2.5 GT/s PCIe,1
116.400059,card3,400,400,2.5 GT/s PCIe,1
116.450049,card2,2800,2800,2.5 GT/s PCIe,1
116.450049,card3,400,400,2.5 GT/s PCIe,1
116.500067,card2,2800,2800,2.5 GT/s PCIe,1
116.500067,card3,400,400,2.5 GT/s PCIe,1
116.550061,card2,2800,2700,2.5 GT/s PCIe,1
116.550061,card3,400,400,2.5 GT/s PCIe,1
116.600071,card2,2800,2650,2.5 GT/s PCIe,1
116.600071,card3,400,400,2.5 GT/s PCIe,1
116.650066,card2,2800,2617,2.5 GT/s PCIe,1
116.650066,card3,400,400,2.5 GT/s PCIe,1
116.700058,card2,2800,2800,2.5 GT/s PCIe,1
116.700058,card3,400,400,2.5 GT/s PCIe,1
116.750058,card2,2800,2633,2.5 GT/s PCIe,1
116.750058,card3,400,400,2.5 GT/s PCIe,1
116.800059,card2,2800,2600,2.5 GT/s PCIe,1
116.800059,card3,400,400,2.5 GT/s PCIe,1
116.850049,card2,2800,2667,2.5 GT/s PCIe,1
116.850049,card3,400,400,2.5 GT/s PCIe,1
116.900058,card2,2800,2617,2.5 GT/s PCIe,1
116.900058,card3,400,400,2.5 GT/s PCIe,1
116.950059,card2,2800,2750,2.5 GT/s PCIe,1
116.950059,card3,400,400,2.5 GT/s PCIe,1
117.000059,card2,2800,2800,2.5 GT/s PCIe,1
117.000059,card3,400,400,2.5 GT/s PCIe,1
117.050058,card2,2800,2600,2.5 GT/s PCIe,1
117.050058,card3,400,400,2.5 GT/s PCIe,1
117.100059,card2,2800,2667,2.5 GT/s PCIe,1
117.100059,card3,400,400,2.5 GT/s PCIe,1
117.150055,card2,2800,2650,2.5 GT/s PCIe,1
117.150055,card3,400,400,2.5 GT/s PCIe,1
117.200049,card2,2800,2600,2.5 GT/s PCIe,1
117.200049,card3,400,400,2.5 GT/s PCIe,1
117.250057,card2,2800,2800,2.5 GT/s PCIe,1
117.250057,card3,400,400,2.5 GT/s PCIe,1
117.300067,card2,2800,2600,2.5 GT/s PCIe,1
117.300067,card3,400,400,2.5 GT/s PCIe,1
117.350049,card2,2800,2600,2.5 GT/s PCIe,1
117.350049,card3,400,400,2.5 GT/s PCIe,1
117.400049,card2,2800,2650,2.5 GT/s PCIe,1
117.400049,card3,400,400,2.5 GT/s PCIe,1
117.450049,card2,2800,2600,2.5 GT/s PCIe,1
117.450049,card3,400,400,2.5 GT/s PCIe,1
117.500050,card2,2800,2800,2.5 GT/s PCIe,1
117.500050,card3,400,400,2.5 GT/s PCIe,1
117.550050,card2,2800,2800,2.5 GT/s PCIe,1
117.550050,card3,400,517,2.5 GT/s PCIe,1
117.600050,card2,2800,2600,2.5 GT/s PCIe,1
117.600050,card3,400,400,2.5 GT/s PCIe,1
117.650056,card2,2800,2650,2.5 GT/s PCIe,1
117.650056,card3,400,400,2.5 GT/s PCIe,1
117.700060,card2,2800,2600,2.5 GT/s PCIe,1
117.700060,card3,400,400,2.5 GT/s PCIe,1
117.750054,card2,2800,2800,2.5 GT/s PCIe,1
117.750054,card3,400,400,2.5 GT/s PCIe,1
117.800049,card2,2800,2800,2.5 GT/s PCIe,1
117.800049,card3,400,517,2.5 GT/s PCIe,1
117.850049,card2,2800,2600,2.5 GT/s PCIe,1
117.850049,card3,400,400,2.5 GT/s PCIe,1
117.900051,card2,2800,2650,2.5 GT/s PCIe,1
117.900051,card3,400,400,2.5 GT/s PCIe,1
117.950059,card2,2800,2600,2.5 GT/s PCIe,1
117.950059,card3,400,400,2.5 GT/s PCIe,1
118.000047,card2,2800,2783,2.5 GT/s PCIe,1
118.000047,card3,400,400,2.5 GT/s PCIe,1
118.050049,card2,2800,2800,2.5 GT/s PCIe,1
118.050049,card3,400,400,2.5 GT/s PCIe,1
118.100049,card2,2800,2600,2.5 GT/s PCIe,1
118.100049,card3,400,400,2.5 GT/s PCIe,1
118.150065,card2,2800,2667,2.5 GT/s PCIe,1
118.150065,card3,400,400,2.5 GT/s PCIe,1
118.200059,card2,2800,2617,2.5 GT/s PCIe,1
118.200059,card3,400,400,2.5 GT/s PCIe,1
118.250050,card2,2800,2750,2.5 GT/s PCIe,1
118.250050,card3,400,400,2.5 GT/s PCIe,1
118.300050,card2,2800,2800,2.5 GT/s PCIe,1
118.300050,card3,400,400,2.5 GT/s PCIe,1
118.350069,card2,2800,2600,2.5 GT/s PCIe,1
118.350069,card3,400,400,2.5 GT/s PCIe,1
118.400048,card2,2800,2667,2.5 GT/s PCIe,1
118.400048,card3,400,400,2.5 GT/s PCIe,1
118.450050,card2,2800,2650,2.5 GT/s PCIe,1
118.450050,card3,400,400,2.5 GT/s PCIe,1
118.500049,card2,2800,2600,2.5 GT/s PCIe,1
118.500049,card3,400,400,2.5 GT/s PCIe,1
118.550049,card2,2800,2800,2.5 GT/s PCIe,1
118.550049,card3,400,400,2.5 GT/s PCIe,1
118.600059,card2,2800,2600,2.5 GT/s PCIe,1
118.600059,card3,400,400,2.5 GT/s PCIe,1
118.650069,card2,2800,2600,2.5 GT/s PCIe,1
118.650069,card3,400,400,2.5 GT/s PCIe,1
118.700072,card2,2800,2650,2.5 GT/s PCIe,1
118.700072,card3,400,400,2.5 GT/s PCIe,1
118.750050,card2,2800,2700,2.5 GT/s PCIe,1
118.750050,card3,400,400,2.5 GT/s PCIe,1
118.800049,card2,2800,2800,2.5 GT/s PCIe,1
118.800049,card3,400,400,2.5 GT/s PCIe,1
118.850050,card2,2800,2800,2.5 GT/s PCIe,1
118.850050,card3,400,400,2.5 GT/s PCIe,1
118.900058,card2,2800,2600,2.5 GT/s PCIe,1
118.900058,card3,400,400,2.5 GT/s PCIe,1
118.950049,card2,2800,2650,2.5 GT/s PCIe,1
118.950049,card3,400,400,2.5 GT/s PCIe,1
119.000048,card2,2800,2600,2.5 GT/s PCIe,1
119.000048,card3,400,400,2.5 GT/s PCIe,1
119.050049,card2,2800,2800,2.5 GT/s PCIe,1
119.050049,card3,400,400,2.5 GT/s PCIe,1
119.100062,card2,2800,2633,2.5 GT/s PCIe,1
119.100062,card3,400,400,2.5 GT/s PCIe,1
119.150056,card2,2800,2600,2.5 GT/s PCIe,1
119.150056,card3,400,400,2.5 GT/s PCIe,1
119.200049,card2,2800,2650,2.5 GT/s PCIe,1
119.200049,card3,400,400,2.5 GT/s PCIe,1
119.250050,card2,2800,2617,2.5 GT/s PCIe,1
119.250050,card3,400,400,2.5 GT/s PCIe,1
119.300048,card2,2800,2800,2.5 GT/s PCIe,1
119.300048,card3,400,400,2.5 GT/s PCIe,1
119.350051,card2,2800,2800,2.5 GT/s PCIe,1
119.350051,card3,400,400,2.5 GT/s PCIe,1
119.400050,card2,2800,2600,2.5 GT/s PCIe,1
119.400050,card3,400,400,2.5 GT/s PCIe,1
119.450058,card2,2800,2667,2.5 GT/s PCIe,1
119.450058,card3,400,400,2.5 GT/s PCIe,1
119.500051,card2,2800,2617,2.5 GT/s PCIe,1
119.500051,card3,400,400,2.5 GT/s PCIe,1
119.550049,card2,2800,2733,2.5 GT/s PCIe,1
119.550049,card3,400,400,2.5 GT/s PCIe,1
119.600049,card2,2800,2800,2.5 GT/s PCIe,1
119.600049,card3,400,400,2.5 GT/s PCIe,1
119.650061,card2,2800,2600,2.5 GT/s PCIe,1
119.650061,card3,400,400,2.5 GT/s PCIe,1
119.700226,card2,2800,2667,2.5 GT/s PCIe,1
119.700226,card3,400,517,2.5 GT/s PCIe,1
119.750049,card2,2800,2650,2.5 GT/s PCIe,1
119.750049,card3,400,400,2.5 GT/s PCIe,1
119.800049,card2,2800,2600,2.5 GT/s PCIe,1
119.800049,card3,400,400,2.5 GT/s PCIe,1
119.850048,card2,2800,2800,2.5 GT/s PCIe,1
119.850048,card3,400,400,2.5 GT/s PCIe,1
119.900049,card2,2800,2600,2.5 GT/s PCIe,1
119.900049,card3,400,400,2.5 GT/s PCIe,1
119.950049,card2,2800,2667,2.5 GT/s PCIe,1
119.950049,card3,400,400,2.5 GT/s PCIe,1
120.000049,card2,2800,2650,2.5 GT/s PCIe,1
120.000049,card3,400,400,2.5 GT/s PCIe,1
120.050058,card2,2800,2600,2.5 GT/s PCIe,1
120.050058,card3,400,400,2.5 GT/s PCIe,1
120.100058,card2,2800,2800,2.5 GT/s PCIe,1
120.100058,card3,400,400,2.5 GT/s PCIe,1
120.150071,card2,2800,2800,2.5 GT/s PCIe,1
120.150071,card3,400,400,2.5 GT/s PCIe,1
120.200057,card2,2800,2600,2.5 GT/s PCIe,1
120.200057,card3,400,400,2.5 GT/s PCIe,1
120.250058,card2,2800,2650,2.5 GT/s PCIe,1
120.250058,card3,400,400,2.5 GT/s PCIe,1
120.300056,card2,2800,2600,2.5 GT/s PCIe,1
120.300056,card3,400,517,2.5 GT/s PCIe,1
120.350049,card2,2800,2800,2.5 GT/s PCIe,1
120.350049,card3,400,400,2.5 GT/s PCIe,1
120.400058,card2,2800,2800,2.5 GT/s PCIe,1
120.400058,card3,400,400,2.5 GT/s PCIe,1
120.450058,card2,2800,2600,2.5 GT/s PCIe,1
120.450058,card3,400,400,2.5 GT/s PCIe,1
120.500361,card2,2800,2650,2.5 GT/s PCIe,1
120.500361,card3,400,517,2.5 GT/s PCIe,1
120.550025,card2,2800,2600,2.5 GT/s PCIe,1
120.550025,card3,400,400,2.5 GT/s PCIe,1
120.600058,card2,2800,2767,2.5 GT/s PCIe,1
120.600058,card3,400,400,2.5 GT/s PCIe,1
120.650051,card2,2800,2800,2.5 GT/s PCIe,1
120.650051,card3,400,400,2.5 GT/s PCIe,1
120.700060,card2,2800,2600,2.5 GT/s PCIe,1
120.700060,card3,400,400,2.5 GT/s PCIe,1
120.750059,card2,2800,2550,2.5 GT/s PCIe,1
120.750059,card3,400,400,2.5 GT/s PCIe,1
120.800061,card2,2800,2617,2.5 GT/s PCIe,1
120.800061,card3,400,400,2.5 GT/s PCIe,1
120.850050,card2,2800,2733,2.5 GT/s PCIe,1
120.850050,card3,400,400,2.5 GT/s PCIe,1
120.900058,card2,2800,2800,2.5 GT/s PCIe,1
120.900058,card3,400,400,2.5 GT/s PCIe,1
120.950058,card2,2800,2600,2.5 GT/s PCIe,1
120.950058,card3,400,400,2.5 GT/s PCIe,1
121.000050,card2,2800,2667,2.5 GT/s PCIe,1
121.000050,card3,400,400,2.5 GT/s PCIe,1
121.050070,card2,2800,2650,2.5 GT/s PCIe,1
121.050070,card3,400,400,2.5 GT/s PCIe,1
121.100053,card2,2800,2600,2.5 GT/s PCIe,1
121.100053,card3,400,400,2.5 GT/s PCIe,1
121.150049,card2,2800,2800,2.5 GT/s PCIe,1
121.150049,card3,400,400,2.5 GT/s PCIe,1
121.200067,card2,2800,2600,2.5 GT/s PCIe,1
121.200067,card3,400,400,2.5 GT/s PCIe,1
121.250049,card2,2800,2667,2.5 GT/s PCIe,1
121.250049,card3,400,400,2.5 GT/s PCIe,1
121.300060,card2,2800,2650,2.5 GT/s PCIe,1
121.300060,card3,400,400,2.5 GT/s PCIe,1
121.350060,card2,2800,2600,2.5 GT/s PCIe,1
121.350060,card3,400,400,2.5 GT/s PCIe,1
121.400049,card2,2800,2800,2.5 GT/s PCIe,1
121.400049,card3,400,400,2.5 GT/s PCIe,1
121.450050,card2,2800,2800,2.5 GT/s PCIe,1
121.450050,card3,400,400,2.5 GT/s PCIe,1
121.500050,card2,2800,2600,2.5 GT/s PCIe,1
121.500050,card3,400,400,2.5 GT/s PCIe,1
121.550059,card2,2800,2550,2.5 GT/s PCIe,1
121.550059,card3,400,400,2.5 GT/s PCIe,1
121.600068,card2,2800,2600,2.5 GT/s PCIe,1
121.600068,card3,400,400,2.5 GT/s PCIe,1
121.650064,card2,2800,2800,2.5 GT/s PCIe,1
121.650064,card3,400,400,2.5 GT/s PCIe,1
121.700063,card2,2800,2800,2.5 GT/s PCIe,1
121.700063,card3,400,400,2.5 GT/s PCIe,1
121.750108,card2,2800,2800,2.5 GT/s PCIe,1
121.750108,card3,400,400,2.5 GT/s PCIe,1
121.800054,card2,2800,2667,2.5 GT/s PCIe,1
121.800054,card3,400,400,2.5 GT/s PCIe,1
121.850050,card2,2800,2617,2.5 GT/s PCIe,1
121.850050,card3,400,400,2.5 GT/s PCIe,1
121.900049,card2,2800,2767,2.5 GT/s PCIe,1
121.900049,card3,400,400,2.5 GT/s PCIe,1
121.950050,card2,2800,2800,2.5 GT/s PCIe,1
121.950050,card3,400,400,2.5 GT/s PCIe,1
122.000049,card2,2800,2600,2.5 GT/s PCIe,1
122.000049,card3,400,400,2.5 GT/s PCIe,1
122.050049,card2,2800,2667,2.5 GT/s PCIe,1
122.050049,card3,400,400,2.5 GT/s PCIe,1
122.100058,card2,2800,2617,2.5 GT/s PCIe,1
122.100058,card3,400,400,2.5 GT/s PCIe,1
122.150053,card2,2800,2733,2.5 GT/s PCIe,1
122.150053,card3,400,400,2.5 GT/s PCIe,1
122.200047,card2,2800,2800,2.5 GT/s PCIe,1
122.200047,card3,400,400,2.5 GT/s PCIe,1
122.250049,card2,2800,2600,2.5 GT/s PCIe,1
122.250049,card3,400,400,2.5 GT/s PCIe,1
122.300061,card2,2800,2667,2.5 GT/s PCIe,1
122.300061,card3,400,400,2.5 GT/s PCIe,1
122.350050,card2,2800,2650,2.5 GT/s PCIe,1
122.350050,card3,400,400,2.5 GT/s PCIe,1
122.400048,card2,2800,2600,2.5 GT/s PCIe,1
122.400048,card3,400,400,2.5 GT/s PCIe,1
122.450049,card2,2800,2800,2.5 GT/s PCIe,1
122.450049,card3,400,517,2.5 GT/s PCIe,1
122.500049,card2,2800,2600,2.5 GT/s PCIe,1
122.500049,card3,400,400,2.5 GT/s PCIe,1
122.550048,card2,2800,2667,2.5 GT/s PCIe,1
122.550048,card3,400,400,2.5 GT/s PCIe,1
122.600050,card2,2800,2650,2.5 GT/s PCIe,1
122.600050,card3,400,400,2.5 GT/s PCIe,1
122.650050,card2,2800,2717,2.5 GT/s PCIe,1
122.650050,card3,400,400,2.5 GT/s PCIe,1
122.700050,card2,2800,2800,2.5 GT/s PCIe,1
122.700050,card3,400,400,2.5 GT/s PCIe,1
122.750050,card2,2800,2800,2.5 GT/s PCIe,1
122.750050,card3,400,400,2.5 GT/s PCIe,1
122.800048,card2,2800,2600,2.5 GT/s PCIe,1
122.800048,card3,400,400,2.5 GT/s PCIe,1
122.850048,card2,2800,2650,2.5 GT/s PCIe,1
122.850048,card3,400,400,2.5 GT/s PCIe,1
122.900048,card2,2800,2600,2.5 GT/s PCIe,1
122.900048,card3,400,400,2.5 GT/s PCIe,1
122.950050,card2,2800,2800,2.5 GT/s PCIe,1
122.950050,card3,400,517,2.5 GT/s PCIe,1
123.000048,card2,2800,2800,2.5 GT/s PCIe,1
123.000048,card3,400,400,2.5 GT/s PCIe,1
123.050059,card2,2800,2600,2.5 GT/s PCIe,1
123.050059,card3,400,400,2.5 GT/s PCIe,1
123.100058,card2,2800,2667,2.5 GT/s PCIe,1
123.100058,card3,400,400,2.5 GT/s PCIe,1
123.150054,card2,2800,2600,2.5 GT/s PCIe,1
123.150054,card3,400,400,2.5 GT/s PCIe,1
123.200050,card2,2800,2750,2.5 GT/s PCIe,1
123.200050,card3,400,400,2.5 GT/s PCIe,1
123.250049,card2,2800,2800,2.5 GT/s PCIe,1
123.250049,card3,400,400,2.5 GT/s PCIe,1
123.300049,card2,2800,2600,2.5 GT/s PCIe,1
123.300049,card3,400,517,2.5 GT/s PCIe,1
123.350049,card2,2800,2667,2.5 GT/s PCIe,1
123.350049,card3,400,400,2.5 GT/s PCIe,1
123.400058,card2,2800,2650,2.5 GT/s PCIe,1
123.400058,card3,400,400,2.5 GT/s PCIe,1
123.450058,card2,2800,2600,2.5 GT/s PCIe,1
123.450058,card3,400,400,2.5 GT/s PCIe,1
123.500058,card2,2800,2800,2.5 GT/s PCIe,1
123.500058,card3,400,400,2.5 GT/s PCIe,1
123.550048,card2,2800,2800,2.5 GT/s PCIe,1
123.550048,card3,400,400,2.5 GT/s PCIe,1
123.600057,card2,2800,2800,2.5 GT/s PCIe,1
123.600057,card3,400,400,2.5 GT/s PCIe,1
123.650049,card2,2800,2800,2.5 GT/s PCIe,1
123.650049,card3,400,400,2.5 GT/s PCIe,1
123.700049,card2,2800,2800,2.5 GT/s PCIe,1
123.700049,card3,400,400,2.5 GT/s PCIe,1
123.750049,card2,2800,2800,2.5 GT/s PCIe,1
123.750049,card3,400,400,2.5 GT/s PCIe,1
123.800048,card2,2800,2800,2.5 GT/s PCIe,1
123.800048,card3,400,400,2.5 GT/s PCIe,1
123.850049,card2,2800,2800,2.5 GT/s PCIe,1
123.850049,card3,400,400,2.5 GT/s PCIe,1
123.900049,card2,2800,2800,2.5 GT/s PCIe,1
123.900049,card3,400,400,2.5 GT/s PCIe,1
123.950048,card2,2800,2800,2.5 GT/s PCIe,1
123.950048,card3,400,400,2.5 GT/s PCIe,1
124.000047,card2,2800,2800,2.5 GT/s PCIe,1
124.000047,card3,400,400,2.5 GT/s PCIe,1
124.050056,card2,2800,2800,2.5 GT/s PCIe,1
124.050056,card3,400,400,2.5 GT/s PCIe,1
124.100048,card2,2800,2800,2.5 GT/s PCIe,1
124.100048,card3,400,400,2.5 GT/s PCIe,1
124.150050,card2,2800,2800,2.5 GT/s PCIe,1
124.150050,card3,400,400,2.5 GT/s PCIe,1
124.200048,card2,2800,2800,2.5 GT/s PCIe,1
124.200048,card3,400,400,2.5 GT/s PCIe,1
124.250062,card2,2800,2800,2.5 GT/s PCIe,1
124.250062,card3,400,400,2.5 GT/s PCIe,1
124.300050,card2,2800,2800,2.5 GT/s PCIe,1
124.300050,card3,400,400,2.5 GT/s PCIe,1
124.350059,card2,2800,2800,2.5 GT/s PCIe,1
124.350059,card3,400,400,2.5 GT/s PCIe,1
124.400051,card2,2800,2800,2.5 GT/s PCIe,1
124.400051,card3,400,400,2.5 GT/s PCIe,1
124.450061,card2,2800,2800,2.5 GT/s PCIe,1
124.450061,card3,400,400,2.5 GT/s PCIe,1
124.500013,card2,2800,2800,2.5 GT/s PCIe,1
124.500013,card3,400,400,2.5 GT/s PCIe,1
124.550055,card2,2800,2800,2.5 GT/s PCIe,1
124.550055,card3,400,400,2.5 GT/s PCIe,1
124.600049,card2,2800,2800,2.5 GT/s PCIe,1
124.600049,card3,400,400,2.5 GT/s PCIe,1
124.650060,card2,2800,2800,2.5 GT/s PCIe,1
124.650060,card3,400,400,2.5 GT/s PCIe,1
124.700049,card2,2800,2800,2.5 GT/s PCIe,1
124.700049,card3,400,400,2.5 GT/s PCIe,1
124.750059,card2,2800,2800,2.5 GT/s PCIe,1
124.750059,card3,400,400,2.5 GT/s PCIe,1
124.800062,card2,2800,2800,2.5 GT/s PCIe,1
124.800062,card3,400,400,2.5 GT/s PCIe,1
124.850061,card2,2800,2800,2.5 GT/s PCIe,1
124.850061,card3,400,400,2.5 GT/s PCIe,1
124.900056,card2,2800,2800,2.5 GT/s PCIe,1
124.900056,card3,400,400,2.5 GT/s PCIe,1
124.950059,card2,2800,2800,2.5 GT/s PCIe,1
124.950059,card3,400,400,2.5 GT/s PCIe,1
125.000060,card2,2800,2800,2.5 GT/s PCIe,1
125.000060,card3,400,400,2.5 GT/s PCIe,1
125.050049,card2,2800,2800,2.5 GT/s PCIe,1
125.050049,card3,400,400,2.5 GT/s PCIe,1
125.100049,card2,2800,2800,2.5 GT/s PCIe,1
125.100049,card3,400,400,2.5 GT/s PCIe,1
125.150061,card2,2800,2800,2.5 GT/s PCIe,1
125.150061,card3,400,400,2.5 GT/s PCIe,1
125.200341,card2,2800,2800,2.5 GT/s PCIe,1
125.200341,card3,400,517,2.5 GT/s PCIe,1
125.250047,card2,2800,2800,2.5 GT/s PCIe,1
125.250047,card3,400,400,2.5 GT/s PCIe,1
125.300054,card2,2800,2800,2.5 GT/s PCIe,1
125.300054,card3,400,400,2.5 GT/s PCIe,1
125.350050,card2,2800,2800,2.5 GT/s PCIe,1
125.350050,card3,400,400,2.5 GT/s PCIe,1
125.400059,card2,2800,2800,2.5 GT/s PCIe,1
125.400059,card3,400,400,2.5 GT/s PCIe,1
125.450049,card2,2800,2800,2.5 GT/s PCIe,1
125.450049,card3,400,400,2.5 GT/s PCIe,1
125.500049,card2,2800,2800,2.5 GT/s PCIe,1
125.500049,card3,400,400,2.5 GT/s PCIe,1
125.550057,card2,2800,2600,2.5 GT/s PCIe,1
125.550057,card3,400,400,2.5 GT/s PCIe,1
125.600048,card2,2800,2667,2.5 GT/s PCIe,1
125.600048,card3,400,400,2.5 GT/s PCIe,1
125.650060,card2,2800,2617,2.5 GT/s PCIe,1
125.650060,card3,400,400,2.5 GT/s PCIe,1
125.700051,card2,2800,2783,2.5 GT/s PCIe,1
125.700051,card3,400,400,2.5 GT/s PCIe,1
125.750050,card2,2800,2800,2.5 GT/s PCIe,1
125.750050,card3,400,400,2.5 GT/s PCIe,1
125.800052,card2,2800,2600,2.5 GT/s PCIe,1
125.800052,card3,400,400,2.5 GT/s PCIe,1
125.850061,card2,2800,2667,2.5 GT/s PCIe,1
125.850061,card3,400,400,2.5 GT/s PCIe,1
125.900068,card2,2800,2617,2.5 GT/s PCIe,1
125.900068,card3,400,400,2.5 GT/s PCIe,1
125.950049,card2,2800,2750,2.5 GT/s PCIe,1
125.950049,card3,400,400,2.5 GT/s PCIe,1
126.000049,card2,2800,2800,2.5 GT/s PCIe,1
126.000049,card3,400,400,2.5 GT/s PCIe,1
126.050049,card2,2800,2600,2.5 GT/s PCIe,1
126.050049,card3,400,400,2.5 GT/s PCIe,1
126.100379,card2,2800,2600,2.5 GT/s PCIe,1
126.100379,card3,400,517,2.5 GT/s PCIe,1
126.150053,card2,2800,2600,2.5 GT/s PCIe,1
126.150053,card3,400,400,2.5 GT/s PCIe,1
126.200050,card2,2800,2600,2.5 GT/s PCIe,1
126.200050,card3,400,400,2.5 GT/s PCIe,1
126.250050,card2,2800,2800,2.5 GT/s PCIe,1
126.250050,card3,400,400,2.5 GT/s PCIe,1
126.300060,card2,2800,2600,2.5 GT/s PCIe,1
126.300060,card3,400,400,2.5 GT/s PCIe,1
126.350059,card2,2800,2667,2.5 GT/s PCIe,1
126.350059,card3,400,400,2.5 GT/s PCIe,1
126.400060,card2,2800,2650,2.5 GT/s PCIe,1
126.400060,card3,400,400,2.5 GT/s PCIe,1
126.450060,card2,2800,2600,2.5 GT/s PCIe,1
126.450060,card3,400,400,2.5 GT/s PCIe,1
126.500049,card2,2800,2800,2.5 GT/s PCIe,1
126.500049,card3,400,400,2.5 GT/s PCIe,1
126.550054,card2,2800,2800,2.5 GT/s PCIe,1
126.550054,card3,400,400,2.5 GT/s PCIe,1
126.600051,card2,2800,2600,2.5 GT/s PCIe,1
126.600051,card3,400,400,2.5 GT/s PCIe,1
126.650052,card2,2800,2650,2.5 GT/s PCIe,1
126.650052,card3,400,400,2.5 GT/s PCIe,1
126.700067,card2,2800,2600,2.5 GT/s PCIe,1
126.700067,card3,400,400,2.5 GT/s PCIe,1
126.750059,card2,2800,2800,2.5 GT/s PCIe,1
126.750059,card3,400,400,2.5 GT/s PCIe,1
126.800059,card2,2800,2800,2.5 GT/s PCIe,1
126.800059,card3,400,400,2.5 GT/s PCIe,1
126.850050,card2,2800,2600,2.5 GT/s PCIe,1
126.850050,card3,400,400,2.5 GT/s PCIe,1
126.900066,card2,2800,2667,2.5 GT/s PCIe,1
126.900066,card3,400,400,2.5 GT/s PCIe,1
126.950060,card2,2800,2600,2.5 GT/s PCIe,1
126.950060,card3,400,400,2.5 GT/s PCIe,1
127.000059,card2,2800,2733,2.5 GT/s PCIe,1
127.000059,card3,400,400,2.5 GT/s PCIe,1
127.050052,card2,2800,2800,2.5 GT/s PCIe,1
127.050052,card3,400,400,2.5 GT/s PCIe,1
127.100060,card2,2800,2600,2.5 GT/s PCIe,1
127.100060,card3,400,400,2.5 GT/s PCIe,1
127.150050,card2,2800,2667,2.5 GT/s PCIe,1
127.150050,card3,400,400,2.5 GT/s PCIe,1
127.200068,card2,2800,2617,2.5 GT/s PCIe,1
127.200068,card3,400,400,2.5 GT/s PCIe,1
127.250049,card2,2800,2700,2.5 GT/s PCIe,1
127.250049,card3,400,400,2.5 GT/s PCIe,1
127.300051,card2,2800,2800,2.5 GT/s PCIe,1
127.300051,card3,400,400,2.5 GT/s PCIe,1
127.350049,card2,2800,2600,2.5 GT/s PCIe,1
127.350049,card3,400,400,2.5 GT/s PCIe,1
127.400049,card2,2800,2667,2.5 GT/s PCIe,1
127.400049,card3,400,400,2.5 GT/s PCIe,1
127.450050,card2,2800,2650,2.5 GT/s PCIe,1
127.450050,card3,400,400,2.5 GT/s PCIe,1
127.500048,card2,2800,2600,2.5 GT/s PCIe,1
127.500048,card3,400,400,2.5 GT/s PCIe,1
127.550050,card2,2800,2800,2.5 GT/s PCIe,1
127.550050,card3,400,400,2.5 GT/s PCIe,1
127.600059,card2,2800,2800,2.5 GT/s PCIe,1
127.600059,card3,400,400,2.5 GT/s PCIe,1
127.650062,card2,2800,2600,2.5 GT/s PCIe,1
127.650062,card3,400,400,2.5 GT/s PCIe,1
127.700063,card2,2800,2650,2.5 GT/s PCIe,1
127.700063,card3,400,400,2.5 GT/s PCIe,1
127.750058,card2,2800,2600,2.5 GT/s PCIe,1
127.750058,card3,400,400,2.5 GT/s PCIe,1
127.800049,card2,2800,2800,2.5 GT/s PCIe,1
127.800049,card3,400,400,2.5 GT/s PCIe,1
127.850048,card2,2800,2800,2.5 GT/s PCIe,1
127.850048,card3,400,400,2.5 GT/s PCIe,1
127.900063,card2,2800,2600,2.5 GT/s PCIe,1
127.900063,card3,400,400,2.5 GT/s PCIe,1
127.950048,card2,2800,2650,2.5 GT/s PCIe,1
127.950048,card3,400,400,2.5 GT/s PCIe,1
128.000057,card2,2800,2600,2.5 GT/s PCIe,1
128.000057,card3,400,400,2.5 GT/s PCIe,1
128.050049,card2,2800,2783,2.5 GT/s PCIe,1
128.050049,card3,400,400,2.5 GT/s PCIe,1
128.100049,card2,2800,2800,2.5 GT/s PCIe,1
128.100049,card3,400,400,2.5 GT/s PCIe,1
128.150379,card2,2800,2600,2.5 GT/s PCIe,1
128.150379,card3,400,517,2.5 GT/s PCIe,1
128.200060,card2,2800,2667,2.5 GT/s PCIe,1
128.200060,card3,400,400,2.5 GT/s PCIe,1
128.250060,card2,2800,2617,2.5 GT/s PCIe,1
128.250060,card3,400,400,2.5 GT/s PCIe,1
128.300062,card2,2800,2733,2.5 GT/s PCIe,1
128.300062,card3,400,400,2.5 GT/s PCIe,1
128.350049,card2,2800,2800,2.5 GT/s PCIe,1
128.350049,card3,400,400,2.5 GT/s PCIe,1
128.400049,card2,2800,2600,2.5 GT/s PCIe,1
128.400049,card3,400,400,2.5 GT/s PCIe,1
128.450057,card2,2800,2600,2.5 GT/s PCIe,1
128.450057,card3,400,400,2.5 GT/s PCIe,1
128.500060,card2,2800,2600,2.5 GT/s PCIe,1
128.500060,card3,400,400,2.5 GT/s PCIe,1
128.550049,card2,2800,2600,2.5 GT/s PCIe,1
128.550049,card3,400,400,2.5 GT/s PCIe,1
128.600049,card2,2800,2800,2.5 GT/s PCIe,1
128.600049,card3,400,517,2.5 GT/s PCIe,1
128.650114,card2,2800,2600,2.5 GT/s PCIe,1
128.650114,card3,400,400,2.5 GT/s PCIe,1
128.700061,card2,2800,2667,2.5 GT/s PCIe,1
128.700061,card3,400,400,2.5 GT/s PCIe,1
128.750061,card2,2800,2650,2.5 GT/s PCIe,1
128.750061,card3,400,400,2.5 GT/s PCIe,1
128.800048,card2,2800,2600,2.5 GT/s PCIe,1
128.800048,card3,400,400,2.5 GT/s PCIe,1
128.850049,card2,2800,2800,2.5 GT/s PCIe,1
128.850049,card3,400,400,2.5 GT/s PCIe,1
128.900049,card2,2800,2800,2.5 GT/s PCIe,1
128.900049,card3,400,400,2.5 GT/s PCIe,1
128.950060,card2,2800,2600,2.5 GT/s PCIe,1
128.950060,card3,400,400,2.5 GT/s PCIe,1
129.000059,card2,2800,2650,2.5 GT/s PCIe,1
129.000059,card3,400,400,2.5 GT/s PCIe,1
129.050049,card2,2800,2617,2.5 GT/s PCIe,1
129.050049,card3,400,400,2.5 GT/s PCIe,1
129.100073,card2,2800,2800,2.5 GT/s PCIe,1
129.100073,card3,400,400,2.5 GT/s PCIe,1
129.150062,card2,2800,2800,2.5 GT/s PCIe,1
129.150062,card3,400,400,2.5 GT/s PCIe,1
129.200057,card2,2800,2800,2.5 GT/s PCIe,1
129.200057,card3,400,400,2.5 GT/s PCIe,1
129.250050,card2,2800,2667,2.5 GT/s PCIe,1
129.250050,card3,400,400,2.5 GT/s PCIe,1
129.300049,card2,2800,2617,2.5 GT/s PCIe,1
129.300049,card3,400,400,2.5 GT/s PCIe,1
129.350064,card2,2800,2800,2.5 GT/s PCIe,1
129.350064,card3,400,400,2.5 GT/s PCIe,1
129.400059,card2,2800,2800,2.5 GT/s PCIe,1
129.400059,card3,400,400,2.5 GT/s PCIe,1
129.450048,card2,2800,2800,2.5 GT/s PCIe,1
129.450048,card3,400,400,2.5 GT/s PCIe,1
129.500049,card2,2800,2800,2.5 GT/s PCIe,1
129.500049,card3,400,400,2.5 GT/s PCIe,1
129.550051,card2,2800,2800,2.5 GT/s PCIe,1
129.550051,card3,400,400,2.5 GT/s PCIe,1
129.600058,card2,2800,2800,2.5 GT/s PCIe,1
129.600058,card3,400,400,2.5 GT/s PCIe,1
129.650049,card2,2800,2800,2.5 GT/s PCIe,1
129.650049,card3,400,400,2.5 GT/s PCIe,1
129.700056,card2,2800,2800,2.5 GT/s PCIe,1
129.700056,card3,400,400,2.5 GT/s PCIe,1
129.750050,card2,2800,2800,2.5 GT/s PCIe,1
129.750050,card3,400,400,2.5 GT/s PCIe,1
129.800053,card2,2800,2800,2.5 GT/s PCIe,1
129.800053,card3,400,400,2.5 GT/s PCIe,1
129.850058,card2,2800,2800,2.5 GT/s PCIe,1
129.850058,card3,400,400,2.5 GT/s PCIe,1
129.900051,card2,2800,2800,2.5 GT/s PCIe,1
129.900051,card3,400,400,2.5 GT/s PCIe,1
129.950048,card2,2800,2800,2.5 GT/s PCIe,1
129.950048,card3,400,400,2.5 GT/s PCIe,1
130.000058,card2,2800,2800,2.5 GT/s PCIe,1
130.000058,card3,400,400,2.5 GT/s PCIe,1
130.050048,card2,2800,2800,2.5 GT/s PCIe,1
130.050048,card3,400,517,2.5 GT/s PCIe,1
130.100048,card2,2800,2800,2.5 GT/s PCIe,1
130.100048,card3,400,400,2.5 GT/s PCIe,1
130.150049,card2,2800,2800,2.5 GT/s PCIe,1
130.150049,card3,400,400,2.5 GT/s PCIe,1
130.200064,card2,2800,2800,2.5 GT/s PCIe,1
130.200064,card3,400,400,2.5 GT/s PCIe,1
130.250048,card2,2800,2800,2.5 GT/s PCIe,1
130.250048,card3,400,400,2.5 GT/s PCIe,1
130.300049,card2,2800,2800,2.5 GT/s PCIe,1
130.300049,card3,400,400,2.5 GT/s PCIe,1
130.350048,card2,2800,2800,2.5 GT/s PCIe,1
130.350048,card3,400,517,2.5 GT/s PCIe,1
130.400048,card2,2800,2800,2.5 GT/s PCIe,1
130.400048,card3,400,400,2.5 GT/s PCIe,1
130.450049,card2,2800,2800,2.5 GT/s PCIe,1
130.450049,card3,400,400,2.5 GT/s PCIe,1
130.500049,card2,2800,2800,2.5 GT/s PCIe,1
130.500049,card3,400,400,2.5 GT/s PCIe,1
130.550048,card2,2800,2800,2.5 GT/s PCIe,1
130.550048,card3,400,400,2.5 GT/s PCIe,1
130.600052,card2,2800,2800,2.5 GT/s PCIe,1
130.600052,card3,400,400,2.5 GT/s PCIe,1
130.650061,card2,2800,2800,2.5 GT/s PCIe,1
130.650061,card3,400,400,2.5 GT/s PCIe,1
130.700050,card2,2800,2800,2.5 GT/s PCIe,1
130.700050,card3,400,400,2.5 GT/s PCIe,1
130.750052,card2,2800,2800,2.5 GT/s PCIe,1
130.750052,card3,400,400,2.5 GT/s PCIe,1
130.800050,card2,2800,2800,2.5 GT/s PCIe,1
130.800050,card3,400,400,2.5 GT/s PCIe,1
130.850048,card2,2800,2800,2.5 GT/s PCIe,1
130.850048,card3,400,400,2.5 GT/s PCIe,1
130.900057,card2,2800,2800,2.5 GT/s PCIe,1
130.900057,card3,400,400,2.5 GT/s PCIe,1
130.950058,card2,2800,2800,2.5 GT/s PCIe,1
130.950058,card3,400,400,2.5 GT/s PCIe,1
131.000048,card2,2800,2800,2.5 GT/s PCIe,1
131.000048,card3,400,400,2.5 GT/s PCIe,1
131.050058,card2,2800,2800,2.5 GT/s PCIe,1
131.050058,card3,400,400,2.5 GT/s PCIe,1
131.100048,card2,2800,2800,2.5 GT/s PCIe,1
131.100048,card3,400,400,2.5 GT/s PCIe,1
131.150050,card2,2800,2800,2.5 GT/s PCIe,1
131.150050,card3,400,400,2.5 GT/s PCIe,1
131.200048,card2,2800,2800,2.5 GT/s PCIe,1
131.200048,card3,400,400,2.5 GT/s PCIe,1
131.250059,card2,2800,2800,2.5 GT/s PCIe,1
131.250059,card3,400,400,2.5 GT/s PCIe,1
131.300051,card2,2800,2800,2.5 GT/s PCIe,1
131.300051,card3,400,400,2.5 GT/s PCIe,1
131.350049,card2,2800,2800,2.5 GT/s PCIe,1
131.350049,card3,400,517,2.5 GT/s PCIe,1
131.400059,card2,2800,2800,2.5 GT/s PCIe,1
131.400059,card3,400,400,2.5 GT/s PCIe,1
131.450064,card2,2800,2600,2.5 GT/s PCIe,1
131.450064,card3,400,400,2.5 GT/s PCIe,1
131.500064,card2,2800,2650,2.5 GT/s PCIe,1
131.500064,card3,400,400,2.5 GT/s PCIe,1
131.550061,card2,2800,2600,2.5 GT/s PCIe,1
131.550061,card3,400,400,2.5 GT/s PCIe,1
131.600049,card2,2800,2783,2.5 GT/s PCIe,1
131.600049,card3,400,400,2.5 GT/s PCIe,1
131.650050,card2,2800,2800,2.5 GT/s PCIe,1
131.650050,card3,400,400,2.5 GT/s PCIe,1
131.700049,card2,2800,2800,2.5 GT/s PCIe,1
131.700049,card3,400,400,2.5 GT/s PCIe,1
131.750050,card2,2800,2800,2.5 GT/s PCIe,1
131.750050,card3,400,400,2.5 GT/s PCIe,1
131.800049,card2,2800,2800,2.5 GT/s PCIe,1
131.800049,card3,400,400,2.5 GT/s PCIe,1
131.850050,card2,2800,2800,2.5 GT/s PCIe,1
131.850050,card3,400,400,2.5 GT/s PCIe,1
131.900058,card2,2800,2800,2.5 GT/s PCIe,1
131.900058,card3,400,400,2.5 GT/s PCIe,1
131.950049,card2,2800,2800,2.5 GT/s PCIe,1
131.950049,card3,400,400,2.5 GT/s PCIe,1
132.000050,card2,2800,2800,2.5 GT/s PCIe,1
132.000050,card3,400,400,2.5 GT/s PCIe,1
132.050054,card2,2800,2800,2.5 GT/s PCIe,1
132.050054,card3,400,400,2.5 GT/s PCIe,1
132.100364,card2,2800,2800,2.5 GT/s PCIe,1
132.100364,card3,400,517,2.5 GT/s PCIe,1
132.150049,card2,2800,2800,2.5 GT/s PCIe,1
132.150049,card3,400,400,2.5 GT/s PCIe,1
132.200058,card2,2800,2800,2.5 GT/s PCIe,1
132.200058,card3,400,400,2.5 GT/s PCIe,1
132.250057,card2,2800,2800,2.5 GT/s PCIe,1
132.250057,card3,400,400,2.5 GT/s PCIe,1
132.300050,card2,2800,2800,2.5 GT/s PCIe,1
132.300050,card3,400,400,2.5 GT/s PCIe,1
132.350050,card2,2800,2800,2.5 GT/s PCIe,1
132.350050,card3,400,400,2.5 GT/s PCIe,1
132.400050,card2,2800,2800,2.5 GT/s PCIe,1
132.400050,card3,400,400,2.5 GT/s PCIe,1
132.450051,card2,2800,2800,2.5 GT/s PCIe,1
132.450051,card3,400,400,2.5 GT/s PCIe,1
132.500061,card2,2800,2800,2.5 GT/s PCIe,1
132.500061,card3,400,400,2.5 GT/s PCIe,1
132.550048,card2,2800,2800,2.5 GT/s PCIe,1
132.550048,card3,400,400,2.5 GT/s PCIe,1
132.600067,card2,2800,2800,2.5 GT/s PCIe,1
132.600067,card3,400,400,2.5 GT/s PCIe,1
132.650050,card2,2800,2800,2.5 GT/s PCIe,1
132.650050,card3,400,400,2.5 GT/s PCIe,1
132.700052,card2,2800,2800,2.5 GT/s PCIe,1
132.700052,card3,400,400,2.5 GT/s PCIe,1
132.750050,card2,2800,2800,2.5 GT/s PCIe,1
132.750050,card3,400,400,2.5 GT/s PCIe,1
132.800057,card2,2800,2800,2.5 GT/s PCIe,1
132.800057,card3,400,400,2.5 GT/s PCIe,1
132.850061,card2,2800,2800,2.5 GT/s PCIe,1
132.850061,card3,400,400,2.5 GT/s PCIe,1
132.900052,card2,2800,2800,2.5 GT/s PCIe,1
132.900052,card3,400,400,2.5 GT/s PCIe,1
132.950050,card2,2800,2800,2.5 GT/s PCIe,1
132.950050,card3,400,400,2.5 GT/s PCIe,1
133.000052,card2,2800,2800,2.5 GT/s PCIe,1
133.000052,card3,400,400,2.5 GT/s PCIe,1
133.050049,card2,2800,2800,2.5 GT/s PCIe,1
133.050049,card3,400,400,2.5 GT/s PCIe,1
133.100050,card2,2800,2800,2.5 GT/s PCIe,1
133.100050,card3,400,400,2.5 GT/s PCIe,1
133.150049,card2,2800,2800,2.5 GT/s PCIe,1
133.150049,card3,400,400,2.5 GT/s PCIe,1
133.200054,card2,2800,2800,2.5 GT/s PCIe,1
133.200054,card3,400,400,2.5 GT/s PCIe,1
133.250050,card2,2800,2600,2.5 GT/s PCIe,1
133.250050,card3,400,400,2.5 GT/s PCIe,1
133.300050,card2,2800,2667,2.5 GT/s PCIe,1
133.300050,card3,400,400,2.5 GT/s PCIe,1
133.350049,card2,2800,2650,2.5 GT/s PCIe,1
133.350049,card3,400,400,2.5 GT/s PCIe,1
133.400057,card2,2800,2600,2.5 GT/s PCIe,1
133.400057,card3,400,400,2.5 GT/s PCIe,1
133.450050,card2,2800,2800,2.5 GT/s PCIe,1
133.450050,card3,400,517,2.5 GT/s PCIe,1
133.500049,card2,2800,2800,2.5 GT/s PCIe,1
133.500049,card3,400,400,2.5 GT/s PCIe,1
133.550049,card2,2800,2600,2.5 GT/s PCIe,1
133.550049,card3,400,400,2.5 GT/s PCIe,1
133.600048,card2,2800,2650,2.5 GT/s PCIe,1
133.600048,card3,400,400,2.5 GT/s PCIe,1
133.650062,card2,2800,2600,2.5 GT/s PCIe,1
133.650062,card3,400,400,2.5 GT/s PCIe,1
133.700049,card2,2800,2800,2.5 GT/s PCIe,1
133.700049,card3,400,400,2.5 GT/s PCIe,1
133.750062,card2,2800,2800,2.5 GT/s PCIe,1
133.750062,card3,400,400,2.5 GT/s PCIe,1
133.800070,card2,2800,2600,2.5 GT/s PCIe,1
133.800070,card3,400,400,2.5 GT/s PCIe,1
133.850050,card2,2800,2650,2.5 GT/s PCIe,1
133.850050,card3,400,400,2.5 GT/s PCIe,1
133.900049,card2,2800,2600,2.5 GT/s PCIe,1
133.900049,card3,400,400,2.5 GT/s PCIe,1
133.950049,card2,2800,2783,2.5 GT/s PCIe,1
133.950049,card3,400,400,2.5 GT/s PCIe,1
134.000059,card2,2800,2800,2.5 GT/s PCIe,1
134.000059,card3,400,517,2.5 GT/s PCIe,1
134.050058,card2,2800,2600,2.5 GT/s PCIe,1
134.050058,card3,400,400,2.5 GT/s PCIe,1
134.100049,card2,2800,2667,2.5 GT/s PCIe,1
134.100049,card3,400,400,2.5 GT/s PCIe,1
134.150049,card2,2800,2600,2.5 GT/s PCIe,1
134.150049,card3,400,400,2.5 GT/s PCIe,1
134.200048,card2,2800,2733,2.5 GT/s PCIe,1
134.200048,card3,400,400,2.5 GT/s PCIe,1
134.250049,card2,2800,2800,2.5 GT/s PCIe,1
134.250049,card3,400,400,2.5 GT/s PCIe,1
134.300049,card2,2800,2600,2.5 GT/s PCIe,1
134.300049,card3,400,400,2.5 GT/s PCIe,1
134.350049,card2,2800,2600,2.5 GT/s PCIe,1
134.350049,card3,400,400,2.5 GT/s PCIe,1
134.400048,card2,2800,2650,2.5 GT/s PCIe,1
134.400048,card3,400,400,2.5 GT/s PCIe,1
134.450049,card2,2800,2600,2.5 GT/s PCIe,1
134.450049,card3,400,400,2.5 GT/s PCIe,1
134.500049,card2,2800,2800,2.5 GT/s PCIe,1
134.500049,card3,400,400,2.5 GT/s PCIe,1
134.550049,card2,2800,2800,2.5 GT/s PCIe,1
134.550049,card3,400,400,2.5 GT/s PCIe,1
134.600057,card2,2800,2800,2.5 GT/s PCIe,1
134.600057,card3,400,400,2.5 GT/s PCIe,1
134.650060,card2,2800,2800,2.5 GT/s PCIe,1
134.650060,card3,400,400,2.5 GT/s PCIe,1
134.700049,card2,2800,2800,2.5 GT/s PCIe,1
134.700049,card3,400,400,2.5 GT/s PCIe,1
134.750050,card2,2800,2800,2.5 GT/s PCIe,1
134.750050,card3,400,400,2.5 GT/s PCIe,1
134.800048,card2,2800,2800,2.5 GT/s PCIe,1
134.800048,card3,400,400,2.5 GT/s PCIe,1
134.850048,card2,2800,2800,2.5 GT/s PCIe,1
134.850048,card3,400,400,2.5 GT/s PCIe,1
134.900061,card2,2800,2800,2.5 GT/s PCIe,1
134.900061,card3,400,400,2.5 GT/s PCIe,1
134.950047,card2,2800,2800,2.5 GT/s PCIe,1
134.950047,card3,400,400,2.5 GT/s PCIe,1
135.000047,card2,2800,2800,2.5 GT/s PCIe,1
135.000047,card3,400,400,2.5 GT/s PCIe,1
135.050048,card2,2800,2800,2.5 GT/s PCIe,1
135.050048,card3,400,400,2.5 GT/s PCIe,1
135.100048,card2,2800,2800,2.5 GT/s PCIe,1
135.100048,card3,400,400,2.5 GT/s PCIe,1
135.150049,card2,2800,2800,2.5 GT/s PCIe,1
135.150049,card3,400,400,2.5 GT/s PCIe,1
135.200049,card2,2800,2800,2.5 GT/s PCIe,1
135.200049,card3,400,400,2.5 GT/s PCIe,1
135.250052,card2,2800,2800,2.5 GT/s PCIe,1
135.250052,card3,400,400,2.5 GT/s PCIe,1
135.300049,card2,2800,2800,2.5 GT/s PCIe,1
135.300049,card3,400,400,2.5 GT/s PCIe,1
135.350054,card2,2800,2800,2.5 GT/s PCIe,1
135.350054,card3,400,400,2.5 GT/s PCIe,1
135.400059,card2,2800,2800,2.5 GT/s PCIe,1
135.400059,card3,400,400,2.5 GT/s PCIe,1
135.450050,card2,2800,2800,2.5 GT/s PCIe,1
135.450050,card3,400,400,2.5 GT/s PCIe,1
135.500050,card2,2800,2800,2.5 GT/s PCIe,1
135.500050,card3,400,400,2.5 GT/s PCIe,1
135.550051,card2,2800,2800,2.5 GT/s PCIe,1
135.550051,card3,400,400,2.5 GT/s PCIe,1
135.600060,card2,2800,2800,2.5 GT/s PCIe,1
135.600060,card3,400,400,2.5 GT/s PCIe,1
135.650050,card2,2800,2800,2.5 GT/s PCIe,1
135.650050,card3,400,400,2.5 GT/s PCIe,1
135.700050,card2,2800,2800,2.5 GT/s PCIe,1
135.700050,card3,400,400,2.5 GT/s PCIe,1
135.750050,card2,2800,2800,2.5 GT/s PCIe,1
135.750050,card3,400,400,2.5 GT/s PCIe,1
135.800055,card2,2800,2800,2.5 GT/s PCIe,1
135.800055,card3,400,400,2.5 GT/s PCIe,1
135.850051,card2,2800,2800,2.5 GT/s PCIe,1
135.850051,card3,400,400,2.5 GT/s PCIe,1
135.900059,card2,2800,2800,2.5 GT/s PCIe,1
135.900059,card3,400,400,2.5 GT/s PCIe,1
135.950051,card2,2800,2800,2.5 GT/s PCIe,1
135.950051,card3,400,400,2.5 GT/s PCIe,1
136.000053,card2,2800,2800,2.5 GT/s PCIe,1
136.000053,card3,400,400,2.5 GT/s PCIe,1
136.050058,card2,2800,2800,2.5 GT/s PCIe,1
136.050058,card3,400,400,2.5 GT/s PCIe,1
136.100053,card2,2800,2633,2.5 GT/s PCIe,1
136.100053,card3,400,400,2.5 GT/s PCIe,1
136.150059,card2,2800,2600,2.5 GT/s PCIe,1
136.150059,card3,400,400,2.5 GT/s PCIe,1
136.200050,card2,2800,2650,2.5 GT/s PCIe,1
136.200050,card3,400,400,2.5 GT/s PCIe,1
136.250059,card2,2800,2600,2.5 GT/s PCIe,1
136.250059,card3,400,400,2.5 GT/s PCIe,1
136.300048,card2,2800,2783,2.5 GT/s PCIe,1
136.300048,card3,400,400,2.5 GT/s PCIe,1
136.350050,card2,2800,2800,2.5 GT/s PCIe,1
136.350050,card3,400,400,2.5 GT/s PCIe,1
136.400049,card2,2800,2600,2.5 GT/s PCIe,1
136.400049,card3,400,400,2.5 GT/s PCIe,1
136.450050,card2,2800,2667,2.5 GT/s PCIe,1
136.450050,card3,400,400,2.5 GT/s PCIe,1
136.500049,card2,2800,2617,2.5 GT/s PCIe,1
136.500049,card3,400,400,2.5 GT/s PCIe,1
136.550050,card2,2800,2750,2.5 GT/s PCIe,1
136.550050,card3,400,400,2.5 GT/s PCIe,1
136.600049,card2,2800,2800,2.5 GT/s PCIe,1
136.600049,card3,400,400,2.5 GT/s PCIe,1
136.650063,card2,2800,2600,2.5 GT/s PCIe,1
136.650063,card3,400,400,2.5 GT/s PCIe,1
136.700066,card2,2800,2667,2.5 GT/s PCIe,1
136.700066,card3,400,400,2.5 GT/s PCIe,1
136.750056,card2,2800,2617,2.5 GT/s PCIe,1
136.750056,card3,400,400,2.5 GT/s PCIe,1
136.800050,card2,2800,2700,2.5 GT/s PCIe,1
136.800050,card3,400,400,2.5 GT/s PCIe,1
136.850059,card2,2800,2800,2.5 GT/s PCIe,1
136.850059,card3,400,400,2.5 GT/s PCIe,1
136.900054,card2,2800,2600,2.5 GT/s PCIe,1
136.900054,card3,400,400,2.5 GT/s PCIe,1
136.950048,card2,2800,2667,2.5 GT/s PCIe,1
136.950048,card3,400,400,2.5 GT/s PCIe,1
137.000052,card2,2800,2617,2.5 GT/s PCIe,1
137.000052,card3,400,400,2.5 GT/s PCIe,1
137.050050,card2,2800,2600,2.5 GT/s PCIe,1
137.050050,card3,400,400,2.5 GT/s PCIe,1
137.100049,card2,2800,2800,2.5 GT/s PCIe,1
137.100049,card3,400,400,2.5 GT/s PCIe,1
137.150049,card2,2800,2800,2.5 GT/s PCIe,1
137.150049,card3,400,400,2.5 GT/s PCIe,1
137.200049,card2,2800,2800,2.5 GT/s PCIe,1
137.200049,card3,400,400,2.5 GT/s PCIe,1
137.250053,card2,2800,2800,2.5 GT/s PCIe,1
137.250053,card3,400,400,2.5 GT/s PCIe,1
137.300048,card2,2800,2800,2.5 GT/s PCIe,1
137.300048,card3,400,400,2.5 GT/s PCIe,1
137.350056,card2,2800,2800,2.5 GT/s PCIe,1
137.350056,card3,400,400,2.5 GT/s PCIe,1
137.400049,card2,2800,2800,2.5 GT/s PCIe,1
137.400049,card3,400,400,2.5 GT/s PCIe,1
137.450052,card2,2800,2800,2.5 GT/s PCIe,1
137.450052,card3,400,400,2.5 GT/s PCIe,1
137.500059,card2,2800,2800,2.5 GT/s PCIe,1
137.500059,card3,400,400,2.5 GT/s PCIe,1
137.550051,card2,2800,2800,2.5 GT/s PCIe,1
137.550051,card3,400,400,2.5 GT/s PCIe,1
137.600060,card2,2800,2800,2.5 GT/s PCIe,1
137.600060,card3,400,400,2.5 GT/s PCIe,1
137.650055,card2,2800,2800,2.5 GT/s PCIe,1
137.650055,card3,400,400,2.5 GT/s PCIe,1
137.700050,card2,2800,2800,2.5 GT/s PCIe,1
137.700050,card3,400,400,2.5 GT/s PCIe,1
137.750058,card2,2800,2800,2.5 GT/s PCIe,1
137.750058,card3,400,400,2.5 GT/s PCIe,1
137.800055,card2,2800,2800,2.5 GT/s PCIe,1
137.800055,card3,400,400,2.5 GT/s PCIe,1
137.850049,card2,2800,2800,2.5 GT/s PCIe,1
137.850049,card3,400,400,2.5 GT/s PCIe,1
137.900049,card2,2800,2800,2.5 GT/s PCIe,1
137.900049,card3,400,400,2.5 GT/s PCIe,1
137.950049,card2,2800,2800,2.5 GT/s PCIe,1
137.950049,card3,400,400,2.5 GT/s PCIe,1
138.000049,card2,2800,2800,2.5 GT/s PCIe,1
138.000049,card3,400,400,2.5 GT/s PCIe,1
138.050049,card2,2800,2800,2.5 GT/s PCIe,1
138.050049,card3,400,517,2.5 GT/s PCIe,1
138.100050,card2,2800,2800,2.5 GT/s PCIe,1
138.100050,card3,400,400,2.5 GT/s PCIe,1
138.150058,card2,2800,2800,2.5 GT/s PCIe,1
138.150058,card3,400,400,2.5 GT/s PCIe,1
138.200050,card2,2800,2800,2.5 GT/s PCIe,1
138.200050,card3,400,400,2.5 GT/s PCIe,1
138.250060,card2,2800,2800,2.5 GT/s PCIe,1
138.250060,card3,400,400,2.5 GT/s PCIe,1
138.300047,card2,2800,2800,2.5 GT/s PCIe,1
138.300047,card3,400,400,2.5 GT/s PCIe,1
138.350049,card2,2800,2800,2.5 GT/s PCIe,1
138.350049,card3,400,400,2.5 GT/s PCIe,1
138.400058,card2,2800,2800,2.5 GT/s PCIe,1
138.400058,card3,400,400,2.5 GT/s PCIe,1
138.450048,card2,2800,2800,2.5 GT/s PCIe,1
138.450048,card3,400,400,2.5 GT/s PCIe,1
138.500048,card2,2800,2800,2.5 GT/s PCIe,1
138.500048,card3,400,400,2.5 GT/s PCIe,1
138.550057,card2,2800,2800,2.5 GT/s PCIe,1
138.550057,card3,400,400,2.5 GT/s PCIe,1
138.600049,card2,2800,2800,2.5 GT/s PCIe,1
138.600049,card3,400,400,2.5 GT/s PCIe,1
138.650050,card2,2800,2800,2.5 GT/s PCIe,1
138.650050,card3,400,400,2.5 GT/s PCIe,1
138.700059,card2,2800,2800,2.5 GT/s PCIe,1
138.700059,card3,400,400,2.5 GT/s PCIe,1
138.750059,card2,2800,2600,2.5 GT/s PCIe,1
138.750059,card3,400,400,2.5 GT/s PCIe,1
138.800050,card2,2800,2650,2.5 GT/s PCIe,1
138.800050,card3,400,400,2.5 GT/s PCIe,1
138.850062,card2,2800,2600,2.5 GT/s PCIe,1
138.850062,card3,400,400,2.5 GT/s PCIe,1
138.900052,card2,2800,2800,2.5 GT/s PCIe,1
138.900052,card3,400,400,2.5 GT/s PCIe,1
138.950055,card2,2800,2800,2.5 GT/s PCIe,1
138.950055,card3,400,517,2.5 GT/s PCIe,1
139.000049,card2,2800,2600,2.5 GT/s PCIe,1
139.000049,card3,400,400,2.5 GT/s PCIe,1
139.050049,card2,2800,2650,2.5 GT/s PCIe,1
139.050049,card3,400,400,2.5 GT/s PCIe,1
139.100051,card2,2800,2600,2.5 GT/s PCIe,1
139.100051,card3,400,400,2.5 GT/s PCIe,1
139.150071,card2,2800,2783,2.5 GT/s PCIe,1
139.150071,card3,400,400,2.5 GT/s PCIe,1
139.200059,card2,2800,2800,2.5 GT/s PCIe,1
139.200059,card3,400,517,2.5 GT/s PCIe,1
139.250109,card2,2800,2600,2.5 GT/s PCIe,1
139.250109,card3,400,400,2.5 GT/s PCIe,1
139.300060,card2,2800,2550,2.5 GT/s PCIe,1
139.300060,card3,400,400,2.5 GT/s PCIe,1
139.350049,card2,2800,2617,2.5 GT/s PCIe,1
139.350049,card3,400,400,2.5 GT/s PCIe,1
139.400048,card2,2800,2733,2.5 GT/s PCIe,1
139.400048,card3,400,400,2.5 GT/s PCIe,1
139.450051,card2,2800,2800,2.5 GT/s PCIe,1
139.450051,card3,400,400,2.5 GT/s PCIe,1
139.500053,card2,2800,2600,2.5 GT/s PCIe,1
139.500053,card3,400,400,2.5 GT/s PCIe,1
139.550050,card2,2800,2667,2.5 GT/s PCIe,1
139.550050,card3,400,400,2.5 GT/s PCIe,1
139.600048,card2,2800,2650,2.5 GT/s PCIe,1
139.600048,card3,400,400,2.5 GT/s PCIe,1
139.650062,card2,2800,2600,2.5 GT/s PCIe,1
139.650062,card3,400,400,2.5 GT/s PCIe,1
139.700054,card2,2800,2800,2.5 GT/s PCIe,1
139.700054,card3,400,400,2.5 GT/s PCIe,1
139.750059,card2,2800,2600,2.5 GT/s PCIe,1
139.750059,card3,400,400,2.5 GT/s PCIe,1
139.800059,card2,2800,2667,2.5 GT/s PCIe,1
139.800059,card3,400,400,2.5 GT/s PCIe,1
139.850049,card2,2800,2650,2.5 GT/s PCIe,1
139.850049,card3,400,400,2.5 GT/s PCIe,1
139.900059,card2,2800,2600,2.5 GT/s PCIe,1
139.900059,card3,400,400,2.5 GT/s PCIe,1
139.950049,card2,2800,2800,2.5 GT/s PCIe,1
139.950049,card3,400,400,2.5 GT/s PCIe,1
140.000049,card2,2800,2800,2.5 GT/s PCIe,1
140.000049,card3,400,400,2.5 GT/s PCIe,1
140.050050,card2,2800,2800,2.5 GT/s PCIe,1
140.050050,card3,400,400,2.5 GT/s PCIe,1
140.100048,card2,2800,2800,2.5 GT/s PCIe,1
140.100048,card3,400,400,2.5 GT/s PCIe,1
140.150049,card2,2800,2800,2.5 GT/s PCIe,1
140.150049,card3,400,400,2.5 GT/s PCIe,1
140.200049,card2,2800,2800,2.5 GT/s PCIe,1
140.200049,card3,400,400,2.5 GT/s PCIe,1
140.250050,card2,2800,2800,2.5 GT/s PCIe,1
140.250050,card3,400,400,2.5 GT/s PCIe,1
140.300051,card2,2800,2800,2.5 GT/s PCIe,1
140.300051,card3,400,400,2.5 GT/s PCIe,1
140.350064,card2,2800,2800,2.5 GT/s PCIe,1
140.350064,card3,400,400,2.5 GT/s PCIe,1
140.400050,card2,2800,2800,2.5 GT/s PCIe,1
140.400050,card3,400,400,2.5 GT/s PCIe,1
140.450053,card2,2800,2800,2.5 GT/s PCIe,1
140.450053,card3,400,400,2.5 GT/s PCIe,1
140.500048,card2,2800,2800,2.5 GT/s PCIe,1
140.500048,card3,400,400,2.5 GT/s PCIe,1
140.550049,card2,2800,2800,2.5 GT/s PCIe,1
140.550049,card3,400,400,2.5 GT/s PCIe,1
140.600048,card2,2800,2800,2.5 GT/s PCIe,1
140.600048,card3,400,400,2.5 GT/s PCIe,1
140.650053,card2,2800,2800,2.5 GT/s PCIe,1
140.650053,card3,400,400,2.5 GT/s PCIe,1
140.700048,card2,2800,2800,2.5 GT/s PCIe,1
140.700048,card3,400,400,2.5 GT/s PCIe,1
140.750054,card2,2800,2800,2.5 GT/s PCIe,1
140.750054,card3,400,400,2.5 GT/s PCIe,1
140.800049,card2,2800,2800,2.5 GT/s PCIe,1
140.800049,card3,400,400,2.5 GT/s PCIe,1
140.850049,card2,2800,2800,2.5 GT/s PCIe,1
140.850049,card3,400,400,2.5 GT/s PCIe,1
140.900058,card2,2800,2800,2.5 GT/s PCIe,1
140.900058,card3,400,400,2.5 GT/s PCIe,1
140.950058,card2,2800,2800,2.5 GT/s PCIe,1
140.950058,card3,400,400,2.5 GT/s PCIe,1
141.000049,card2,2800,2800,2.5 GT/s PCIe,1
141.000049,card3,400,400,2.5 GT/s PCIe,1
141.050059,card2,2800,2800,2.5 GT/s PCIe,1
141.050059,card3,400,400,2.5 GT/s PCIe,1
141.100049,card2,2800,2800,2.5 GT/s PCIe,1
141.100049,card3,400,400,2.5 GT/s PCIe,1
141.150050,card2,2800,2800,2.5 GT/s PCIe,1
141.150050,card3,400,400,2.5 GT/s PCIe,1
141.200048,card2,2800,2800,2.5 GT/s PCIe,1
141.200048,card3,400,400,2.5 GT/s PCIe,1
141.250051,card2,2800,2800,2.5 GT/s PCIe,1
141.250051,card3,400,400,2.5 GT/s PCIe,1
141.300049,card2,2800,2800,2.5 GT/s PCIe,1
141.300049,card3,400,400,2.5 GT/s PCIe,1
141.350049,card2,2800,2800,2.5 GT/s PCIe,1
141.350049,card3,400,400,2.5 GT/s PCIe,1
141.400051,card2,2800,2800,2.5 GT/s PCIe,1
141.400051,card3,400,400,2.5 GT/s PCIe,1
141.450054,card2,2800,2800,2.5 GT/s PCIe,1
141.450054,card3,400,400,2.5 GT/s PCIe,1
141.500047,card2,2800,2800,2.5 GT/s PCIe,1
141.500047,card3,400,400,2.5 GT/s PCIe,1
141.550047,card2,2800,2800,2.5 GT/s PCIe,1
141.550047,card3,400,400,2.5 GT/s PCIe,1
141.600049,card2,2800,2800,2.5 GT/s PCIe,1
141.600049,card3,400,400,2.5 GT/s PCIe,1
141.650051,card2,2800,2800,2.5 GT/s PCIe,1
141.650051,card3,400,400,2.5 GT/s PCIe,1
141.700047,card2,2800,2800,2.5 GT/s PCIe,1
141.700047,card3,400,400,2.5 GT/s PCIe,1
141.750064,card2,2800,2800,2.5 GT/s PCIe,1
141.750064,card3,400,400,2.5 GT/s PCIe,1
141.800048,card2,2800,2800,2.5 GT/s PCIe,1
141.800048,card3,400,400,2.5 GT/s PCIe,1
141.850048,card2,2800,2800,2.5 GT/s PCIe,1
141.850048,card3,400,400,2.5 GT/s PCIe,1
141.900048,card2,2800,2800,2.5 GT/s PCIe,1
141.900048,card3,400,400,2.5 GT/s PCIe,1
141.950048,card2,2800,2800,2.5 GT/s PCIe,1
141.950048,card3,400,517,2.5 GT/s PCIe,1
142.000059,card2,2800,2600,2.5 GT/s PCIe,1
142.000059,card3,400,400,2.5 GT/s PCIe,1
142.050051,card2,2800,2600,2.5 GT/s PCIe,1
142.050051,card3,400,400,2.5 GT/s PCIe,1
142.100049,card2,2800,2650,2.5 GT/s PCIe,1
142.100049,card3,400,400,2.5 GT/s PCIe,1
142.150050,card2,2800,2600,2.5 GT/s PCIe,1
142.150050,card3,400,400,2.5 GT/s PCIe,1
142.200047,card2,2800,2800,2.5 GT/s PCIe,1
142.200047,card3,400,400,2.5 GT/s PCIe,1
142.250049,card2,2800,2633,2.5 GT/s PCIe,1
142.250049,card3,400,400,2.5 GT/s PCIe,1
142.300244,card2,2800,2600,2.5 GT/s PCIe,1
142.300244,card3,400,400,2.5 GT/s PCIe,1
142.350058,card2,2800,2650,2.5 GT/s PCIe,1
142.350058,card3,400,400,2.5 GT/s PCIe,1
142.400050,card2,2800,2600,2.5 GT/s PCIe,1
142.400050,card3,400,517,2.5 GT/s PCIe,1
142.450047,card2,2800,2800,2.5 GT/s PCIe,1
142.450047,card3,400,400,2.5 GT/s PCIe,1
142.500048,card2,2800,2633,2.5 GT/s PCIe,1
142.500048,card3,400,400,2.5 GT/s PCIe,1
142.550052,card2,2800,2600,2.5 GT/s PCIe,1
142.550052,card3,400,400,2.5 GT/s PCIe,1
142.600058,card2,2800,2650,2.5 GT/s PCIe,1
142.600058,card3,400,517,2.5 GT/s PCIe,1
142.650051,card2,2800,2600,2.5 GT/s PCIe,1
142.650051,card3,400,400,2.5 GT/s PCIe,1
142.700048,card2,2800,2783,2.5 GT/s PCIe,1
142.700048,card3,400,400,2.5 GT/s PCIe,1
142.750065,card2,2800,2800,2.5 GT/s PCIe,1
142.750065,card3,400,400,2.5 GT/s PCIe,1
142.800048,card2,2800,2600,2.5 GT/s PCIe,1
142.800048,card3,400,400,2.5 GT/s PCIe,1
142.850049,card2,2800,2667,2.5 GT/s PCIe,1
142.850049,card3,400,400,2.5 GT/s PCIe,1
142.900049,card2,2800,2600,2.5 GT/s PCIe,1
142.900049,card3,400,400,2.5 GT/s PCIe,1
142.950051,card2,2800,2750,2.5 GT/s PCIe,1
142.950051,card3,400,400,2.5 GT/s PCIe,1
143.000056,card2,2800,2800,2.5 GT/s PCIe,1
143.000056,card3,400,400,2.5 GT/s PCIe,1
143.050049,card2,2800,2800,2.5 GT/s PCIe,1
143.050049,card3,400,400,2.5 GT/s PCIe,1
143.100049,card2,2800,2667,2.5 GT/s PCIe,1
143.100049,card3,400,400,2.5 GT/s PCIe,1
143.150049,card2,2800,2650,2.5 GT/s PCIe,1
143.150049,card3,400,400,2.5 GT/s PCIe,1
143.200049,card2,2800,2600,2.5 GT/s PCIe,1
143.200049,card3,400,400,2.5 GT/s PCIe,1
143.250049,card2,2800,2800,2.5 GT/s PCIe,1
143.250049,card3,400,400,2.5 GT/s PCIe,1
143.300057,card2,2800,2600,2.5 GT/s PCIe,1
143.300057,card3,400,400,2.5 GT/s PCIe,1
143.350049,card2,2800,2667,2.5 GT/s PCIe,1
143.350049,card3,400,400,2.5 GT/s PCIe,1
143.400048,card2,2800,2650,2.5 GT/s PCIe,1
143.400048,card3,400,400,2.5 GT/s PCIe,1
143.450050,card2,2800,2567,2.5 GT/s PCIe,1
143.450050,card3,400,400,2.5 GT/s PCIe,1
143.500049,card2,2800,2800,2.5 GT/s PCIe,1
143.500049,card3,400,400,2.5 GT/s PCIe,1
143.550059,card2,2800,2633,2.5 GT/s PCIe,1
143.550059,card3,400,400,2.5 GT/s PCIe,1
143.600059,card2,2800,2600,2.5 GT/s PCIe,1
143.600059,card3,400,400,2.5 GT/s PCIe,1
143.650065,card2,2800,2650,2.5 GT/s PCIe,1
143.650065,card3,400,400,2.5 GT/s PCIe,1
143.700054,card2,2800,2600,2.5 GT/s PCIe,1
143.700054,card3,400,400,2.5 GT/s PCIe,1
143.750056,card2,2800,2800,2.5 GT/s PCIe,1
143.750056,card3,400,400,2.5 GT/s PCIe,1
143.800063,card2,2800,2800,2.5 GT/s PCIe,1
143.800063,card3,400,400,2.5 GT/s PCIe,1
143.850243,card2,2800,2600,2.5 GT/s PCIe,1
143.850243,card3,400,400,2.5 GT/s PCIe,1
143.900059,card2,2800,2650,2.5 GT/s PCIe,1
143.900059,card3,400,517,2.5 GT/s PCIe,1
143.950049,card2,2800,2600,2.5 GT/s PCIe,1
143.950049,card3,400,400,2.5 GT/s PCIe,1
144.000048,card2,2800,2800,2.5 GT/s PCIe,1
144.000048,card3,400,400,2.5 GT/s PCIe,1
144.050054,card2,2800,2800,2.5 GT/s PCIe,1
144.050054,card3,400,400,2.5 GT/s PCIe,1
144.100062,card2,2800,2600,2.5 GT/s PCIe,1
144.100062,card3,400,400,2.5 GT/s PCIe,1
144.150051,card2,2800,2667,2.5 GT/s PCIe,1
144.150051,card3,400,400,2.5 GT/s PCIe,1
144.200048,card2,2800,2600,2.5 GT/s PCIe,1
144.200048,card3,400,400,2.5 GT/s PCIe,1
144.250059,card2,2800,2750,2.5 GT/s PCIe,1
144.250059,card3,400,400,2.5 GT/s PCIe,1
144.300049,card2,2800,2800,2.5 GT/s PCIe,1
144.300049,card3,400,400,2.5 GT/s PCIe,1
144.350050,card2,2800,2600,2.5 GT/s PCIe,1
144.350050,card3,400,400,2.5 GT/s PCIe,1
144.400060,card2,2800,2667,2.5 GT/s PCIe,1
144.400060,card3,400,400,2.5 GT/s PCIe,1
144.450059,card2,2800,2617,2.5 GT/s PCIe,1
144.450059,card3,400,400,2.5 GT/s PCIe,1
144.500050,card2,2800,2717,2.5 GT/s PCIe,1
144.500050,card3,400,400,2.5 GT/s PCIe,1
144.550049,card2,2800,2800,2.5 GT/s PCIe,1
144.550049,card3,400,400,2.5 GT/s PCIe,1
144.600049,card2,2800,2600,2.5 GT/s PCIe,1
144.600049,card3,400,400,2.5 GT/s PCIe,1
144.650050,card2,2800,2667,2.5 GT/s PCIe,1
144.650050,card3,400,517,2.5 GT/s PCIe,1
144.700060,card2,2800,2650,2.5 GT/s PCIe,1
144.700060,card3,400,400,2.5 GT/s PCIe,1
144.750049,card2,2800,2600,2.5 GT/s PCIe,1
144.750049,card3,400,400,2.5 GT/s PCIe,1
144.800048,card2,2800,2800,2.5 GT/s PCIe,1
144.800048,card3,400,400,2.5 GT/s PCIe,1
144.850050,card2,2800,2700,2.5 GT/s PCIe,1
144.850050,card3,400,400,2.5 GT/s PCIe,1
144.900053,card2,2800,2783,2.5 GT/s PCIe,1
144.900053,card3,400,400,2.5 GT/s PCIe,1
144.950058,card2,2800,2733,2.5 GT/s PCIe,1
144.950058,card3,400,400,2.5 GT/s PCIe,1
145.000051,card2,2800,2700,2.5 GT/s PCIe,1
145.000051,card3,400,400,2.5 GT/s PCIe,1
145.050050,card2,2800,2800,2.5 GT/s PCIe,1
145.050050,card3,400,400,2.5 GT/s PCIe,1
145.100049,card2,2800,2800,2.5 GT/s PCIe,1
145.100049,card3,400,400,2.5 GT/s PCIe,1
145.150049,card2,2800,2600,2.5 GT/s PCIe,1
145.150049,card3,400,400,2.5 GT/s PCIe,1
145.200060,card2,2800,2650,2.5 GT/s PCIe,1
145.200060,card3,400,400,2.5 GT/s PCIe,1
145.250051,card2,2800,2600,2.5 GT/s PCIe,1
145.250051,card3,400,400,2.5 GT/s PCIe,1
145.300048,card2,2800,2800,2.5 GT/s PCIe,1
145.300048,card3,400,400,2.5 GT/s PCIe,1
145.350049,card2,2800,2800,2.5 GT/s PCIe,1
145.350049,card3,400,400,2.5 GT/s PCIe,1
145.400048,card2,2800,2600,2.5 GT/s PCIe,1
145.400048,card3,400,400,2.5 GT/s PCIe,1
145.450049,card2,2800,2650,2.5 GT/s PCIe,1
145.450049,card3,400,400,2.5 GT/s PCIe,1
145.500048,card2,2800,2600,2.5 GT/s PCIe,1
145.500048,card3,400,517,2.5 GT/s PCIe,1
145.550060,card2,2800,2767,2.5 GT/s PCIe,1
145.550060,card3,400,400,2.5 GT/s PCIe,1
145.600059,card2,2800,2800,2.5 GT/s PCIe,1
145.600059,card3,400,400,2.5 GT/s PCIe,1
145.650051,card2,2800,2600,2.5 GT/s PCIe,1
145.650051,card3,400,400,2.5 GT/s PCIe,1
145.700060,card2,2800,2667,2.5 GT/s PCIe,1
145.700060,card3,400,400,2.5 GT/s PCIe,1
145.750048,card2,2800,2617,2.5 GT/s PCIe,1
145.750048,card3,400,400,2.5 GT/s PCIe,1
145.800052,card2,2800,2717,2.5 GT/s PCIe,1
145.800052,card3,400,400,2.5 GT/s PCIe,1
145.850049,card2,2800,2800,2.5 GT/s PCIe,1
145.850049,card3,400,400,2.5 GT/s PCIe,1
145.900049,card2,2800,2600,2.5 GT/s PCIe,1
145.900049,card3,400,400,2.5 GT/s PCIe,1
145.950049,card2,2800,2667,2.5 GT/s PCIe,1
145.950049,card3,400,400,2.5 GT/s PCIe,1
146.000057,card2,2800,2650,2.5 GT/s PCIe,1
146.000057,card3,400,400,2.5 GT/s PCIe,1
146.050061,card2,2800,2683,2.5 GT/s PCIe,1
146.050061,card3,400,400,2.5 GT/s PCIe,1
146.100048,card2,2800,2800,2.5 GT/s PCIe,1
146.100048,card3,400,400,2.5 GT/s PCIe,1
146.150049,card2,2800,2600,2.5 GT/s PCIe,1
146.150049,card3,400,400,2.5 GT/s PCIe,1
146.200059,card2,2800,2667,2.5 GT/s PCIe,1
146.200059,card3,400,400,2.5 GT/s PCIe,1
146.250050,card2,2800,2650,2.5 GT/s PCIe,1
146.250050,card3,400,400,2.5 GT/s PCIe,1
146.300055,card2,2800,2600,2.5 GT/s PCIe,1
146.300055,card3,400,400,2.5 GT/s PCIe,1
146.350050,card2,2800,2800,2.5 GT/s PCIe,1
146.350050,card3,400,400,2.5 GT/s PCIe,1
146.400050,card2,2800,2800,2.5 GT/s PCIe,1
146.400050,card3,400,400,2.5 GT/s PCIe,1
146.450059,card2,2800,2600,2.5 GT/s PCIe,1
146.450059,card3,400,400,2.5 GT/s PCIe,1
146.500048,card2,2800,2650,2.5 GT/s PCIe,1
146.500048,card3,400,400,2.5 GT/s PCIe,1
146.550049,card2,2800,2600,2.5 GT/s PCIe,1
146.550049,card3,400,400,2.5 GT/s PCIe,1
146.600058,card2,2800,2800,2.5 GT/s PCIe,1
146.600058,card3,400,400,2.5 GT/s PCIe,1
146.650054,card2,2800,2800,2.5 GT/s PCIe,1
146.650054,card3,400,400,2.5 GT/s PCIe,1
146.700061,card2,2800,2600,2.5 GT/s PCIe,1
146.700061,card3,400,400,2.5 GT/s PCIe,1
146.750050,card2,2800,2767,2.5 GT/s PCIe,1
146.750050,card3,400,400,2.5 GT/s PCIe,1
146.800049,card2,2800,2717,2.5 GT/s PCIe,1
146.800049,card3,400,517,2.5 GT/s PCIe,1
146.850049,card2,2800,2783,2.5 GT/s PCIe,1
146.850049,card3,400,400,2.5 GT/s PCIe,1
146.900049,card2,2800,2633,2.5 GT/s PCIe,1
146.900049,card3,400,400,2.5 GT/s PCIe,1
146.950049,card2,2800,2600,2.5 GT/s PCIe,1
146.950049,card3,400,400,2.5 GT/s PCIe,1
147.000049,card2,2800,2667,2.5 GT/s PCIe,1
147.000049,card3,400,400,2.5 GT/s PCIe,1
147.050049,card2,2800,2600,2.5 GT/s PCIe,1
147.050049,card3,400,400,2.5 GT/s PCIe,1
147.100053,card2,2800,2733,2.5 GT/s PCIe,1
147.100053,card3,400,400,2.5 GT/s PCIe,1
147.150050,card2,2800,2800,2.5 GT/s PCIe,1
147.150050,card3,400,400,2.5 GT/s PCIe,1
147.200059,card2,2800,2600,2.5 GT/s PCIe,1
147.200059,card3,400,400,2.5 GT/s PCIe,1
147.250049,card2,2800,2600,2.5 GT/s PCIe,1
147.250049,card3,400,400,2.5 GT/s PCIe,1
147.300059,card2,2800,2650,2.5 GT/s PCIe,1
147.300059,card3,400,400,2.5 GT/s PCIe,1
147.350057,card2,2800,2600,2.5 GT/s PCIe,1
147.350057,card3,400,400,2.5 GT/s PCIe,1
147.400049,card2,2800,2800,2.5 GT/s PCIe,1
147.400049,card3,400,400,2.5 GT/s PCIe,1
147.450050,card2,2800,2600,2.5 GT/s PCIe,1
147.450050,card3,400,400,2.5 GT/s PCIe,1
147.500049,card2,2800,2667,2.5 GT/s PCIe,1
147.500049,card3,400,400,2.5 GT/s PCIe,1
147.550059,card2,2800,2650,2.5 GT/s PCIe,1
147.550059,card3,400,400,2.5 GT/s PCIe,1
147.600050,card2,2800,2600,2.5 GT/s PCIe,1
147.600050,card3,400,400,2.5 GT/s PCIe,1
147.650050,card2,2800,2800,2.5 GT/s PCIe,1
147.650050,card3,400,400,2.5 GT/s PCIe,1
147.700061,card2,2800,2800,2.5 GT/s PCIe,1
147.700061,card3,400,400,2.5 GT/s PCIe,1
147.750050,card2,2800,2600,2.5 GT/s PCIe,1
147.750050,card3,400,400,2.5 GT/s PCIe,1
147.800050,card2,2800,2650,2.5 GT/s PCIe,1
147.800050,card3,400,400,2.5 GT/s PCIe,1
147.850059,card2,2800,2600,2.5 GT/s PCIe,1
147.850059,card3,400,400,2.5 GT/s PCIe,1
147.900049,card2,2800,2767,2.5 GT/s PCIe,1
147.900049,card3,400,517,2.5 GT/s PCIe,1
147.950059,card2,2800,2800,2.5 GT/s PCIe,1
147.950059,card3,400,400,2.5 GT/s PCIe,1
148.000050,card2,2800,2600,2.5 GT/s PCIe,1
148.000050,card3,400,400,2.5 GT/s PCIe,1
148.050059,card2,2800,2667,2.5 GT/s PCIe,1
148.050059,card3,400,400,2.5 GT/s PCIe,1
148.100052,card2,2800,2600,2.5 GT/s PCIe,1
148.100052,card3,400,400,2.5 GT/s PCIe,1
148.150053,card2,2800,2733,2.5 GT/s PCIe,1
148.150053,card3,400,400,2.5 GT/s PCIe,1
148.200048,card2,2800,2800,2.5 GT/s PCIe,1
148.200048,card3,400,400,2.5 GT/s PCIe,1
148.250050,card2,2800,2600,2.5 GT/s PCIe,1
148.250050,card3,400,400,2.5 GT/s PCIe,1
148.300049,card2,2800,2667,2.5 GT/s PCIe,1
148.300049,card3,400,517,2.5 GT/s PCIe,1
148.350060,card2,2800,2650,2.5 GT/s PCIe,1
148.350060,card3,400,400,2.5 GT/s PCIe,1
148.400049,card2,2800,2600,2.5 GT/s PCIe,1
148.400049,card3,400,400,2.5 GT/s PCIe,1
148.450059,card2,2800,2800,2.5 GT/s PCIe,1
148.450059,card3,400,400,2.5 GT/s PCIe,1
148.500048,card2,2800,2600,2.5 GT/s PCIe,1
148.500048,card3,400,400,2.5 GT/s PCIe,1
148.550053,card2,2800,2667,2.5 GT/s PCIe,1
148.550053,card3,400,400,2.5 GT/s PCIe,1
148.600058,card2,2800,2650,2.5 GT/s PCIe,1
148.600058,card3,400,400,2.5 GT/s PCIe,1
148.650060,card2,2800,2700,2.5 GT/s PCIe,1
148.650060,card3,400,400,2.5 GT/s PCIe,1
148.700051,card2,2800,2800,2.5 GT/s PCIe,1
148.700051,card3,400,400,2.5 GT/s PCIe,1
148.750059,card2,2800,2800,2.5 GT/s PCIe,1
148.750059,card3,400,400,2.5 GT/s PCIe,1
148.800048,card2,2800,2600,2.5 GT/s PCIe,1
148.800048,card3,400,400,2.5 GT/s PCIe,1
148.850049,card2,2800,2650,2.5 GT/s PCIe,1
148.850049,card3,400,400,2.5 GT/s PCIe,1
148.900049,card2,2800,2600,2.5 GT/s PCIe,1
148.900049,card3,400,400,2.5 GT/s PCIe,1
148.950058,card2,2800,2800,2.5 GT/s PCIe,1
148.950058,card3,400,400,2.5 GT/s PCIe,1
149.000051,card2,2800,2633,2.5 GT/s PCIe,1
149.000051,card3,400,400,2.5 GT/s PCIe,1
149.050050,card2,2800,2600,2.5 GT/s PCIe,1
149.050050,card3,400,400,2.5 GT/s PCIe,1
149.100060,card2,2800,2600,2.5 GT/s PCIe,1
149.100060,card3,400,400,2.5 GT/s PCIe,1
149.150051,card2,2800,2600,2.5 GT/s PCIe,1
149.150051,card3,400,400,2.5 GT/s PCIe,1
149.200061,card2,2800,2767,2.5 GT/s PCIe,1
149.200061,card3,400,400,2.5 GT/s PCIe,1
149.250050,card2,2800,2800,2.5 GT/s PCIe,1
149.250050,card3,400,400,2.5 GT/s PCIe,1
149.300050,card2,2800,2600,2.5 GT/s PCIe,1
149.300050,card3,400,400,2.5 GT/s PCIe,1
149.350049,card2,2800,2650,2.5 GT/s PCIe,1
149.350049,card3,400,400,2.5 GT/s PCIe,1
149.400049,card2,2800,2550,2.5 GT/s PCIe,1
149.400049,card3,400,400,2.5 GT/s PCIe,1
149.450049,card2,2800,2733,2.5 GT/s PCIe,1
149.450049,card3,400,400,2.5 GT/s PCIe,1
149.500050,card2,2800,2800,2.5 GT/s PCIe,1
149.500050,card3,400,400,2.5 GT/s PCIe,1
149.550049,card2,2800,2600,2.5 GT/s PCIe,1
149.550049,card3,400,400,2.5 GT/s PCIe,1
149.600059,card2,2800,2667,2.5 GT/s PCIe,1
149.600059,card3,400,400,2.5 GT/s PCIe,1
149.650050,card2,2800,2617,2.5 GT/s PCIe,1
149.650050,card3,400,400,2.5 GT/s PCIe,1
149.700050,card2,2800,2600,2.5 GT/s PCIe,1
149.700050,card3,400,400,2.5 GT/s PCIe,1
149.750058,card2,2800,2800,2.5 GT/s PCIe,1
149.750058,card3,400,400,2.5 GT/s PCIe,1
149.800049,card2,2800,2600,2.5 GT/s PCIe,1
149.800049,card3,400,400,2.5 GT/s PCIe,1
149.850050,card2,2800,2667,2.5 GT/s PCIe,1
149.850050,card3,400,517,2.5 GT/s PCIe,1
149.900048,card2,2800,2617,2.5 GT/s PCIe,1
149.900048,card3,400,400,2.5 GT/s PCIe,1
149.950050,card2,2800,2600,2.5 GT/s PCIe,1
149.950050,card3,400,400,2.5 GT/s PCIe,1
150.000049,card2,2800,2800,2.5 GT/s PCIe,1
150.000049,card3,400,400,2.5 GT/s PCIe,1
150.050050,card2,2800,2800,2.5 GT/s PCIe,1
150.050050,card3,400,400,2.5 GT/s PCIe,1
150.100050,card2,2800,2600,2.5 GT/s PCIe,1
150.100050,card3,400,400,2.5 GT/s PCIe,1
150.150049,card2,2800,2600,2.5 GT/s PCIe,1
150.150049,card3,400,400,2.5 GT/s PCIe,1
150.200048,card2,2800,2600,2.5 GT/s PCIe,1
150.200048,card3,400,400,2.5 GT/s PCIe,1
150.250060,card2,2800,2800,2.5 GT/s PCIe,1
150.250060,card3,400,400,2.5 GT/s PCIe,1
150.300051,card2,2800,2800,2.5 GT/s PCIe,1
150.300051,card3,400,400,2.5 GT/s PCIe,1
150.350050,card2,2800,2600,2.5 GT/s PCIe,1
150.350050,card3,400,400,2.5 GT/s PCIe,1
150.400050,card2,2800,2650,2.5 GT/s PCIe,1
150.400050,card3,400,400,2.5 GT/s PCIe,1
150.450061,card2,2800,2617,2.5 GT/s PCIe,1
150.450061,card3,400,400,2.5 GT/s PCIe,1
150.500049,card2,2800,2783,2.5 GT/s PCIe,1
150.500049,card3,400,400,2.5 GT/s PCIe,1
150.550059,card2,2800,2800,2.5 GT/s PCIe,1
150.550059,card3,400,400,2.5 GT/s PCIe,1
150.600048,card2,2800,2600,2.5 GT/s PCIe,1
150.600048,card3,400,400,2.5 GT/s PCIe,1
150.650061,card2,2800,2650,2.5 GT/s PCIe,1
150.650061,card3,400,400,2.5 GT/s PCIe,1
150.700056,card2,2800,2600,2.5 GT/s PCIe,1
150.700056,card3,400,400,2.5 GT/s PCIe,1
150.750058,card2,2800,2733,2.5 GT/s PCIe,1
150.750058,card3,400,400,2.5 GT/s PCIe,1
150.800049,card2,2800,2800,2.5 GT/s PCIe,1
150.800049,card3,400,517,2.5 GT/s PCIe,1
150.850050,card2,2800,2600,2.5 GT/s PCIe,1
150.850050,card3,400,400,2.5 GT/s PCIe,1
150.900049,card2,2800,2667,2.5 GT/s PCIe,1
150.900049,card3,400,400,2.5 GT/s PCIe,1
150.950049,card2,2800,2617,2.5 GT/s PCIe,1
150.950049,card3,400,400,2.5 GT/s PCIe,1
151.000050,card2,2800,2600,2.5 GT/s PCIe,1
151.000050,card3,400,400,2.5 GT/s PCIe,1
151.050049,card2,2800,2800,2.5 GT/s PCIe,1
151.050049,card3,400,400,2.5 GT/s PCIe,1
151.100049,card2,2800,2600,2.5 GT/s PCIe,1
151.100049,card3,400,400,2.5 GT/s PCIe,1
151.150050,card2,2800,2667,2.5 GT/s PCIe,1
151.150050,card3,400,400,2.5 GT/s PCIe,1
151.200048,card2,2800,2617,2.5 GT/s PCIe,1
151.200048,card3,400,400,2.5 GT/s PCIe,1
151.250060,card2,2800,2600,2.5 GT/s PCIe,1
151.250060,card3,400,400,2.5 GT/s PCIe,1
151.300049,card2,2800,2800,2.5 GT/s PCIe,1
151.300049,card3,400,400,2.5 GT/s PCIe,1
151.350051,card2,2800,2633,2.5 GT/s PCIe,1
151.350051,card3,400,400,2.5 GT/s PCIe,1
151.400049,card2,2800,2600,2.5 GT/s PCIe,1
151.400049,card3,400,400,2.5 GT/s PCIe,1
151.450061,card2,2800,2650,2.5 GT/s PCIe,1
151.450061,card3,400,400,2.5 GT/s PCIe,1
151.500048,card2,2800,2600,2.5 GT/s PCIe,1
151.500048,card3,400,400,2.5 GT/s PCIe,1
151.550050,card2,2800,2800,2.5 GT/s PCIe,1
151.550050,card3,400,400,2.5 GT/s PCIe,1
151.600048,card2,2800,2800,2.5 GT/s PCIe,1
151.600048,card3,400,400,2.5 GT/s PCIe,1
151.650060,card2,2800,2600,2.5 GT/s PCIe,1
151.650060,card3,400,400,2.5 GT/s PCIe,1
151.700049,card2,2800,2667,2.5 GT/s PCIe,1
151.700049,card3,400,517,2.5 GT/s PCIe,1
151.750048,card2,2800,2617,2.5 GT/s PCIe,1
151.750048,card3,400,400,2.5 GT/s PCIe,1
151.800049,card2,2800,2767,2.5 GT/s PCIe,1
151.800049,card3,400,400,2.5 GT/s PCIe,1
151.850061,card2,2800,2800,2.5 GT/s PCIe,1
151.850061,card3,400,400,2.5 GT/s PCIe,1
151.900049,card2,2800,2600,2.5 GT/s PCIe,1
151.900049,card3,400,400,2.5 GT/s PCIe,1
151.950057,card2,2800,2667,2.5 GT/s PCIe,1
151.950057,card3,400,400,2.5 GT/s PCIe,1
152.000062,card2,2800,2600,2.5 GT/s PCIe,1
152.000062,card3,400,400,2.5 GT/s PCIe,1
152.050049,card2,2800,2717,2.5 GT/s PCIe,1
152.050049,card3,400,400,2.5 GT/s PCIe,1
152.100049,card2,2800,2800,2.5 GT/s PCIe,1
152.100049,card3,400,400,2.5 GT/s PCIe,1
152.150061,card2,2800,2600,2.5 GT/s PCIe,1
152.150061,card3,400,400,2.5 GT/s PCIe,1
152.200060,card2,2800,2667,2.5 GT/s PCIe,1
152.200060,card3,400,400,2.5 GT/s PCIe,1
152.250049,card2,2800,2650,2.5 GT/s PCIe,1
152.250049,card3,400,400,2.5 GT/s PCIe,1
152.300063,card2,2800,2600,2.5 GT/s PCIe,1
152.300063,card3,400,400,2.5 GT/s PCIe,1
152.350061,card2,2800,2800,2.5 GT/s PCIe,1
152.350061,card3,400,400,2.5 GT/s PCIe,1
152.400060,card2,2800,2700,2.5 GT/s PCIe,1
152.400060,card3,400,400,2.5 GT/s PCIe,1
152.450050,card2,2800,2600,2.5 GT/s PCIe,1
152.450050,card3,400,400,2.5 GT/s PCIe,1
152.500059,card2,2800,2650,2.5 GT/s PCIe,1
152.500059,card3,400,400,2.5 GT/s PCIe,1
152.550054,card2,2800,2600,2.5 GT/s PCIe,1
152.550054,card3,400,400,2.5 GT/s PCIe,1
152.600049,card2,2800,2800,2.5 GT/s PCIe,1
152.600049,card3,400,517,2.5 GT/s PCIe,1
152.650054,card2,2800,2800,2.5 GT/s PCIe,1
152.650054,card3,400,400,2.5 GT/s PCIe,1
152.700049,card2,2800,2600,2.5 GT/s PCIe,1
152.700049,card3,400,400,2.5 GT/s PCIe,1
152.750049,card2,2800,2650,2.5 GT/s PCIe,1
152.750049,card3,400,400,2.5 GT/s PCIe,1
152.800057,card2,2800,2600,2.5 GT/s PCIe,1
152.800057,card3,400,400,2.5 GT/s PCIe,1
152.850049,card2,2800,2800,2.5 GT/s PCIe,1
152.850049,card3,400,400,2.5 GT/s PCIe,1
152.900050,card2,2800,2800,2.5 GT/s PCIe,1
152.900050,card3,400,517,2.5 GT/s PCIe,1
152.950050,card2,2800,2600,2.5 GT/s PCIe,1
152.950050,card3,400,400,2.5 GT/s PCIe,1
153.000049,card2,2800,2650,2.5 GT/s PCIe,1
153.000049,card3,400,400,2.5 GT/s PCIe,1
153.050060,card2,2800,2600,2.5 GT/s PCIe,1
153.050060,card3,400,400,2.5 GT/s PCIe,1
153.100062,card2,2800,2750,2.5 GT/s PCIe,1
153.100062,card3,400,400,2.5 GT/s PCIe,1
153.150054,card2,2800,2800,2.5 GT/s PCIe,1
153.150054,card3,400,400,2.5 GT/s PCIe,1
153.200049,card2,2800,2600,2.5 GT/s PCIe,1
153.200049,card3,400,400,2.5 GT/s PCIe,1
153.250049,card2,2800,2667,2.5 GT/s PCIe,1
153.250049,card3,400,400,2.5 GT/s PCIe,1
153.300051,card2,2800,2617,2.5 GT/s PCIe,1
153.300051,card3,400,400,2.5 GT/s PCIe,1
153.350050,card2,2800,2717,2.5 GT/s PCIe,1
153.350050,card3,400,400,2.5 GT/s PCIe,1
153.400051,card2,2800,2800,2.5 GT/s PCIe,1
153.400051,card3,400,400,2.5 GT/s PCIe,1
153.450051,card2,2800,2600,2.5 GT/s PCIe,1
153.450051,card3,400,400,2.5 GT/s PCIe,1
153.500049,card2,2800,2667,2.5 GT/s PCIe,1
153.500049,card3,400,400,2.5 GT/s PCIe,1
153.550059,card2,2800,2617,2.5 GT/s PCIe,1
153.550059,card3,400,400,2.5 GT/s PCIe,1
153.600059,card2,2800,2600,2.5 GT/s PCIe,1
153.600059,card3,400,400,2.5 GT/s PCIe,1
153.650049,card2,2800,2800,2.5 GT/s PCIe,1
153.650049,card3,400,400,2.5 GT/s PCIe,1
153.700064,card2,2800,2600,2.5 GT/s PCIe,1
153.700064,card3,400,400,2.5 GT/s PCIe,1
153.750049,card2,2800,2667,2.5 GT/s PCIe,1
153.750049,card3,400,400,2.5 GT/s PCIe,1
153.800058,card2,2800,2650,2.5 GT/s PCIe,1
153.800058,card3,400,400,2.5 GT/s PCIe,1
153.850049,card2,2800,2600,2.5 GT/s PCIe,1
153.850049,card3,400,400,2.5 GT/s PCIe,1
153.900049,card2,2800,2800,2.5 GT/s PCIe,1
153.900049,card3,400,400,2.5 GT/s PCIe,1
153.950050,card2,2800,2800,2.5 GT/s PCIe,1
153.950050,card3,400,400,2.5 GT/s PCIe,1
154.000058,card2,2800,2600,2.5 GT/s PCIe,1
154.000058,card3,400,400,2.5 GT/s PCIe,1
154.050058,card2,2800,2650,2.5 GT/s PCIe,1
154.050058,card3,400,517,2.5 GT/s PCIe,1
154.100049,card2,2800,2600,2.5 GT/s PCIe,1
154.100049,card3,400,517,2.5 GT/s PCIe,1
154.150050,card2,2800,2800,2.5 GT/s PCIe,1
154.150050,card3,400,400,2.5 GT/s PCIe,1
154.200049,card2,2800,2800,2.5 GT/s PCIe,1
154.200049,card3,400,400,2.5 GT/s PCIe,1
154.250066,card2,2800,2800,2.5 GT/s PCIe,1
154.250066,card3,400,400,2.5 GT/s PCIe,1
154.300049,card2,2800,2667,2.5 GT/s PCIe,1
154.300049,card3,400,400,2.5 GT/s PCIe,1
154.350050,card2,2800,2617,2.5 GT/s PCIe,1
154.350050,card3,400,517,2.5 GT/s PCIe,1
154.400048,card2,2800,2767,2.5 GT/s PCIe,1
154.400048,card3,400,400,2.5 GT/s PCIe,1
154.450051,card2,2800,2800,2.5 GT/s PCIe,1
154.450051,card3,400,400,2.5 GT/s PCIe,1
154.500060,card2,2800,2600,2.5 GT/s PCIe,1
154.500060,card3,400,400,2.5 GT/s PCIe,1
154.550048,card2,2800,2667,2.5 GT/s PCIe,1
154.550048,card3,400,517,2.5 GT/s PCIe,1
154.600049,card2,2800,2617,2.5 GT/s PCIe,1
154.600049,card3,400,400,2.5 GT/s PCIe,1
154.650049,card2,2800,2717,2.5 GT/s PCIe,1
154.650049,card3,400,400,2.5 GT/s PCIe,1
154.700049,card2,2800,2800,2.5 GT/s PCIe,1
154.700049,card3,400,517,2.5 GT/s PCIe,1
154.750058,card2,2800,2600,2.5 GT/s PCIe,1
154.750058,card3,400,400,2.5 GT/s PCIe,1
154.800048,card2,2800,2667,2.5 GT/s PCIe,1
154.800048,card3,400,400,2.5 GT/s PCIe,1
154.850060,card2,2800,2617,2.5 GT/s PCIe,1
154.850060,card3,400,400,2.5 GT/s PCIe,1
154.900068,card2,2800,2600,2.5 GT/s PCIe,1
154.900068,card3,400,400,2.5 GT/s PCIe,1
154.950049,card2,2800,2800,2.5 GT/s PCIe,1
154.950049,card3,400,400,2.5 GT/s PCIe,1
155.000048,card2,2800,2600,2.5 GT/s PCIe,1
155.000048,card3,400,400,2.5 GT/s PCIe,1
155.050052,card2,2800,2667,2.5 GT/s PCIe,1
155.050052,card3,400,400,2.5 GT/s PCIe,1
155.100050,card2,2800,2650,2.5 GT/s PCIe,1
155.100050,card3,400,400,2.5 GT/s PCIe,1
155.150058,card2,2800,2600,2.5 GT/s PCIe,1
155.150058,card3,400,400,2.5 GT/s PCIe,1
155.200060,card2,2800,2800,2.5 GT/s PCIe,1
155.200060,card3,400,400,2.5 GT/s PCIe,1
155.250064,card2,2800,2800,2.5 GT/s PCIe,1
155.250064,card3,400,400,2.5 GT/s PCIe,1
155.300049,card2,2800,2600,2.5 GT/s PCIe,1
155.300049,card3,400,400,2.5 GT/s PCIe,1
155.350048,card2,2800,2650,2.5 GT/s PCIe,1
155.350048,card3,400,400,2.5 GT/s PCIe,1
155.400052,card2,2800,2600,2.5 GT/s PCIe,1
155.400052,card3,400,400,2.5 GT/s PCIe,1
155.450049,card2,2800,2800,2.5 GT/s PCIe,1
155.450049,card3,400,400,2.5 GT/s PCIe,1
155.500055,card2,2800,2800,2.5 GT/s PCIe,1
155.500055,card3,400,517,2.5 GT/s PCIe,1
155.550063,card2,2800,2600,2.5 GT/s PCIe,1
155.550063,card3,400,400,2.5 GT/s PCIe,1
155.600050,card2,2800,2650,2.5 GT/s PCIe,1
155.600050,card3,400,400,2.5 GT/s PCIe,1
155.650095,card2,2800,2600,2.5 GT/s PCIe,1
155.650095,card3,400,400,2.5 GT/s PCIe,1
155.700048,card2,2800,2783,2.5 GT/s PCIe,1
155.700048,card3,400,400,2.5 GT/s PCIe,1
155.750049,card2,2800,2800,2.5 GT/s PCIe,1
155.750049,card3,400,400,2.5 GT/s PCIe,1
155.800049,card2,2800,2600,2.5 GT/s PCIe,1
155.800049,card3,400,400,2.5 GT/s PCIe,1
155.850065,card2,2800,2650,2.5 GT/s PCIe,1
155.850065,card3,400,400,2.5 GT/s PCIe,1
155.900059,card2,2800,2617,2.5 GT/s PCIe,1
155.900059,card3,400,400,2.5 GT/s PCIe,1
155.950047,card2,2800,2717,2.5 GT/s PCIe,1
155.950047,card3,400,400,2.5 GT/s PCIe,1
156.000059,card2,2800,2800,2.5 GT/s PCIe,1
156.000059,card3,400,400,2.5 GT/s PCIe,1
156.050048,card2,2800,2600,2.5 GT/s PCIe,1
156.050048,card3,400,400,2.5 GT/s PCIe,1
156.100064,card2,2800,2667,2.5 GT/s PCIe,1
156.100064,card3,400,400,2.5 GT/s PCIe,1
156.150057,card2,2800,2617,2.5 GT/s PCIe,1
156.150057,card3,400,400,2.5 GT/s PCIe,1
156.200050,card2,2800,2600,2.5 GT/s PCIe,1
156.200050,card3,400,400,2.5 GT/s PCIe,1
156.250047,card2,2800,2800,2.5 GT/s PCIe,1
156.250047,card3,400,517,2.5 GT/s PCIe,1
156.300059,card2,2800,2600,2.5 GT/s PCIe,1
156.300059,card3,400,400,2.5 GT/s PCIe,1
156.350063,card2,2800,2667,2.5 GT/s PCIe,1
156.350063,card3,400,400,2.5 GT/s PCIe,1
156.400060,card2,2800,2650,2.5 GT/s PCIe,1
156.400060,card3,400,400,2.5 GT/s PCIe,1
156.450057,card2,2800,2600,2.5 GT/s PCIe,1
156.450057,card3,400,400,2.5 GT/s PCIe,1
156.500048,card2,2800,2800,2.5 GT/s PCIe,1
156.500048,card3,400,400,2.5 GT/s PCIe,1
156.550048,card2,2800,2800,2.5 GT/s PCIe,1
156.550048,card3,400,400,2.5 GT/s PCIe,1
156.600049,card2,2800,2600,2.5 GT/s PCIe,1
156.600049,card3,400,517,2.5 GT/s PCIe,1
156.650056,card2,2800,2650,2.5 GT/s PCIe,1
156.650056,card3,400,400,2.5 GT/s PCIe,1
156.700058,card2,2800,2600,2.5 GT/s PCIe,1
156.700058,card3,400,400,2.5 GT/s PCIe,1
156.750048,card2,2800,2800,2.5 GT/s PCIe,1
156.750048,card3,400,400,2.5 GT/s PCIe,1
156.800049,card2,2800,2800,2.5 GT/s PCIe,1
156.800049,card3,400,400,2.5 GT/s PCIe,1
156.850049,card2,2800,2600,2.5 GT/s PCIe,1
156.850049,card3,400,400,2.5 GT/s PCIe,1
156.900058,card2,2800,2650,2.5 GT/s PCIe,1
156.900058,card3,400,400,2.5 GT/s PCIe,1
156.950048,card2,2800,2600,2.5 GT/s PCIe,1
156.950048,card3,400,0,2.5 GT/s PCIe,1
157.000049,card2,2800,2733,2.5 GT/s PCIe,1
157.000049,card3,400,400,2.5 GT/s PCIe,1
157.050057,card2,2800,2633,2.5 GT/s PCIe,1
157.050057,card3,400,400,2.5 GT/s PCIe,1
157.100049,card2,2800,2600,2.5 GT/s PCIe,1
157.100049,card3,400,400,2.5 GT/s PCIe,1
157.150051,card2,2800,2667,2.5 GT/s PCIe,1
157.150051,card3,400,400,2.5 GT/s PCIe,1
157.200053,card2,2800,2600,2.5 GT/s PCIe,1
157.200053,card3,400,400,2.5 GT/s PCIe,1
157.250064,card2,2800,2717,2.5 GT/s PCIe,1
157.250064,card3,400,400,2.5 GT/s PCIe,1
157.300048,card2,2800,2800,2.5 GT/s PCIe,1
157.300048,card3,400,400,2.5 GT/s PCIe,1
157.350051,card2,2800,2600,2.5 GT/s PCIe,1
157.350051,card3,400,400,2.5 GT/s PCIe,1
157.400333,card2,2800,2550,2.5 GT/s PCIe,1
157.400333,card3,400,517,2.5 GT/s PCIe,1
157.450049,card2,2800,2617,2.5 GT/s PCIe,1
157.450049,card3,400,400,2.5 GT/s PCIe,1
157.500050,card2,2800,2600,2.5 GT/s PCIe,1
157.500050,card3,400,400,2.5 GT/s PCIe,1
157.550059,card2,2800,2800,2.5 GT/s PCIe,1
157.550059,card3,400,400,2.5 GT/s PCIe,1
157.600060,card2,2800,2600,2.5 GT/s PCIe,1
157.600060,card3,400,400,2.5 GT/s PCIe,1
157.650063,card2,2800,2667,2.5 GT/s PCIe,1
157.650063,card3,400,400,2.5 GT/s PCIe,1
157.700049,card2,2800,2733,2.5 GT/s PCIe,1
157.700049,card3,400,400,2.5 GT/s PCIe,1
157.750049,card2,2800,2683,2.5 GT/s PCIe,1
157.750049,card3,400,400,2.5 GT/s PCIe,1
157.800049,card2,2800,2800,2.5 GT/s PCIe,1
157.800049,card3,400,400,2.5 GT/s PCIe,1
157.850064,card2,2800,2800,2.5 GT/s PCIe,1
157.850064,card3,400,400,2.5 GT/s PCIe,1
157.900050,card2,2800,2600,2.5 GT/s PCIe,1
157.900050,card3,400,400,2.5 GT/s PCIe,1
157.950059,card2,2800,2650,2.5 GT/s PCIe,1
157.950059,card3,400,400,2.5 GT/s PCIe,1
158.000049,card2,2800,2600,2.5 GT/s PCIe,1
158.000049,card3,400,400,2.5 GT/s PCIe,1
158.050050,card2,2800,2800,2.5 GT/s PCIe,1
158.050050,card3,400,400,2.5 GT/s PCIe,1
158.100054,card2,2800,2800,2.5 GT/s PCIe,1
158.100054,card3,400,517,2.5 GT/s PCIe,1
158.150049,card2,2800,2600,2.5 GT/s PCIe,1
158.150049,card3,400,517,2.5 GT/s PCIe,1
158.200060,card2,2800,2650,2.5 GT/s PCIe,1
158.200060,card3,400,400,2.5 GT/s PCIe,1
158.250059,card2,2800,2600,2.5 GT/s PCIe,1
158.250059,card3,400,400,2.5 GT/s PCIe,1
158.300052,card2,2800,2750,2.5 GT/s PCIe,1
158.300052,card3,400,400,2.5 GT/s PCIe,1
158.350055,card2,2800,2633,2.5 GT/s PCIe,1
158.350055,card3,400,400,2.5 GT/s PCIe,1
158.400059,card2,2800,2600,2.5 GT/s PCIe,1
158.400059,card3,400,400,2.5 GT/s PCIe,1
158.450048,card2,2800,2667,2.5 GT/s PCIe,1
158.450048,card3,400,400,2.5 GT/s PCIe,1
158.500059,card2,2800,2600,2.5 GT/s PCIe,1
158.500059,card3,400,400,2.5 GT/s PCIe,1
158.550049,card2,2800,2700,2.5 GT/s PCIe,1
158.550049,card3,400,400,2.5 GT/s PCIe,1
158.600061,card2,2800,2800,2.5 GT/s PCIe,1
158.600061,card3,400,400,2.5 GT/s PCIe,1
158.650054,card2,2800,2600,2.5 GT/s PCIe,1
158.650054,card3,400,400,2.5 GT/s PCIe,1
158.700049,card2,2800,2550,2.5 GT/s PCIe,1
158.700049,card3,400,400,2.5 GT/s PCIe,1
158.750054,card2,2800,2650,2.5 GT/s PCIe,1
158.750054,card3,400,400,2.5 GT/s PCIe,1
158.800049,card2,2800,2600,2.5 GT/s PCIe,1
158.800049,card3,400,400,2.5 GT/s PCIe,1
158.850049,card2,2800,2800,2.5 GT/s PCIe,1
158.850049,card3,400,400,2.5 GT/s PCIe,1
158.900064,card2,2800,2600,2.5 GT/s PCIe,1
158.900064,card3,400,400,2.5 GT/s PCIe,1
158.950048,card2,2800,2667,2.5 GT/s PCIe,1
158.950048,card3,400,400,2.5 GT/s PCIe,1
159.000058,card2,2800,2617,2.5 GT/s PCIe,1
159.000058,card3,400,400,2.5 GT/s PCIe,1
159.050058,card2,2800,2683,2.5 GT/s PCIe,1
159.050058,card3,400,400,2.5 GT/s PCIe,1
159.100050,card2,2800,2800,2.5 GT/s PCIe,1
159.100050,card3,400,400,2.5 GT/s PCIe,1
159.150050,card2,2800,2800,2.5 GT/s PCIe,1
159.150050,card3,400,400,2.5 GT/s PCIe,1
159.200049,card2,2800,2800,2.5 GT/s PCIe,1
159.200049,card3,400,400,2.5 GT/s PCIe,1
159.250049,card2,2800,2800,2.5 GT/s PCIe,1
159.250049,card3,400,400,2.5 GT/s PCIe,1
159.300049,card2,2800,2800,2.5 GT/s PCIe,1
159.300049,card3,400,400,2.5 GT/s PCIe,1
159.350059,card2,2800,2800,2.5 GT/s PCIe,1
159.350059,card3,400,400,2.5 GT/s PCIe,1
159.400049,card2,2800,2800,2.5 GT/s PCIe,1
159.400049,card3,400,400,2.5 GT/s PCIe,1
159.450049,card2,2800,2800,2.5 GT/s PCIe,1
159.450049,card3,400,400,2.5 GT/s PCIe,1
159.500060,card2,2800,2800,2.5 GT/s PCIe,1
159.500060,card3,400,400,2.5 GT/s PCIe,1
159.550049,card2,2800,2800,2.5 GT/s PCIe,1
159.550049,card3,400,400,2.5 GT/s PCIe,1
159.600058,card2,2800,2800,2.5 GT/s PCIe,1
159.600058,card3,400,400,2.5 GT/s PCIe,1
159.650061,card2,2800,2800,2.5 GT/s PCIe,1
159.650061,card3,400,400,2.5 GT/s PCIe,1
159.700048,card2,2800,2800,2.5 GT/s PCIe,1
159.700048,card3,400,400,2.5 GT/s PCIe,1
159.750054,card2,2800,2800,2.5 GT/s PCIe,1
159.750054,card3,400,400,2.5 GT/s PCIe,1
159.800049,card2,2800,2800,2.5 GT/s PCIe,1
159.800049,card3,400,400,2.5 GT/s PCIe,1
159.850050,card2,2800,2800,2.5 GT/s PCIe,1
159.850050,card3,400,400,2.5 GT/s PCIe,1
159.900049,card2,2800,2800,2.5 GT/s PCIe,1
159.900049,card3,400,400,2.5 GT/s PCIe,1
159.950048,card2,2800,2800,2.5 GT/s PCIe,1
159.950048,card3,400,400,2.5 GT/s PCIe,1
160.000050,card2,2800,2800,2.5 GT/s PCIe,1
160.000050,card3,400,400,2.5 GT/s PCIe,1
160.050050,card2,2800,2800,2.5 GT/s PCIe,1
160.050050,card3,400,400,2.5 GT/s PCIe,1
160.100048,card2,2800,2800,2.5 GT/s PCIe,1
160.100048,card3,400,400,2.5 GT/s PCIe,1
160.150050,card2,2800,2800,2.5 GT/s PCIe,1
160.150050,card3,400,400,2.5 GT/s PCIe,1
160.200049,card2,2800,2800,2.5 GT/s PCIe,1
160.200049,card3,400,400,2.5 GT/s PCIe,1
160.250051,card2,2800,2800,2.5 GT/s PCIe,1
160.250051,card3,400,400,2.5 GT/s PCIe,1
160.300050,card2,2800,2800,2.5 GT/s PCIe,1
160.300050,card3,400,400,2.5 GT/s PCIe,1
160.350052,card2,2800,2800,2.5 GT/s PCIe,1
160.350052,card3,400,400,2.5 GT/s PCIe,1
160.400048,card2,2800,2800,2.5 GT/s PCIe,1
160.400048,card3,400,517,2.5 GT/s PCIe,1
160.450050,card2,2800,2800,2.5 GT/s PCIe,1
160.450050,card3,400,400,2.5 GT/s PCIe,1
160.500062,card2,2800,2800,2.5 GT/s PCIe,1
160.500062,card3,400,400,2.5 GT/s PCIe,1
160.550049,card2,2800,2800,2.5 GT/s PCIe,1
160.550049,card3,400,400,2.5 GT/s PCIe,1
160.600061,card2,2800,2800,2.5 GT/s PCIe,1
160.600061,card3,400,400,2.5 GT/s PCIe,1
160.650051,card2,2800,2600,2.5 GT/s PCIe,1
160.650051,card3,400,400,2.5 GT/s PCIe,1
160.700050,card2,2800,2667,2.5 GT/s PCIe,1
160.700050,card3,400,400,2.5 GT/s PCIe,1
160.750059,card2,2800,2617,2.5 GT/s PCIe,1
160.750059,card3,400,400,2.5 GT/s PCIe,1
160.800051,card2,2800,2600,2.5 GT/s PCIe,1
160.800051,card3,400,400,2.5 GT/s PCIe,1
160.850048,card2,2800,2800,2.5 GT/s PCIe,1
160.850048,card3,400,400,2.5 GT/s PCIe,1
160.900049,card2,2800,2800,2.5 GT/s PCIe,1
160.900049,card3,400,517,2.5 GT/s PCIe,1
160.950060,card2,2800,2600,2.5 GT/s PCIe,1
160.950060,card3,400,400,2.5 GT/s PCIe,1
161.000049,card2,2800,2650,2.5 GT/s PCIe,1
161.000049,card3,400,400,2.5 GT/s PCIe,1
161.050055,card2,2800,2600,2.5 GT/s PCIe,1
161.050055,card3,400,400,2.5 GT/s PCIe,1
161.100059,card2,2800,2800,2.5 GT/s PCIe,1
161.100059,card3,400,400,2.5 GT/s PCIe,1
161.150061,card2,2800,2800,2.5 GT/s PCIe,1
161.150061,card3,400,400,2.5 GT/s PCIe,1
161.200049,card2,2800,2600,2.5 GT/s PCIe,1
161.200049,card3,400,400,2.5 GT/s PCIe,1
161.250049,card2,2800,2650,2.5 GT/s PCIe,1
161.250049,card3,400,400,2.5 GT/s PCIe,1
161.300052,card2,2800,2600,2.5 GT/s PCIe,1
161.300052,card3,400,400,2.5 GT/s PCIe,1
161.350049,card2,2800,2783,2.5 GT/s PCIe,1
161.350049,card3,400,400,2.5 GT/s PCIe,1
161.400049,card2,2800,2633,2.5 GT/s PCIe,1
161.400049,card3,400,400,2.5 GT/s PCIe,1
161.450048,card2,2800,2600,2.5 GT/s PCIe,1
161.450048,card3,400,400,2.5 GT/s PCIe,1
161.500051,card2,2800,2667,2.5 GT/s PCIe,1
161.500051,card3,400,400,2.5 GT/s PCIe,1
161.550049,card2,2800,2600,2.5 GT/s PCIe,1
161.550049,card3,400,400,2.5 GT/s PCIe,1
161.600049,card2,2800,2750,2.5 GT/s PCIe,1
161.600049,card3,400,400,2.5 GT/s PCIe,1
161.650050,card2,2800,2800,2.5 GT/s PCIe,1
161.650050,card3,400,400,2.5 GT/s PCIe,1
161.700060,card2,2800,2600,2.5 GT/s PCIe,1
161.700060,card3,400,400,2.5 GT/s PCIe,1
161.750051,card2,2800,2650,2.5 GT/s PCIe,1
161.750051,card3,400,400,2.5 GT/s PCIe,1
161.800060,card2,2800,2600,2.5 GT/s PCIe,1
161.800060,card3,400,400,2.5 GT/s PCIe,1
161.850059,card2,2800,2700,2.5 GT/s PCIe,1
161.850059,card3,400,400,2.5 GT/s PCIe,1
161.900049,card2,2800,2800,2.5 GT/s PCIe,1
161.900049,card3,400,400,2.5 GT/s PCIe,1
161.950061,card2,2800,2600,2.5 GT/s PCIe,1
161.950061,card3,400,400,2.5 GT/s PCIe,1
162.000058,card2,2800,2550,2.5 GT/s PCIe,1
162.000058,card3,400,400,2.5 GT/s PCIe,1
162.050059,card2,2800,2733,2.5 GT/s PCIe,1
162.050059,card3,400,400,2.5 GT/s PCIe,1
162.100061,card2,2800,2683,2.5 GT/s PCIe,1
162.100061,card3,400,400,2.5 GT/s PCIe,1
162.150049,card2,2800,2800,2.5 GT/s PCIe,1
162.150049,card3,400,400,2.5 GT/s PCIe,1
162.200058,card2,2800,2600,2.5 GT/s PCIe,1
162.200058,card3,400,400,2.5 GT/s PCIe,1
162.250049,card2,2800,2667,2.5 GT/s PCIe,1
162.250049,card3,400,400,2.5 GT/s PCIe,1
162.300049,card2,2800,2617,2.5 GT/s PCIe,1
162.300049,card3,400,400,2.5 GT/s PCIe,1
162.350048,card2,2800,2683,2.5 GT/s PCIe,1
162.350048,card3,400,400,2.5 GT/s PCIe,1
162.400049,card2,2800,2800,2.5 GT/s PCIe,1
162.400049,card3,400,400,2.5 GT/s PCIe,1
162.450049,card2,2800,2800,2.5 GT/s PCIe,1
162.450049,card3,400,400,2.5 GT/s PCIe,1
162.500049,card2,2800,2600,2.5 GT/s PCIe,1
162.500049,card3,400,400,2.5 GT/s PCIe,1
162.550060,card2,2800,2650,2.5 GT/s PCIe,1
162.550060,card3,400,400,2.5 GT/s PCIe,1
162.600050,card2,2800,2617,2.5 GT/s PCIe,1
162.600050,card3,400,400,2.5 GT/s PCIe,1
162.650049,card2,2800,2800,2.5 GT/s PCIe,1
162.650049,card3,400,400,2.5 GT/s PCIe,1
162.700049,card2,2800,2800,2.5 GT/s PCIe,1
162.700049,card3,400,517,2.5 GT/s PCIe,1
162.750048,card2,2800,2800,2.5 GT/s PCIe,1
162.750048,card3,400,400,2.5 GT/s PCIe,1
162.800050,card2,2800,2800,2.5 GT/s PCIe,1
162.800050,card3,400,400,2.5 GT/s PCIe,1
162.850048,card2,2800,2800,2.5 GT/s PCIe,1
162.850048,card3,400,400,2.5 GT/s PCIe,1
162.900049,card2,2800,2800,2.5 GT/s PCIe,1
162.900049,card3,400,400,2.5 GT/s PCIe,1
162.950058,card2,2800,2800,2.5 GT/s PCIe,1
162.950058,card3,400,400,2.5 GT/s PCIe,1
163.000047,card2,2800,2800,2.5 GT/s PCIe,1
163.000047,card3,400,400,2.5 GT/s PCIe,1
163.050058,card2,2800,2800,2.5 GT/s PCIe,1
163.050058,card3,400,400,2.5 GT/s PCIe,1
163.100059,card2,2800,2800,2.5 GT/s PCIe,1
163.100059,card3,400,400,2.5 GT/s PCIe,1
163.150057,card2,2800,2800,2.5 GT/s PCIe,1
163.150057,card3,400,400,2.5 GT/s PCIe,1
163.200049,card2,2800,2800,2.5 GT/s PCIe,1
163.200049,card3,400,400,2.5 GT/s PCIe,1
163.250049,card2,2800,2800,2.5 GT/s PCIe,1
163.250049,card3,400,400,2.5 GT/s PCIe,1
163.300052,card2,2800,2800,2.5 GT/s PCIe,1
163.300052,card3,400,400,2.5 GT/s PCIe,1
163.350049,card2,2800,2800,2.5 GT/s PCIe,1
163.350049,card3,400,400,2.5 GT/s PCIe,1
163.400049,card2,2800,2800,2.5 GT/s PCIe,1
163.400049,card3,400,400,2.5 GT/s PCIe,1
163.450066,card2,2800,2800,2.5 GT/s PCIe,1
163.450066,card3,400,400,2.5 GT/s PCIe,1
163.500056,card2,2800,2800,2.5 GT/s PCIe,1
163.500056,card3,400,400,2.5 GT/s PCIe,1
163.550059,card2,2800,2800,2.5 GT/s PCIe,1
163.550059,card3,400,400,2.5 GT/s PCIe,1
163.600051,card2,2800,2800,2.5 GT/s PCIe,1
163.600051,card3,400,400,2.5 GT/s PCIe,1
163.650050,card2,2800,2800,2.5 GT/s PCIe,1
163.650050,card3,400,400,2.5 GT/s PCIe,1
163.700049,card2,2800,2800,2.5 GT/s PCIe,1
163.700049,card3,400,400,2.5 GT/s PCIe,1
163.750049,card2,2800,2800,2.5 GT/s PCIe,1
163.750049,card3,400,400,2.5 GT/s PCIe,1
163.800049,card2,2800,2800,2.5 GT/s PCIe,1
163.800049,card3,400,400,2.5 GT/s PCIe,1
163.850049,card2,2800,2800,2.5 GT/s PCIe,1
163.850049,card3,400,400,2.5 GT/s PCIe,1
163.900059,card2,2800,2800,2.5 GT/s PCIe,1
163.900059,card3,400,400,2.5 GT/s PCIe,1
163.950063,card2,2800,2800,2.5 GT/s PCIe,1
163.950063,card3,400,400,2.5 GT/s PCIe,1
164.000048,card2,2800,2800,2.5 GT/s PCIe,1
164.000048,card3,400,400,2.5 GT/s PCIe,1
164.050051,card2,2800,2800,2.5 GT/s PCIe,1
164.050051,card3,400,400,2.5 GT/s PCIe,1
164.100053,card2,2800,2800,2.5 GT/s PCIe,1
164.100053,card3,400,400,2.5 GT/s PCIe,1
164.150055,card2,2800,2800,2.5 GT/s PCIe,1
164.150055,card3,400,400,2.5 GT/s PCIe,1
164.200050,card2,2800,2800,2.5 GT/s PCIe,1
164.200050,card3,400,400,2.5 GT/s PCIe,1
164.250059,card2,2800,2600,2.5 GT/s PCIe,1
164.250059,card3,400,400,2.5 GT/s PCIe,1
164.300049,card2,2800,2667,2.5 GT/s PCIe,1
164.300049,card3,400,400,2.5 GT/s PCIe,1
164.350049,card2,2800,2600,2.5 GT/s PCIe,1
164.350049,card3,400,400,2.5 GT/s PCIe,1
164.400049,card2,2800,2717,2.5 GT/s PCIe,1
164.400049,card3,400,400,2.5 GT/s PCIe,1
164.450048,card2,2800,2800,2.5 GT/s PCIe,1
164.450048,card3,400,400,2.5 GT/s PCIe,1
164.500050,card2,2800,2600,2.5 GT/s PCIe,1
164.500050,card3,400,400,2.5 GT/s PCIe,1
164.550160,card2,2800,2667,2.5 GT/s PCIe,1
164.550160,card3,400,400,2.5 GT/s PCIe,1
164.600063,card2,2800,2617,2.5 GT/s PCIe,1
164.600063,card3,400,400,2.5 GT/s PCIe,1
164.650057,card2,2800,2600,2.5 GT/s PCIe,1
164.650057,card3,400,400,2.5 GT/s PCIe,1
164.700140,card2,2800,2800,2.5 GT/s PCIe,1
164.700140,card3,400,517,2.5 GT/s PCIe,1
164.750052,card2,2800,2800,2.5 GT/s PCIe,1
164.750052,card3,400,400,2.5 GT/s PCIe,1
164.800050,card2,2800,2800,2.5 GT/s PCIe,1
164.800050,card3,400,400,2.5 GT/s PCIe,1
164.850058,card2,2800,2800,2.5 GT/s PCIe,1
164.850058,card3,400,400,2.5 GT/s PCIe,1
164.900050,card2,2800,2800,2.5 GT/s PCIe,1
164.900050,card3,400,400,2.5 GT/s PCIe,1
164.950050,card2,2800,2800,2.5 GT/s PCIe,1
164.950050,card3,400,400,2.5 GT/s PCIe,1
165.000072,card2,2800,2800,2.5 GT/s PCIe,1
165.000072,card3,400,400,2.5 GT/s PCIe,1
165.050050,card2,2800,2800,2.5 GT/s PCIe,1
165.050050,card3,400,400,2.5 GT/s PCIe,1
165.100053,card2,2800,2800,2.5 GT/s PCIe,1
165.100053,card3,400,400,2.5 GT/s PCIe,1
165.150050,card2,2800,2800,2.5 GT/s PCIe,1
165.150050,card3,400,400,2.5 GT/s PCIe,1
165.200048,card2,2800,2800,2.5 GT/s PCIe,1
165.200048,card3,400,400,2.5 GT/s PCIe,1
165.250048,card2,2800,2800,2.5 GT/s PCIe,1
165.250048,card3,400,400,2.5 GT/s PCIe,1
165.300050,card2,2800,2800,2.5 GT/s PCIe,1
165.300050,card3,400,400,2.5 GT/s PCIe,1
165.350050,card2,2800,2800,2.5 GT/s PCIe,1
165.350050,card3,400,400,2.5 GT/s PCIe,1
165.400059,card2,2800,2800,2.5 GT/s PCIe,1
165.400059,card3,400,400,2.5 GT/s PCIe,1
165.450050,card2,2800,2800,2.5 GT/s PCIe,1
165.450050,card3,400,400,2.5 GT/s PCIe,1
165.500063,card2,2800,2800,2.5 GT/s PCIe,1
165.500063,card3,400,400,2.5 GT/s PCIe,1
165.550050,card2,2800,2800,2.5 GT/s PCIe,1
165.550050,card3,400,400,2.5 GT/s PCIe,1
165.600064,card2,2800,2800,2.5 GT/s PCIe,1
165.600064,card3,400,400,2.5 GT/s PCIe,1
165.650065,card2,2800,2800,2.5 GT/s PCIe,1
165.650065,card3,400,400,2.5 GT/s PCIe,1
165.700064,card2,2800,2800,2.5 GT/s PCIe,1
165.700064,card3,400,400,2.5 GT/s PCIe,1
165.750053,card2,2800,2800,2.5 GT/s PCIe,1
165.750053,card3,400,400,2.5 GT/s PCIe,1
165.800061,card2,2800,2800,2.5 GT/s PCIe,1
165.800061,card3,400,400,2.5 GT/s PCIe,1
165.850050,card2,2800,2800,2.5 GT/s PCIe,1
165.850050,card3,400,400,2.5 GT/s PCIe,1
165.900048,card2,2800,2800,2.5 GT/s PCIe,1
165.900048,card3,400,400,2.5 GT/s PCIe,1
165.950048,card2,2800,2800,2.5 GT/s PCIe,1
165.950048,card3,400,400,2.5 GT/s PCIe,1
166.000050,card2,2800,2800,2.5 GT/s PCIe,1
166.000050,card3,400,400,2.5 GT/s PCIe,1
166.050050,card2,2800,2800,2.5 GT/s PCIe,1
166.050050,card3,400,400,2.5 GT/s PCIe,1
166.100054,card2,2800,2800,2.5 GT/s PCIe,1
166.100054,card3,400,400,2.5 GT/s PCIe,1
166.150049,card2,2800,2800,2.5 GT/s PCIe,1
166.150049,card3,400,400,2.5 GT/s PCIe,1
166.200049,card2,2800,2800,2.5 GT/s PCIe,1
166.200049,card3,400,400,2.5 GT/s PCIe,1
166.250048,card2,2800,2800,2.5 GT/s PCIe,1
166.250048,card3,400,517,2.5 GT/s PCIe,1
166.300049,card2,2800,2600,2.5 GT/s PCIe,1
166.300049,card3,400,400,2.5 GT/s PCIe,1
166.350058,card2,2800,2650,2.5 GT/s PCIe,1
166.350058,card3,400,400,2.5 GT/s PCIe,1
166.400049,card2,2800,2600,2.5 GT/s PCIe,1
166.400049,card3,400,400,2.5 GT/s PCIe,1
166.450048,card2,2800,2750,2.5 GT/s PCIe,1
166.450048,card3,400,400,2.5 GT/s PCIe,1
166.500049,card2,2800,2800,2.5 GT/s PCIe,1
166.500049,card3,400,400,2.5 GT/s PCIe,1
166.550048,card2,2800,2600,2.5 GT/s PCIe,1
166.550048,card3,400,400,2.5 GT/s PCIe,1
166.600049,card2,2800,2667,2.5 GT/s PCIe,1
166.600049,card3,400,400,2.5 GT/s PCIe,1
166.650049,card2,2800,2600,2.5 GT/s PCIe,1
166.650049,card3,400,400,2.5 GT/s PCIe,1
166.700054,card2,2800,2717,2.5 GT/s PCIe,1
166.700054,card3,400,400,2.5 GT/s PCIe,1
166.750061,card2,2800,2800,2.5 GT/s PCIe,1
166.750061,card3,400,400,2.5 GT/s PCIe,1
166.800056,card2,2800,2600,2.5 GT/s PCIe,1
166.800056,card3,400,400,2.5 GT/s PCIe,1
166.850052,card2,2800,2667,2.5 GT/s PCIe,1
166.850052,card3,400,400,2.5 GT/s PCIe,1
166.900060,card2,2800,2617,2.5 GT/s PCIe,1
166.900060,card3,400,400,2.5 GT/s PCIe,1
166.950048,card2,2800,2600,2.5 GT/s PCIe,1
166.950048,card3,400,400,2.5 GT/s PCIe,1
167.000058,card2,2800,2800,2.5 GT/s PCIe,1
167.000058,card3,400,400,2.5 GT/s PCIe,1
167.050049,card2,2800,2633,2.5 GT/s PCIe,1
167.050049,card3,400,400,2.5 GT/s PCIe,1
167.100049,card2,2800,2600,2.5 GT/s PCIe,1
167.100049,card3,400,400,2.5 GT/s PCIe,1
167.150058,card2,2800,2650,2.5 GT/s PCIe,1
167.150058,card3,400,400,2.5 GT/s PCIe,1
167.200049,card2,2800,2600,2.5 GT/s PCIe,1
167.200049,card3,400,400,2.5 GT/s PCIe,1
167.250048,card2,2800,2800,2.5 GT/s PCIe,1
167.250048,card3,400,400,2.5 GT/s PCIe,1
167.300049,card2,2800,2800,2.5 GT/s PCIe,1
167.300049,card3,400,400,2.5 GT/s PCIe,1
167.350049,card2,2800,2600,2.5 GT/s PCIe,1
167.350049,card3,400,400,2.5 GT/s PCIe,1
167.400056,card2,2800,2650,2.5 GT/s PCIe,1
167.400056,card3,400,400,2.5 GT/s PCIe,1
167.450056,card2,2800,2600,2.5 GT/s PCIe,1
167.450056,card3,400,400,2.5 GT/s PCIe,1
167.500049,card2,2800,2800,2.5 GT/s PCIe,1
167.500049,card3,400,400,2.5 GT/s PCIe,1
167.550047,card2,2800,2800,2.5 GT/s PCIe,1
167.550047,card3,400,400,2.5 GT/s PCIe,1
167.600049,card2,2800,2800,2.5 GT/s PCIe,1
167.600049,card3,400,400,2.5 GT/s PCIe,1
167.650051,card2,2800,2800,2.5 GT/s PCIe,1
167.650051,card3,400,400,2.5 GT/s PCIe,1
167.700061,card2,2800,2800,2.5 GT/s PCIe,1
167.700061,card3,400,400,2.5 GT/s PCIe,1
167.750050,card2,2800,2800,2.5 GT/s PCIe,1
167.750050,card3,400,400,2.5 GT/s PCIe,1
167.800060,card2,2800,2800,2.5 GT/s PCIe,1
167.800060,card3,400,400,2.5 GT/s PCIe,1
167.850049,card2,2800,2800,2.5 GT/s PCIe,1
167.850049,card3,400,400,2.5 GT/s PCIe,1
167.900049,card2,2800,2800,2.5 GT/s PCIe,1
167.900049,card3,400,400,2.5 GT/s PCIe,1
167.950050,card2,2800,2800,2.5 GT/s PCIe,1
167.950050,card3,400,400,2.5 GT/s PCIe,1
168.000049,card2,2800,2800,2.5 GT/s PCIe,1
168.000049,card3,400,400,2.5 GT/s PCIe,1
168.050049,card2,2800,2800,2.5 GT/s PCIe,1
168.050049,card3,400,400,2.5 GT/s PCIe,1
168.100049,card2,2800,2800,2.5 GT/s PCIe,1
168.100049,card3,400,400,2.5 GT/s PCIe,1
168.150049,card2,2800,2800,2.5 GT/s PCIe,1
168.150049,card3,400,400,2.5 GT/s PCIe,1
168.200057,card2,2800,2800,2.5 GT/s PCIe,1
168.200057,card3,400,400,2.5 GT/s PCIe,1
168.250047,card2,2800,2800,2.5 GT/s PCIe,1
168.250047,card3,400,400,2.5 GT/s PCIe,1
168.300058,card2,2800,2800,2.5 GT/s PCIe,1
168.300058,card3,400,400,2.5 GT/s PCIe,1
168.350049,card2,2800,2800,2.5 GT/s PCIe,1
168.350049,card3,400,400,2.5 GT/s PCIe,1
168.400052,card2,2800,2800,2.5 GT/s PCIe,1
168.400052,card3,400,400,2.5 GT/s PCIe,1
168.450048,card2,2800,2800,2.5 GT/s PCIe,1
168.450048,card3,400,400,2.5 GT/s PCIe,1
168.500048,card2,2800,2800,2.5 GT/s PCIe,1
168.500048,card3,400,400,2.5 GT/s PCIe,1
168.550050,card2,2800,2800,2.5 GT/s PCIe,1
168.550050,card3,400,400,2.5 GT/s PCIe,1
168.600049,card2,2800,2800,2.5 GT/s PCIe,1
168.600049,card3,400,400,2.5 GT/s PCIe,1
168.650060,card2,2800,2800,2.5 GT/s PCIe,1
168.650060,card3,400,400,2.5 GT/s PCIe,1
168.700050,card2,2800,2800,2.5 GT/s PCIe,1
168.700050,card3,400,400,2.5 GT/s PCIe,1
168.750058,card2,2800,2800,2.5 GT/s PCIe,1
168.750058,card3,400,400,2.5 GT/s PCIe,1
168.800050,card2,2800,2800,2.5 GT/s PCIe,1
168.800050,card3,400,400,2.5 GT/s PCIe,1
168.850050,card2,2800,2800,2.5 GT/s PCIe,1
168.850050,card3,400,400,2.5 GT/s PCIe,1
168.900049,card2,2800,2800,2.5 GT/s PCIe,1
168.900049,card3,400,400,2.5 GT/s PCIe,1
168.950056,card2,2800,2800,2.5 GT/s PCIe,1
168.950056,card3,400,400,2.5 GT/s PCIe,1
169.000050,card2,2800,2800,2.5 GT/s PCIe,1
169.000050,card3,400,400,2.5 GT/s PCIe,1
169.050054,card2,2800,2800,2.5 GT/s PCIe,1
169.050054,card3,400,400,2.5 GT/s PCIe,1
169.100049,card2,2800,2600,2.5 GT/s PCIe,1
169.100049,card3,400,400,2.5 GT/s PCIe,1
169.150059,card2,2800,2650,2.5 GT/s PCIe,1
169.150059,card3,400,400,2.5 GT/s PCIe,1
169.200049,card2,2800,2600,2.5 GT/s PCIe,1
169.200049,card3,400,400,2.5 GT/s PCIe,1
169.250048,card2,2800,2750,2.5 GT/s PCIe,1
169.250048,card3,400,400,2.5 GT/s PCIe,1
169.300059,card2,2800,2800,2.5 GT/s PCIe,1
169.300059,card3,400,400,2.5 GT/s PCIe,1
169.350058,card2,2800,2600,2.5 GT/s PCIe,1
169.350058,card3,400,400,2.5 GT/s PCIe,1
169.400049,card2,2800,2667,2.5 GT/s PCIe,1
169.400049,card3,400,400,2.5 GT/s PCIe,1
169.450049,card2,2800,2600,2.5 GT/s PCIe,1
169.450049,card3,400,400,2.5 GT/s PCIe,1
169.500049,card2,2800,2700,2.5 GT/s PCIe,1
169.500049,card3,400,400,2.5 GT/s PCIe,1
169.550059,card2,2800,2800,2.5 GT/s PCIe,1
169.550059,card3,400,400,2.5 GT/s PCIe,1
169.600050,card2,2800,2600,2.5 GT/s PCIe,1
169.600050,card3,400,400,2.5 GT/s PCIe,1
169.650052,card2,2800,2667,2.5 GT/s PCIe,1
169.650052,card3,400,400,2.5 GT/s PCIe,1
169.700049,card2,2800,2650,2.5 GT/s PCIe,1
169.700049,card3,400,400,2.5 GT/s PCIe,1
169.750048,card2,2800,2600,2.5 GT/s PCIe,1
169.750048,card3,400,400,2.5 GT/s PCIe,1
169.800048,card2,2800,2800,2.5 GT/s PCIe,1
169.800048,card3,400,517,2.5 GT/s PCIe,1
169.850059,card2,2800,2800,2.5 GT/s PCIe,1
169.850059,card3,400,517,2.5 GT/s PCIe,1
169.900048,card2,2800,2600,2.5 GT/s PCIe,1
169.900048,card3,400,400,2.5 GT/s PCIe,1
169.950060,card2,2800,2650,2.5 GT/s PCIe,1
169.950060,card3,400,400,2.5 GT/s PCIe,1
170.000052,card2,2800,2600,2.5 GT/s PCIe,1
170.000052,card3,400,400,2.5 GT/s PCIe,1
170.050059,card2,2800,2800,2.5 GT/s PCIe,1
170.050059,card3,400,400,2.5 GT/s PCIe,1
170.100051,card2,2800,2800,2.5 GT/s PCIe,1
170.100051,card3,400,400,2.5 GT/s PCIe,1
170.150049,card2,2800,2600,2.5 GT/s PCIe,1
170.150049,card3,400,400,2.5 GT/s PCIe,1
170.200059,card2,2800,2600,2.5 GT/s PCIe,1
170.200059,card3,400,400,2.5 GT/s PCIe,1
170.250055,card2,2800,2617,2.5 GT/s PCIe,1
170.250055,card3,400,400,2.5 GT/s PCIe,1
170.300048,card2,2800,2783,2.5 GT/s PCIe,1
170.300048,card3,400,517,2.5 GT/s PCIe,1
170.350051,card2,2800,2633,2.5 GT/s PCIe,1
170.350051,card3,400,400,2.5 GT/s PCIe,1
170.400059,card2,2800,2800,2.5 GT/s PCIe,1
170.400059,card3,400,400,2.5 GT/s PCIe,1
170.450059,card2,2800,2800,2.5 GT/s PCIe,1
170.450059,card3,400,400,2.5 GT/s PCIe,1
170.500061,card2,1967,2000,2.5 GT/s PCIe,1
170.500061,card3,400,400,2.5 GT/s PCIe,1
170.550072,card2,1967,2000,2.5 GT/s PCIe,1
170.550072,card3,400,517,2.5 GT/s PCIe,1
170.600065,card2,1383,1400,2.5 GT/s PCIe,1
170.600065,card3,400,400,2.5 GT/s PCIe,1
170.650079,card2,983,1000,2.5 GT/s PCIe,1
170.650079,card3,400,517,2.5 GT/s PCIe,1
170.700053,card2,983,1000,2.5 GT/s PCIe,1
170.700053,card3,400,400,2.5 GT/s PCIe,1
170.750049,card2,983,1000,2.5 GT/s PCIe,1
170.750049,card3,400,400,2.5 GT/s PCIe,1
170.800059,card2,983,1000,2.5 GT/s PCIe,1
170.800059,card3,400,400,2.5 GT/s PCIe,1
170.850050,card2,983,1000,2.5 GT/s PCIe,1
170.850050,card3,400,400,2.5 GT/s PCIe,1
170.900061,card2,650,650,2.5 GT/s PCIe,1
170.900061,card3,400,517,2.5 GT/s PCIe,1
170.950080,card2,650,650,2.5 GT/s PCIe,1
170.950080,card3,400,400,2.5 GT/s PCIe,1
171.000062,card2,467,500,2.5 GT/s PCIe,1
171.000062,card3,400,400,2.5 GT/s PCIe,1
171.050055,card2,467,500,2.5 GT/s PCIe,1
171.050055,card3,400,400,2.5 GT/s PCIe,1
171.100050,card2,400,400,2.5 GT/s PCIe,1
171.100050,card3,400,400,2.5 GT/s PCIe,1
171.150059,card2,400,400,2.5 GT/s PCIe,1
171.150059,card3,400,400,2.5 GT/s PCIe,1
171.200050,card2,400,400,2.5 GT/s PCIe,1
171.200050,card3,400,400,2.5 GT/s PCIe,1
171.250056,card2,400,400,2.5 GT/s PCIe,1
171.250056,card3,400,400,2.5 GT/s PCIe,1
171.300063,card2,400,400,2.5 GT/s PCIe,1
171.300063,card3,400,400,2.5 GT/s PCIe,1
171.350058,card2,400,400,2.5 GT/s PCIe,1
171.350058,card3,400,400,2.5 GT/s PCIe,1
171.400053,card2,400,400,2.5 GT/s PCIe,1
171.400053,card3,400,400,2.5 GT/s PCIe,1
171.450052,card2,400,400,2.5 GT/s PCIe,1
171.450052,card3,400,400,2.5 GT/s PCIe,1
171.500055,card2,400,400,2.5 GT/s PCIe,1
171.500055,card3,400,400,2.5 GT/s PCIe,1
171.550051,card2,400,400,2.5 GT/s PCIe,1
171.550051,card3,400,400,2.5 GT/s PCIe,1
171.600061,card2,400,517,2.5 GT/s PCIe,1
171.600061,card3,400,517,2.5 GT/s PCIe,1
171.650061,card2,400,400,2.5 GT/s PCIe,1
171.650061,card3,400,400,2.5 GT/s PCIe,1
171.700059,card2,400,400,2.5 GT/s PCIe,1
171.700059,card3,400,400,2.5 GT/s PCIe,1
171.750063,card2,400,400,2.5 GT/s PCIe,1
171.750063,card3,400,517,2.5 GT/s PCIe,1
171.800055,card2,400,400,2.5 GT/s PCIe,1
171.800055,card3,400,400,2.5 GT/s PCIe,1
171.850062,card2,400,400,2.5 GT/s PCIe,1
171.850062,card3,400,400,2.5 GT/s PCIe,1
171.900055,card2,400,400,2.5 GT/s PCIe,1
171.900055,card3,400,400,2.5 GT/s PCIe,1
171.950057,card2,400,400,2.5 GT/s PCIe,1
171.950057,card3,400,400,2.5 GT/s PCIe,1
172.000055,card2,400,517,2.5 GT/s PCIe,1
172.000055,card3,400,517,2.5 GT/s PCIe,1
172.050069,card2,400,400,2.5 GT/s PCIe,1
172.050069,card3,400,400,2.5 GT/s PCIe,1
172.100056,card2,400,400,2.5 GT/s PCIe,1
172.100056,card3,400,400,2.5 GT/s PCIe,1
172.150064,card2,400,400,2.5 GT/s PCIe,1
172.150064,card3,400,400,2.5 GT/s PCIe,1
172.200068,card2,400,400,2.5 GT/s PCIe,1
172.200068,card3,400,400,2.5 GT/s PCIe,1
172.250059,card2,400,400,2.5 GT/s PCIe,1
172.250059,card3,400,400,2.5 GT/s PCIe,1
172.300062,card2,400,400,2.5 GT/s PCIe,1
172.300062,card3,400,517,2.5 GT/s PCIe,1
172.350069,card2,400,400,2.5 GT/s PCIe,1
172.350069,card3,400,400,2.5 GT/s PCIe,1
172.400066,card2,400,400,2.5 GT/s PCIe,1
172.400066,card3,400,400,2.5 GT/s PCIe,1
172.450071,card2,400,400,2.5 GT/s PCIe,1
172.450071,card3,400,517,2.5 GT/s PCIe,1
172.500059,card2,400,400,2.5 GT/s PCIe,1
172.500059,card3,400,400,2.5 GT/s PCIe,1
172.550056,card2,400,400,2.5 GT/s PCIe,1
172.550056,card3,400,400,2.5 GT/s PCIe,1
172.600051,card2,400,400,2.5 GT/s PCIe,1
172.600051,card3,400,400,2.5 GT/s PCIe,1
172.650074,card2,400,400,2.5 GT/s PCIe,1
172.650074,card3,400,517,2.5 GT/s PCIe,1
172.700054,card2,400,400,2.5 GT/s PCIe,1
172.700054,card3,400,400,2.5 GT/s PCIe,1
172.750053,card2,400,400,2.5 GT/s PCIe,1
172.750053,card3,400,400,2.5 GT/s PCIe,1
172.800054,card2,400,400,2.5 GT/s PCIe,1
172.800054,card3,400,400,2.5 GT/s PCIe,1
172.850060,card2,400,400,2.5 GT/s PCIe,1
172.850060,card3,400,400,2.5 GT/s PCIe,1
172.900066,card2,400,400,2.5 GT/s PCIe,1
172.900066,card3,400,400,2.5 GT/s PCIe,1
172.950058,card2,400,400,2.5 GT/s PCIe,1
172.950058,card3,400,400,2.5 GT/s PCIe,1
173.000065,card2,400,400,2.5 GT/s PCIe,1
173.000065,card3,400,400,2.5 GT/s PCIe,1
173.050070,card2,400,400,2.5 GT/s PCIe,1
173.050070,card3,400,400,2.5 GT/s PCIe,1
173.100062,card2,400,400,2.5 GT/s PCIe,1
173.100062,card3,400,400,2.5 GT/s PCIe,1
173.150077,card2,400,400,2.5 GT/s PCIe,1
173.150077,card3,400,400,2.5 GT/s PCIe,1
173.200062,card2,400,400,2.5 GT/s PCIe,1
173.200062,card3,400,400,2.5 GT/s PCIe,1
173.250056,card2,400,400,2.5 GT/s PCIe,1
173.250056,card3,400,400,2.5 GT/s PCIe,1
173.300074,card2,400,400,2.5 GT/s PCIe,1
173.300074,card3,400,400,2.5 GT/s PCIe,1
173.350084,card2,400,400,2.5 GT/s PCIe,1
173.350084,card3,400,400,2.5 GT/s PCIe,1
173.400055,card2,400,400,2.5 GT/s PCIe,1
173.400055,card3,400,400,2.5 GT/s PCIe,1
173.450070,card2,400,400,2.5 GT/s PCIe,1
173.450070,card3,400,400,2.5 GT/s PCIe,1
173.500067,card2,400,400,2.5 GT/s PCIe,1
173.500067,card3,400,400,2.5 GT/s PCIe,1
173.550069,card2,400,400,2.5 GT/s PCIe,1
173.550069,card3,400,400,2.5 GT/s PCIe,1
173.600070,card2,400,400,2.5 GT/s PCIe,1
173.600070,card3,400,400,2.5 GT/s PCIe,1
173.650060,card2,400,400,2.5 GT/s PCIe,1
173.650060,card3,400,400,2.5 GT/s PCIe,1
173.700060,card2,400,400,2.5 GT/s PCIe,1
173.700060,card3,400,400,2.5 GT/s PCIe,1
173.750058,card2,400,400,2.5 GT/s PCIe,1
173.750058,card3,400,400,2.5 GT/s PCIe,1
173.800061,card2,400,400,2.5 GT/s PCIe,1
173.800061,card3,400,400,2.5 GT/s PCIe,1
173.850060,card2,400,400,2.5 GT/s PCIe,1
173.850060,card3,400,400,2.5 GT/s PCIe,1
173.900068,card2,400,400,2.5 GT/s PCIe,1
173.900068,card3,400,400,2.5 GT/s PCIe,1
173.950058,card2,400,400,2.5 GT/s PCIe,1
173.950058,card3,400,400,2.5 GT/s PCIe,1
174.000058,card2,400,400,2.5 GT/s PCIe,1
174.000058,card3,400,400,2.5 GT/s PCIe,1
174.050070,card2,400,400,2.5 GT/s PCIe,1
174.050070,card3,400,400,2.5 GT/s PCIe,1
174.100065,card2,400,400,2.5 GT/s PCIe,1
174.100065,card3,400,400,2.5 GT/s PCIe,1
174.150051,card2,400,400,2.5 GT/s PCIe,1
174.150051,card3,400,400,2.5 GT/s PCIe,1
174.200050,card2,400,400,2.5 GT/s PCIe,1
174.200050,card3,400,400,2.5 GT/s PCIe,1
174.250059,card2,400,400,2.5 GT/s PCIe,1
174.250059,card3,400,400,2.5 GT/s PCIe,1
174.300062,card2,400,400,2.5 GT/s PCIe,1
174.300062,card3,400,400,2.5 GT/s PCIe,1
174.350068,card2,400,400,2.5 GT/s PCIe,1
174.350068,card3,400,400,2.5 GT/s PCIe,1
174.400061,card2,400,400,2.5 GT/s PCIe,1
174.400061,card3,400,400,2.5 GT/s PCIe,1
174.450061,card2,400,400,2.5 GT/s PCIe,1
174.450061,card3,400,400,2.5 GT/s PCIe,1
174.500049,card2,400,400,2.5 GT/s PCIe,1
174.500049,card3,400,400,2.5 GT/s PCIe,1
174.550050,card2,400,400,2.5 GT/s PCIe,1
174.550050,card3,400,517,2.5 GT/s PCIe,1
174.600061,card2,400,400,2.5 GT/s PCIe,1
174.600061,card3,400,400,2.5 GT/s PCIe,1
174.650059,card2,400,400,2.5 GT/s PCIe,1
174.650059,card3,400,400,2.5 GT/s PCIe,1
174.700066,card2,400,400,2.5 GT/s PCIe,1
174.700066,card3,400,400,2.5 GT/s PCIe,1
174.750058,card2,400,400,2.5 GT/s PCIe,1
174.750058,card3,400,400,2.5 GT/s PCIe,1
174.800060,card2,400,400,2.5 GT/s PCIe,1
174.800060,card3,400,517,2.5 GT/s PCIe,1
174.850050,card2,400,400,2.5 GT/s PCIe,1
174.850050,card3,400,400,2.5 GT/s PCIe,1
174.900049,card2,400,400,2.5 GT/s PCIe,1
174.900049,card3,400,400,2.5 GT/s PCIe,1
174.950050,card2,400,400,2.5 GT/s PCIe,1
174.950050,card3,400,400,2.5 GT/s PCIe,1
175.000048,card2,400,400,2.5 GT/s PCIe,1
175.000048,card3,400,517,2.5 GT/s PCIe,1
175.050068,card2,400,400,2.5 GT/s PCIe,1
175.050068,card3,400,400,2.5 GT/s PCIe,1
175.100049,card2,400,400,2.5 GT/s PCIe,1
175.100049,card3,400,400,2.5 GT/s PCIe,1
175.150050,card2,400,400,2.5 GT/s PCIe,1
175.150050,card3,400,400,2.5 GT/s PCIe,1
175.200049,card2,400,400,2.5 GT/s PCIe,1
175.200049,card3,400,400,2.5 GT/s PCIe,1
175.250048,card2,400,400,2.5 GT/s PCIe,1
175.250048,card3,400,400,2.5 GT/s PCIe,1
175.300060,card2,400,400,2.5 GT/s PCIe,1
175.300060,card3,400,400,2.5 GT/s PCIe,1
175.350094,card2,400,400,2.5 GT/s PCIe,1
175.350094,card3,400,400,2.5 GT/s PCIe,1
175.400053,card2,400,400,2.5 GT/s PCIe,1
175.400053,card3,400,400,2.5 GT/s PCIe,1
175.450050,card2,400,400,2.5 GT/s PCIe,1
175.450050,card3,400,400,2.5 GT/s PCIe,1
175.500049,card2,400,400,2.5 GT/s PCIe,1
175.500049,card3,400,517,2.5 GT/s PCIe,1
175.550055,card2,400,400,2.5 GT/s PCIe,1
175.550055,card3,400,400,2.5 GT/s PCIe,1
175.600057,card2,400,400,2.5 GT/s PCIe,1
175.600057,card3,400,400,2.5 GT/s PCIe,1
175.650062,card2,400,400,2.5 GT/s PCIe,1
175.650062,card3,400,400,2.5 GT/s PCIe,1
175.700069,card2,400,400,2.5 GT/s PCIe,1
175.700069,card3,400,400,2.5 GT/s PCIe,1
175.750066,card2,400,400,2.5 GT/s PCIe,1
175.750066,card3,400,517,2.5 GT/s PCIe,1
175.800065,card2,400,400,2.5 GT/s PCIe,1
175.800065,card3,400,400,2.5 GT/s PCIe,1
175.850065,card2,400,400,2.5 GT/s PCIe,1
175.850065,card3,400,400,2.5 GT/s PCIe,1
175.900049,card2,400,400,2.5 GT/s PCIe,1
175.900049,card3,400,517,2.5 GT/s PCIe,1
175.950059,card2,400,400,2.5 GT/s PCIe,1
175.950059,card3,400,400,2.5 GT/s PCIe,1
176.000050,card2,400,400,2.5 GT/s PCIe,1
176.000050,card3,400,400,2.5 GT/s PCIe,1
176.050050,card2,400,400,2.5 GT/s PCIe,1
176.050050,card3,400,400,2.5 GT/s PCIe,1
176.100050,card2,400,400,2.5 GT/s PCIe,1
176.100050,card3,400,400,2.5 GT/s PCIe,1
176.150050,card2,400,400,2.5 GT/s PCIe,1
176.150050,card3,400,400,2.5 GT/s PCIe,1
176.200059,card2,400,400,2.5 GT/s PCIe,1
176.200059,card3,400,400,2.5 GT/s PCIe,1
176.250059,card2,400,400,2.5 GT/s PCIe,1
176.250059,card3,400,517,2.5 GT/s PCIe,1
176.300050,card2,400,400,2.5 GT/s PCIe,1
176.300050,card3,400,400,2.5 GT/s PCIe,1
176.350059,card2,400,400,2.5 GT/s PCIe,1
176.350059,card3,400,400,2.5 GT/s PCIe,1
176.400050,card2,400,400,2.5 GT/s PCIe,1
176.400050,card3,400,400,2.5 GT/s PCIe,1
176.450096,card2,400,400,2.5 GT/s PCIe,1
176.450096,card3,400,400,2.5 GT/s PCIe,1
176.500049,card2,400,400,2.5 GT/s PCIe,1
176.500049,card3,400,400,2.5 GT/s PCIe,1
176.550050,card2,400,400,2.5 GT/s PCIe,1
176.550050,card3,400,400,2.5 GT/s PCIe,1
176.600050,card2,400,400,2.5 GT/s PCIe,1
176.600050,card3,400,517,2.5 GT/s PCIe,1
176.650061,card2,400,400,2.5 GT/s PCIe,1
176.650061,card3,400,400,2.5 GT/s PCIe,1
176.700050,card2,400,400,2.5 GT/s PCIe,1
176.700050,card3,400,400,2.5 GT/s PCIe,1
176.750053,card2,400,400,2.5 GT/s PCIe,1
176.750053,card3,400,400,2.5 GT/s PCIe,1
176.800051,card2,400,400,2.5 GT/s PCIe,1
176.800051,card3,400,400,2.5 GT/s PCIe,1
176.850060,card2,400,400,2.5 GT/s PCIe,1
176.850060,card3,400,400,2.5 GT/s PCIe,1
176.900050,card2,400,400,2.5 GT/s PCIe,1
176.900050,card3,400,400,2.5 GT/s PCIe,1
176.950049,card2,400,400,2.5 GT/s PCIe,1
176.950049,card3,400,400,2.5 GT/s PCIe,1
177.000049,card2,400,400,2.5 GT/s PCIe,1
177.000049,card3,400,400,2.5 GT/s PCIe,1
177.050374,card2,400,517,2.5 GT/s PCIe,1
177.050374,card3,400,517,2.5 GT/s PCIe,1
177.100059,card2,400,400,2.5 GT/s PCIe,1
177.100059,card3,400,400,2.5 GT/s PCIe,1
177.150049,card2,400,400,2.5 GT/s PCIe,1
177.150049,card3,400,400,2.5 GT/s PCIe,1
177.200058,card2,400,400,2.5 GT/s PCIe,1
177.200058,card3,400,400,2.5 GT/s PCIe,1
177.250062,card2,400,400,2.5 GT/s PCIe,1
177.250062,card3,400,400,2.5 GT/s PCIe,1
177.300050,card2,400,400,2.5 GT/s PCIe,1
177.300050,card3,400,400,2.5 GT/s PCIe,1
177.350051,card2,400,400,2.5 GT/s PCIe,1
177.350051,card3,400,400,2.5 GT/s PCIe,1
177.400051,card2,400,400,2.5 GT/s PCIe,1
177.400051,card3,400,400,2.5 GT/s PCIe,1
177.450052,card2,400,400,2.5 GT/s PCIe,1
177.450052,card3,400,400,2.5 GT/s PCIe,1
177.500049,card2,400,400,2.5 GT/s PCIe,1
177.500049,card3,400,400,2.5 GT/s PCIe,1
177.550048,card2,400,400,2.5 GT/s PCIe,1
177.550048,card3,400,400,2.5 GT/s PCIe,1
177.600059,card2,400,400,2.5 GT/s PCIe,1
177.600059,card3,400,400,2.5 GT/s PCIe,1
177.650050,card2,400,400,2.5 GT/s PCIe,1
177.650050,card3,400,400,2.5 GT/s PCIe,1
177.700061,card2,400,400,2.5 GT/s PCIe,1
177.700061,card3,400,400,2.5 GT/s PCIe,1
177.750057,card2,400,400,2.5 GT/s PCIe,1
177.750057,card3,400,400,2.5 GT/s PCIe,1
177.800053,card2,400,400,2.5 GT/s PCIe,1
177.800053,card3,400,400,2.5 GT/s PCIe,1
177.850049,card2,400,400,2.5 GT/s PCIe,1
177.850049,card3,400,400,2.5 GT/s PCIe,1
177.900053,card2,400,400,2.5 GT/s PCIe,1
177.900053,card3,400,517,2.5 GT/s PCIe,1
177.950050,card2,400,400,2.5 GT/s PCIe,1
177.950050,card3,400,400,2.5 GT/s PCIe,1
178.000051,card2,400,400,2.5 GT/s PCIe,1
178.000051,card3,400,400,2.5 GT/s PCIe,1
178.050049,card2,400,400,2.5 GT/s PCIe,1
178.050049,card3,400,400,2.5 GT/s PCIe,1
178.100050,card2,400,400,2.5 GT/s PCIe,1
178.100050,card3,400,400,2.5 GT/s PCIe,1
178.150079,card2,400,400,2.5 GT/s PCIe,1
178.150079,card3,400,400,2.5 GT/s PCIe,1
178.200061,card2,400,400,2.5 GT/s PCIe,1
178.200061,card3,400,400,2.5 GT/s PCIe,1
178.250050,card2,400,400,2.5 GT/s PCIe,1
178.250050,card3,400,400,2.5 GT/s PCIe,1
178.300049,card2,400,400,2.5 GT/s PCIe,1
178.300049,card3,400,400,2.5 GT/s PCIe,1
178.350049,card2,400,400,2.5 GT/s PCIe,1
178.350049,card3,400,400,2.5 GT/s PCIe,1
178.400048,card2,400,400,2.5 GT/s PCIe,1
178.400048,card3,400,400,2.5 GT/s PCIe,1
178.450048,card2,400,400,2.5 GT/s PCIe,1
178.450048,card3,400,400,2.5 GT/s PCIe,1
178.500058,card2,400,400,2.5 GT/s PCIe,1
178.500058,card3,400,400,2.5 GT/s PCIe,1
178.550050,card2,400,400,2.5 GT/s PCIe,1
178.550050,card3,400,400,2.5 GT/s PCIe,1
178.600061,card2,400,400,2.5 GT/s PCIe,1
178.600061,card3,400,400,2.5 GT/s PCIe,1
178.650050,card2,400,517,2.5 GT/s PCIe,1
178.650050,card3,400,517,2.5 GT/s PCIe,1
178.700058,card2,400,400,2.5 GT/s PCIe,1
178.700058,card3,400,400,2.5 GT/s PCIe,1
178.750049,card2,400,400,2.5 GT/s PCIe,1
178.750049,card3,400,400,2.5 GT/s PCIe,1
178.800067,card2,400,400,2.5 GT/s PCIe,1
178.800067,card3,400,400,2.5 GT/s PCIe,1
178.850048,card2,400,400,2.5 GT/s PCIe,1
178.850048,card3,400,400,2.5 GT/s PCIe,1
178.900059,card2,400,400,2.5 GT/s PCIe,1
178.900059,card3,400,400,2.5 GT/s PCIe,1
178.950056,card2,400,400,2.5 GT/s PCIe,1
178.950056,card3,400,400,2.5 GT/s PCIe,1
179.000065,card2,400,400,2.5 GT/s PCIe,1
179.000065,card3,400,400,2.5 GT/s PCIe,1
179.050049,card2,400,400,2.5 GT/s PCIe,1
179.050049,card3,400,400,2.5 GT/s PCIe,1
179.100063,card2,400,400,2.5 GT/s PCIe,1
179.100063,card3,400,400,2.5 GT/s PCIe,1
179.150050,card2,400,400,2.5 GT/s PCIe,1
179.150050,card3,400,400,2.5 GT/s PCIe,1
179.200059,card2,400,400,2.5 GT/s PCIe,1
179.200059,card3,400,400,2.5 GT/s PCIe,1
179.250059,card2,400,400,2.5 GT/s PCIe,1
179.250059,card3,400,400,2.5 GT/s PCIe,1
179.300390,card2,400,517,2.5 GT/s PCIe,1
179.300390,card3,400,517,2.5 GT/s PCIe,1
179.350063,card2,400,400,2.5 GT/s PCIe,1
179.350063,card3,400,400,2.5 GT/s PCIe,1
179.400070,card2,400,400,2.5 GT/s PCIe,1
179.400070,card3,400,400,2.5 GT/s PCIe,1
179.450072,card2,400,400,2.5 GT/s PCIe,1
179.450072,card3,400,400,2.5 GT/s PCIe,1
179.500050,card2,400,400,2.5 GT/s PCIe,1
179.500050,card3,400,400,2.5 GT/s PCIe,1
179.550049,card2,400,400,2.5 GT/s PCIe,1
179.550049,card3,400,400,2.5 GT/s PCIe,1
179.600050,card2,400,400,2.5 GT/s PCIe,1
179.600050,card3,400,400,2.5 GT/s PCIe,1
179.650057,card2,400,400,2.5 GT/s PCIe,1
179.650057,card3,400,400,2.5 GT/s PCIe,1
179.700050,card2,400,400,2.5 GT/s PCIe,1
179.700050,card3,400,400,2.5 GT/s PCIe,1
179.750049,card2,400,400,2.5 GT/s PCIe,1
179.750049,card3,400,400,2.5 GT/s PCIe,1
179.800060,card2,400,400,2.5 GT/s PCIe,1
179.800060,card3,400,400,2.5 GT/s PCIe,1
179.850050,card2,400,400,2.5 GT/s PCIe,1
179.850050,card3,400,400,2.5 GT/s PCIe,1
179.900049,card2,400,400,2.5 GT/s PCIe,1
179.900049,card3,400,400,2.5 GT/s PCIe,1
179.950058,card2,400,400,2.5 GT/s PCIe,1
179.950058,card3,400,400,2.5 GT/s PCIe,1
180.000049,card2,400,400,2.5 GT/s PCIe,1
180.000049,card3,400,400,2.5 GT/s PCIe,1
180.050051,card2,400,400,2.5 GT/s PCIe,1
180.050051,card3,400,400,2.5 GT/s PCIe,1
180.100049,card2,400,400,2.5 GT/s PCIe,1
180.100049,card3,400,400,2.5 GT/s PCIe,1
180.150058,card2,400,400,2.5 GT/s PCIe,1
180.150058,card3,400,400,2.5 GT/s PCIe,1
180.200068,card2,400,400,2.5 GT/s PCIe,1
180.200068,card3,400,400,2.5 GT/s PCIe,1
180.250050,card2,400,400,2.5 GT/s PCIe,1
180.250050,card3,400,400,2.5 GT/s PCIe,1
180.300049,card2,400,400,2.5 GT/s PCIe,1
180.300049,card3,400,400,2.5 GT/s PCIe,1
180.350061,card2,400,400,2.5 GT/s PCIe,1
180.350061,card3,400,400,2.5 GT/s PCIe,1
180.400070,card2,400,400,2.5 GT/s PCIe,1
180.400070,card3,400,400,2.5 GT/s PCIe,1
180.450072,card2,400,400,2.5 GT/s PCIe,1
180.450072,card3,400,400,2.5 GT/s PCIe,1
180.500050,card2,400,400,2.5 GT/s PCIe,1
180.500050,card3,400,400,2.5 GT/s PCIe,1
180.550049,card2,400,400,2.5 GT/s PCIe,1
180.550049,card3,400,400,2.5 GT/s PCIe,1
180.600049,card2,400,400,2.5 GT/s PCIe,1
180.600049,card3,400,400,2.5 GT/s PCIe,1
180.650052,card2,400,400,2.5 GT/s PCIe,1
180.650052,card3,400,400,2.5 GT/s PCIe,1
180.700062,card2,400,400,2.5 GT/s PCIe,1
180.700062,card3,400,400,2.5 GT/s PCIe,1
180.750059,card2,400,400,2.5 GT/s PCIe,1
180.750059,card3,400,400,2.5 GT/s PCIe,1
180.800049,card2,400,400,2.5 GT/s PCIe,1
180.800049,card3,400,400,2.5 GT/s PCIe,1
180.850060,card2,400,400,2.5 GT/s PCIe,1
180.850060,card3,400,400,2.5 GT/s PCIe,1
180.900059,card2,400,400,2.5 GT/s PCIe,1
180.900059,card3,400,400,2.5 GT/s PCIe,1
180.950053,card2,400,400,2.5 GT/s PCIe,1
180.950053,card3,400,400,2.5 GT/s PCIe,1
181.000049,card2,400,400,2.5 GT/s PCIe,1
181.000049,card3,400,400,2.5 GT/s PCIe,1
181.050059,card2,400,400,2.5 GT/s PCIe,1
181.050059,card3,400,400,2.5 GT/s PCIe,1
181.100049,card2,400,400,2.5 GT/s PCIe,1
181.100049,card3,400,400,2.5 GT/s PCIe,1
181.150059,card2,400,400,2.5 GT/s PCIe,1
181.150059,card3,400,400,2.5 GT/s PCIe,1
181.200059,card2,400,400,2.5 GT/s PCIe,1
181.200059,card3,400,400,2.5 GT/s PCIe,1
181.250050,card2,400,400,2.5 GT/s PCIe,1
181.250050,card3,400,400,2.5 GT/s PCIe,1
181.300049,card2,400,400,2.5 GT/s PCIe,1
181.300049,card3,400,400,2.5 GT/s PCIe,1
181.350061,card2,400,400,2.5 GT/s PCIe,1
181.350061,card3,400,400,2.5 GT/s PCIe,1
181.400051,card2,400,517,2.5 GT/s PCIe,1
181.400051,card3,400,517,2.5 GT/s PCIe,1
181.450049,card2,400,400,2.5 GT/s PCIe,1
181.450049,card3,400,400,2.5 GT/s PCIe,1
181.500049,card2,400,400,2.5 GT/s PCIe,1
181.500049,card3,400,400,2.5 GT/s PCIe,1
181.550069,card2,400,400,2.5 GT/s PCIe,1
181.550069,card3,400,400,2.5 GT/s PCIe,1
181.600060,card2,400,400,2.5 GT/s PCIe,1
181.600060,card3,400,400,2.5 GT/s PCIe,1
181.650057,card2,400,400,2.5 GT/s PCIe,1
181.650057,card3,400,400,2.5 GT/s PCIe,1
181.700066,card2,400,400,2.5 GT/s PCIe,1
181.700066,card3,400,400,2.5 GT/s PCIe,1
181.750069,card2,400,400,2.5 GT/s PCIe,1
181.750069,card3,400,400,2.5 GT/s PCIe,1
181.800076,card2,400,400,2.5 GT/s PCIe,1
181.800076,card3,400,400,2.5 GT/s PCIe,1
181.850050,card2,400,400,2.5 GT/s PCIe,1
181.850050,card3,400,400,2.5 GT/s PCIe,1
181.900050,card2,400,400,2.5 GT/s PCIe,1
181.900050,card3,400,400,2.5 GT/s PCIe,1
181.950050,card2,400,400,2.5 GT/s PCIe,1
181.950050,card3,400,400,2.5 GT/s PCIe,1
182.000050,card2,400,400,2.5 GT/s PCIe,1
182.000050,card3,400,400,2.5 GT/s PCIe,1
182.050049,card2,400,400,2.5 GT/s PCIe,1
182.050049,card3,400,400,2.5 GT/s PCIe,1
182.100059,card2,400,400,2.5 GT/s PCIe,1
182.100059,card3,400,400,2.5 GT/s PCIe,1
182.150058,card2,400,400,2.5 GT/s PCIe,1
182.150058,card3,400,400,2.5 GT/s PCIe,1
182.200051,card2,400,400,2.5 GT/s PCIe,1
182.200051,card3,400,400,2.5 GT/s PCIe,1
182.250063,card2,400,400,2.5 GT/s PCIe,1
182.250063,card3,400,400,2.5 GT/s PCIe,1
182.300069,card2,400,400,2.5 GT/s PCIe,1
182.300069,card3,400,400,2.5 GT/s PCIe,1
182.350070,card2,400,400,2.5 GT/s PCIe,1
182.350070,card3,400,400,2.5 GT/s PCIe,1
182.400075,card2,400,400,2.5 GT/s PCIe,1
182.400075,card3,400,400,2.5 GT/s PCIe,1
182.450050,card2,400,400,2.5 GT/s PCIe,1
182.450050,card3,400,400,2.5 GT/s PCIe,1
182.500067,card2,400,400,2.5 GT/s PCIe,1
182.500067,card3,400,400,2.5 GT/s PCIe,1
182.550061,card2,400,400,2.5 GT/s PCIe,1
182.550061,card3,400,400,2.5 GT/s PCIe,1
182.600050,card2,400,400,2.5 GT/s PCIe,1
182.600050,card3,400,400,2.5 GT/s PCIe,1
182.650058,card2,400,400,2.5 GT/s PCIe,1
182.650058,card3,400,400,2.5 GT/s PCIe,1
182.700050,card2,400,400,2.5 GT/s PCIe,1
182.700050,card3,400,517,2.5 GT/s PCIe,1
182.750049,card2,400,400,2.5 GT/s PCIe,1
182.750049,card3,400,400,2.5 GT/s PCIe,1
182.800050,card2,400,400,2.5 GT/s PCIe,1
182.800050,card3,400,400,2.5 GT/s PCIe,1
182.850071,card2,400,400,2.5 GT/s PCIe,1
182.850071,card3,400,400,2.5 GT/s PCIe,1
182.900057,card2,400,400,2.5 GT/s PCIe,1
182.900057,card3,400,400,2.5 GT/s PCIe,1
182.950057,card2,400,400,2.5 GT/s PCIe,1
182.950057,card3,400,400,2.5 GT/s PCIe,1
183.000050,card2,400,400,2.5 GT/s PCIe,1
183.000050,card3,400,517,2.5 GT/s PCIe,1
183.050061,card2,400,400,2.5 GT/s PCIe,1
183.050061,card3,400,400,2.5 GT/s PCIe,1
183.100069,card2,400,400,2.5 GT/s PCIe,1
183.100069,card3,400,400,2.5 GT/s PCIe,1
183.150087,card2,400,400,2.5 GT/s PCIe,1
183.150087,card3,400,400,2.5 GT/s PCIe,1
183.200068,card2,400,400,2.5 GT/s PCIe,1
183.200068,card3,400,400,2.5 GT/s PCIe,1
183.250052,card2,400,400,2.5 GT/s PCIe,1
183.250052,card3,400,400,2.5 GT/s PCIe,1
183.300053,card2,400,400,2.5 GT/s PCIe,1
183.300053,card3,400,400,2.5 GT/s PCIe,1
183.350068,card2,400,400,2.5 GT/s PCIe,1
183.350068,card3,400,400,2.5 GT/s PCIe,1
183.400063,card2,400,400,2.5 GT/s PCIe,1
183.400063,card3,400,400,2.5 GT/s PCIe,1
183.450074,card2,400,400,2.5 GT/s PCIe,1
183.450074,card3,400,400,2.5 GT/s PCIe,1
183.500050,card2,400,400,2.5 GT/s PCIe,1
183.500050,card3,400,517,2.5 GT/s PCIe,1
183.550066,card2,400,400,2.5 GT/s PCIe,1
183.550066,card3,400,400,2.5 GT/s PCIe,1
183.600049,card2,400,400,2.5 GT/s PCIe,1
183.600049,card3,400,400,2.5 GT/s PCIe,1
183.650051,card2,400,400,2.5 GT/s PCIe,1
183.650051,card3,400,400,2.5 GT/s PCIe,1
183.700049,card2,400,400,2.5 GT/s PCIe,1
183.700049,card3,400,400,2.5 GT/s PCIe,1
183.750067,card2,400,400,2.5 GT/s PCIe,1
183.750067,card3,400,400,2.5 GT/s PCIe,1
183.800050,card2,400,400,2.5 GT/s PCIe,1
183.800050,card3,400,400,2.5 GT/s PCIe,1
183.850060,card2,400,400,2.5 GT/s PCIe,1
183.850060,card3,400,400,2.5 GT/s PCIe,1
183.900049,card2,400,400,2.5 GT/s PCIe,1
183.900049,card3,400,400,2.5 GT/s PCIe,1
183.950059,card2,400,400,2.5 GT/s PCIe,1
183.950059,card3,400,400,2.5 GT/s PCIe,1
184.000060,card2,400,400,2.5 GT/s PCIe,1
184.000060,card3,400,400,2.5 GT/s PCIe,1
184.050052,card2,400,400,2.5 GT/s PCIe,1
184.050052,card3,400,400,2.5 GT/s PCIe,1
184.100050,card2,400,400,2.5 GT/s PCIe,1
184.100050,card3,400,400,2.5 GT/s PCIe,1
184.150070,card2,400,400,2.5 GT/s PCIe,1
184.150070,card3,400,400,2.5 GT/s PCIe,1
184.200072,card2,400,400,2.5 GT/s PCIe,1
184.200072,card3,400,400,2.5 GT/s PCIe,1
184.250060,card2,400,400,2.5 GT/s PCIe,1
184.250060,card3,400,400,2.5 GT/s PCIe,1
184.300051,card2,400,400,2.5 GT/s PCIe,1
184.300051,card3,400,400,2.5 GT/s PCIe,1
184.350050,card2,400,400,2.5 GT/s PCIe,1
184.350050,card3,400,400,2.5 GT/s PCIe,1
184.400050,card2,400,400,2.5 GT/s PCIe,1
184.400050,card3,400,400,2.5 GT/s PCIe,1
184.450070,card2,400,400,2.5 GT/s PCIe,1
184.450070,card3,400,400,2.5 GT/s PCIe,1
184.500050,card2,400,400,2.5 GT/s PCIe,1
184.500050,card3,400,400,2.5 GT/s PCIe,1
184.550072,card2,400,400,2.5 GT/s PCIe,1
184.550072,card3,400,400,2.5 GT/s PCIe,1
184.600072,card2,400,400,2.5 GT/s PCIe,1
184.600072,card3,400,400,2.5 GT/s PCIe,1
184.650099,card2,400,400,2.5 GT/s PCIe,1
184.650099,card3,400,400,2.5 GT/s PCIe,1
184.700071,card2,400,400,2.5 GT/s PCIe,1
184.700071,card3,400,400,2.5 GT/s PCIe,1
184.750051,card2,400,400,2.5 GT/s PCIe,1
184.750051,card3,400,400,2.5 GT/s PCIe,1
184.800049,card2,400,400,2.5 GT/s PCIe,1
184.800049,card3,400,400,2.5 GT/s PCIe,1
184.850060,card2,400,400,2.5 GT/s PCIe,1
184.850060,card3,400,400,2.5 GT/s PCIe,1
184.900060,card2,400,400,2.5 GT/s PCIe,1
184.900060,card3,400,400,2.5 GT/s PCIe,1
184.950063,card2,400,400,2.5 GT/s PCIe,1
184.950063,card3,400,400,2.5 GT/s PCIe,1
185.000362,card2,400,517,2.5 GT/s PCIe,1
185.000362,card3,400,400,2.5 GT/s PCIe,1
185.050051,card2,400,400,2.5 GT/s PCIe,1
185.050051,card3,400,400,2.5 GT/s PCIe,1
185.100375,card2,400,517,2.5 GT/s PCIe,1
185.100375,card3,400,517,2.5 GT/s PCIe,1
185.150063,card2,400,400,2.5 GT/s PCIe,1
185.150063,card3,400,400,2.5 GT/s PCIe,1
185.200060,card2,400,517,2.5 GT/s PCIe,1
185.200060,card3,400,517,2.5 GT/s PCIe,1
185.250071,card2,400,400,2.5 GT/s PCIe,1
185.250071,card3,400,400,2.5 GT/s PCIe,1
185.300057,card2,400,400,2.5 GT/s PCIe,1
185.300057,card3,400,400,2.5 GT/s PCIe,1
185.350049,card2,400,400,2.5 GT/s PCIe,1
185.350049,card3,400,400,2.5 GT/s PCIe,1
185.400058,card2,400,400,2.5 GT/s PCIe,1
185.400058,card3,400,400,2.5 GT/s PCIe,1
185.450057,card2,400,400,2.5 GT/s PCIe,1
185.450057,card3,400,400,2.5 GT/s PCIe,1
185.500086,card2,400,400,2.5 GT/s PCIe,1
185.500086,card3,400,400,2.5 GT/s PCIe,1
185.550100,card2,400,400,2.5 GT/s PCIe,1
185.550100,card3,400,400,2.5 GT/s PCIe,1
185.600066,card2,400,400,2.5 GT/s PCIe,1
185.600066,card3,400,400,2.5 GT/s PCIe,1
185.650072,card2,400,400,2.5 GT/s PCIe,1
185.650072,card3,400,400,2.5 GT/s PCIe,1
185.700070,card2,400,400,2.5 GT/s PCIe,1
185.700070,card3,400,400,2.5 GT/s PCIe,1
185.750059,card2,400,400,2.5 GT/s PCIe,1
185.750059,card3,400,400,2.5 GT/s PCIe,1
185.800067,card2,400,400,2.5 GT/s PCIe,1
185.800067,card3,400,400,2.5 GT/s PCIe,1
185.850060,card2,400,400,2.5 GT/s PCIe,1
185.850060,card3,400,400,2.5 GT/s PCIe,1
185.900068,card2,400,400,2.5 GT/s PCIe,1
185.900068,card3,400,400,2.5 GT/s PCIe,1
185.950067,card2,400,400,2.5 GT/s PCIe,1
185.950067,card3,400,400,2.5 GT/s PCIe,1
186.000059,card2,400,400,2.5 GT/s PCIe,1
186.000059,card3,400,400,2.5 GT/s PCIe,1
186.050073,card2,400,400,2.5 GT/s PCIe,1
186.050073,card3,400,400,2.5 GT/s PCIe,1
186.100353,card2,400,517,2.5 GT/s PCIe,1
186.100353,card3,400,517,2.5 GT/s PCIe,1
186.150055,card2,400,400,2.5 GT/s PCIe,1
186.150055,card3,400,400,2.5 GT/s PCIe,1
186.200071,card2,400,400,2.5 GT/s PCIe,1
186.200071,card3,400,400,2.5 GT/s PCIe,1
186.250062,card2,400,400,2.5 GT/s PCIe,1
186.250062,card3,400,517,2.5 GT/s PCIe,1
186.300054,card2,400,400,2.5 GT/s PCIe,1
186.300054,card3,400,400,2.5 GT/s PCIe,1
186.350054,card2,400,400,2.5 GT/s PCIe,1
186.350054,card3,400,400,2.5 GT/s PCIe,1
186.400072,card2,400,400,2.5 GT/s PCIe,1
186.400072,card3,400,400,2.5 GT/s PCIe,1
186.450049,card2,400,400,2.5 GT/s PCIe,1
186.450049,card3,400,400,2.5 GT/s PCIe,1
186.500050,card2,400,400,2.5 GT/s PCIe,1
186.500050,card3,400,400,2.5 GT/s PCIe,1
186.550060,card2,400,400,2.5 GT/s PCIe,1
186.550060,card3,400,400,2.5 GT/s PCIe,1
186.600066,card2,400,400,2.5 GT/s PCIe,1
186.600066,card3,400,400,2.5 GT/s PCIe,1
186.650051,card2,400,400,2.5 GT/s PCIe,1
186.650051,card3,400,400,2.5 GT/s PCIe,1
186.700051,card2,400,400,2.5 GT/s PCIe,1
186.700051,card3,400,400,2.5 GT/s PCIe,1
186.750065,card2,400,400,2.5 GT/s PCIe,1
186.750065,card3,400,400,2.5 GT/s PCIe,1
186.800069,card2,400,400,2.5 GT/s PCIe,1
186.800069,card3,400,400,2.5 GT/s PCIe,1
186.850049,card2,400,400,2.5 GT/s PCIe,1
186.850049,card3,400,400,2.5 GT/s PCIe,1
186.900068,card2,400,400,2.5 GT/s PCIe,1
186.900068,card3,400,400,2.5 GT/s PCIe,1
186.950067,card2,400,400,2.5 GT/s PCIe,1
186.950067,card3,400,400,2.5 GT/s PCIe,1
187.000051,card2,400,400,2.5 GT/s PCIe,1
187.000051,card3,400,400,2.5 GT/s PCIe,1
187.050050,card2,400,400,2.5 GT/s PCIe,1
187.050050,card3,400,517,2.5 GT/s PCIe,1
187.100062,card2,400,400,2.5 GT/s PCIe,1
187.100062,card3,400,400,2.5 GT/s PCIe,1
187.150062,card2,400,400,2.5 GT/s PCIe,1
187.150062,card3,400,400,2.5 GT/s PCIe,1
187.200059,card2,400,400,2.5 GT/s PCIe,1
187.200059,card3,400,400,2.5 GT/s PCIe,1
187.250061,card2,400,400,2.5 GT/s PCIe,1
187.250061,card3,400,400,2.5 GT/s PCIe,1
187.300049,card2,400,400,2.5 GT/s PCIe,1
187.300049,card3,400,400,2.5 GT/s PCIe,1
187.350057,card2,400,400,2.5 GT/s PCIe,1
187.350057,card3,400,400,2.5 GT/s PCIe,1
187.400059,card2,400,400,2.5 GT/s PCIe,1
187.400059,card3,400,400,2.5 GT/s PCIe,1
187.450049,card2,400,400,2.5 GT/s PCIe,1
187.450049,card3,400,400,2.5 GT/s PCIe,1
187.500063,card2,400,400,2.5 GT/s PCIe,1
187.500063,card3,400,400,2.5 GT/s PCIe,1
187.550048,card2,400,400,2.5 GT/s PCIe,1
187.550048,card3,400,400,2.5 GT/s PCIe,1
187.600050,card2,400,400,2.5 GT/s PCIe,1
187.600050,card3,400,400,2.5 GT/s PCIe,1
187.650049,card2,400,400,2.5 GT/s PCIe,1
187.650049,card3,400,400,2.5 GT/s PCIe,1
187.700056,card2,400,400,2.5 GT/s PCIe,1
187.700056,card3,400,400,2.5 GT/s PCIe,1
187.750059,card2,400,400,2.5 GT/s PCIe,1
187.750059,card3,400,400,2.5 GT/s PCIe,1
187.800056,card2,400,400,2.5 GT/s PCIe,1
187.800056,card3,400,400,2.5 GT/s PCIe,1
187.850051,card2,400,400,2.5 GT/s PCIe,1
187.850051,card3,400,517,2.5 GT/s PCIe,1
187.900052,card2,400,400,2.5 GT/s PCIe,1
187.900052,card3,400,400,2.5 GT/s PCIe,1
187.950049,card2,400,400,2.5 GT/s PCIe,1
187.950049,card3,400,400,2.5 GT/s PCIe,1
188.000056,card2,400,400,2.5 GT/s PCIe,1
188.000056,card3,400,400,2.5 GT/s PCIe,1
188.050367,card2,400,517,2.5 GT/s PCIe,1
188.050367,card3,400,517,2.5 GT/s PCIe,1
188.100059,card2,400,400,2.5 GT/s PCIe,1
188.100059,card3,400,400,2.5 GT/s PCIe,1
188.150057,card2,400,400,2.5 GT/s PCIe,1
188.150057,card3,400,400,2.5 GT/s PCIe,1
188.200058,card2,400,400,2.5 GT/s PCIe,1
188.200058,card3,400,400,2.5 GT/s PCIe,1
188.250050,card2,400,400,2.5 GT/s PCIe,1
188.250050,card3,400,400,2.5 GT/s PCIe,1
188.300062,card2,400,400,2.5 GT/s PCIe,1
188.300062,card3,400,400,2.5 GT/s PCIe,1
188.350055,card2,400,400,2.5 GT/s PCIe,1
188.350055,card3,400,400,2.5 GT/s PCIe,1
188.400049,card2,400,400,2.5 GT/s PCIe,1
188.400049,card3,400,400,2.5 GT/s PCIe,1
188.450051,card2,400,400,2.5 GT/s PCIe,1
188.450051,card3,400,400,2.5 GT/s PCIe,1
188.500051,card2,400,400,2.5 GT/s PCIe,1
188.500051,card3,400,400,2.5 GT/s PCIe,1
188.550063,card2,400,400,2.5 GT/s PCIe,1
188.550063,card3,400,400,2.5 GT/s PCIe,1
188.600062,card2,400,400,2.5 GT/s PCIe,1
188.600062,card3,400,517,2.5 GT/s PCIe,1
188.650050,card2,400,400,2.5 GT/s PCIe,1
188.650050,card3,400,400,2.5 GT/s PCIe,1
188.700058,card2,400,400,2.5 GT/s PCIe,1
188.700058,card3,400,400,2.5 GT/s PCIe,1
188.750050,card2,400,400,2.5 GT/s PCIe,1
188.750050,card3,400,400,2.5 GT/s PCIe,1
188.800050,card2,400,400,2.5 GT/s PCIe,1
188.800050,card3,400,400,2.5 GT/s PCIe,1
188.850060,card2,400,400,2.5 GT/s PCIe,1
188.850060,card3,400,400,2.5 GT/s PCIe,1
188.900055,card2,400,400,2.5 GT/s PCIe,1
188.900055,card3,400,400,2.5 GT/s PCIe,1
188.950061,card2,400,400,2.5 GT/s PCIe,1
188.950061,card3,400,400,2.5 GT/s PCIe,1
189.000059,card2,400,400,2.5 GT/s PCIe,1
189.000059,card3,400,400,2.5 GT/s PCIe,1
189.050060,card2,400,400,2.5 GT/s PCIe,1
189.050060,card3,400,517,2.5 GT/s PCIe,1
189.100049,card2,400,400,2.5 GT/s PCIe,1
189.100049,card3,400,400,2.5 GT/s PCIe,1
189.150057,card2,400,400,2.5 GT/s PCIe,1
189.150057,card3,400,400,2.5 GT/s PCIe,1
189.200059,card2,400,400,2.5 GT/s PCIe,1
189.200059,card3,400,400,2.5 GT/s PCIe,1
189.250052,card2,400,400,2.5 GT/s PCIe,1
189.250052,card3,400,400,2.5 GT/s PCIe,1
189.300051,card2,400,400,2.5 GT/s PCIe,1
189.300051,card3,400,400,2.5 GT/s PCIe,1
189.350050,card2,400,400,2.5 GT/s PCIe,1
189.350050,card3,400,400,2.5 GT/s PCIe,1
189.400051,card2,400,400,2.5 GT/s PCIe,1
189.400051,card3,400,400,2.5 GT/s PCIe,1
189.450058,card2,400,400,2.5 GT/s PCIe,1
189.450058,card3,400,400,2.5 GT/s PCIe,1
189.500057,card2,400,400,2.5 GT/s PCIe,1
189.500057,card3,400,400,2.5 GT/s PCIe,1
189.550058,card2,400,400,2.5 GT/s PCIe,1
189.550058,card3,400,400,2.5 GT/s PCIe,1
189.600059,card2,400,400,2.5 GT/s PCIe,1
189.600059,card3,400,400,2.5 GT/s PCIe,1
189.650049,card2,400,400,2.5 GT/s PCIe,1
189.650049,card3,400,400,2.5 GT/s PCIe,1
189.700050,card2,400,400,2.5 GT/s PCIe,1
189.700050,card3,400,517,2.5 GT/s PCIe,1
189.750048,card2,400,400,2.5 GT/s PCIe,1
189.750048,card3,400,400,2.5 GT/s PCIe,1
189.800050,card2,400,400,2.5 GT/s PCIe,1
189.800050,card3,400,400,2.5 GT/s PCIe,1
189.850048,card2,400,400,2.5 GT/s PCIe,1
189.850048,card3,400,400,2.5 GT/s PCIe,1
189.900057,card2,400,400,2.5 GT/s PCIe,1
189.900057,card3,400,400,2.5 GT/s PCIe,1
189.950060,card2,400,400,2.5 GT/s PCIe,1
189.950060,card3,400,400,2.5 GT/s PCIe,1
190.000050,card2,400,400,2.5 GT/s PCIe,1
190.000050,card3,400,400,2.5 GT/s PCIe,1
190.050073,card2,400,400,2.5 GT/s PCIe,1
190.050073,card3,400,517,2.5 GT/s PCIe,1
190.100063,card2,400,400,2.5 GT/s PCIe,1
190.100063,card3,400,400,2.5 GT/s PCIe,1
190.150058,card2,400,400,2.5 GT/s PCIe,1
190.150058,card3,400,400,2.5 GT/s PCIe,1
190.200050,card2,400,400,2.5 GT/s PCIe,1
190.200050,card3,400,400,2.5 GT/s PCIe,1
190.250048,card2,400,400,2.5 GT/s PCIe,1
190.250048,card3,400,400,2.5 GT/s PCIe,1
190.300051,card2,400,400,2.5 GT/s PCIe,1
190.300051,card3,400,400,2.5 GT/s PCIe,1
190.350057,card2,400,400,2.5 GT/s PCIe,1
190.350057,card3,400,400,2.5 GT/s PCIe,1
190.400057,card2,400,400,2.5 GT/s PCIe,1
190.400057,card3,400,400,2.5 GT/s PCIe,1
190.450049,card2,400,400,2.5 GT/s PCIe,1
190.450049,card3,400,400,2.5 GT/s PCIe,1
190.500050,card2,400,400,2.5 GT/s PCIe,1
190.500050,card3,400,400,2.5 GT/s PCIe,1
190.550049,card2,400,400,2.5 GT/s PCIe,1
190.550049,card3,400,400,2.5 GT/s PCIe,1
190.600048,card2,400,400,2.5 GT/s PCIe,1
190.600048,card3,400,400,2.5 GT/s PCIe,1
190.650061,card2,400,400,2.5 GT/s PCIe,1
190.650061,card3,400,400,2.5 GT/s PCIe,1
190.700050,card2,400,400,2.5 GT/s PCIe,1
190.700050,card3,400,400,2.5 GT/s PCIe,1
190.750049,card2,400,400,2.5 GT/s PCIe,1
190.750049,card3,400,400,2.5 GT/s PCIe,1
190.800049,card2,400,400,2.5 GT/s PCIe,1
190.800049,card3,400,400,2.5 GT/s PCIe,1
190.850047,card2,400,400,2.5 GT/s PCIe,1
190.850047,card3,400,400,2.5 GT/s PCIe,1
190.900052,card2,400,400,2.5 GT/s PCIe,1
190.900052,card3,400,400,2.5 GT/s PCIe,1
190.950048,card2,400,400,2.5 GT/s PCIe,1
190.950048,card3,400,400,2.5 GT/s PCIe,1
191.000053,card2,400,400,2.5 GT/s PCIe,1
191.000053,card3,400,400,2.5 GT/s PCIe,1
191.050058,card2,400,400,2.5 GT/s PCIe,1
191.050058,card3,400,400,2.5 GT/s PCIe,1
191.100053,card2,400,400,2.5 GT/s PCIe,1
191.100053,card3,400,400,2.5 GT/s PCIe,1
191.150049,card2,400,400,2.5 GT/s PCIe,1
191.150049,card3,400,400,2.5 GT/s PCIe,1
191.200048,card2,400,400,2.5 GT/s PCIe,1
191.200048,card3,400,400,2.5 GT/s PCIe,1
191.250049,card2,400,400,2.5 GT/s PCIe,1
191.250049,card3,400,400,2.5 GT/s PCIe,1
191.300059,card2,400,400,2.5 GT/s PCIe,1
191.300059,card3,400,400,2.5 GT/s PCIe,1
191.350056,card2,400,400,2.5 GT/s PCIe,1
191.350056,card3,400,517,2.5 GT/s PCIe,1
191.400049,card2,400,400,2.5 GT/s PCIe,1
191.400049,card3,400,400,2.5 GT/s PCIe,1
191.450058,card2,400,400,2.5 GT/s PCIe,1
191.450058,card3,400,400,2.5 GT/s PCIe,1
191.500061,card2,400,400,2.5 GT/s PCIe,1
191.500061,card3,400,400,2.5 GT/s PCIe,1
191.550373,card2,400,517,2.5 GT/s PCIe,1
191.550373,card3,400,517,2.5 GT/s PCIe,1
191.600056,card2,400,400,2.5 GT/s PCIe,1
191.600056,card3,400,400,2.5 GT/s PCIe,1
191.650059,card2,400,400,2.5 GT/s PCIe,1
191.650059,card3,400,400,2.5 GT/s PCIe,1
191.700050,card2,400,400,2.5 GT/s PCIe,1
191.700050,card3,400,400,2.5 GT/s PCIe,1
191.750050,card2,400,400,2.5 GT/s PCIe,1
191.750050,card3,400,400,2.5 GT/s PCIe,1
191.800050,card2,400,400,2.5 GT/s PCIe,1
191.800050,card3,400,400,2.5 GT/s PCIe,1
191.850050,card2,400,400,2.5 GT/s PCIe,1
191.850050,card3,400,400,2.5 GT/s PCIe,1
191.900058,card2,400,400,2.5 GT/s PCIe,1
191.900058,card3,400,400,2.5 GT/s PCIe,1
191.950057,card2,400,400,2.5 GT/s PCIe,1
191.950057,card3,400,400,2.5 GT/s PCIe,1
192.000052,card2,400,400,2.5 GT/s PCIe,1
192.000052,card3,400,400,2.5 GT/s PCIe,1
192.050057,card2,400,400,2.5 GT/s PCIe,1
192.050057,card3,400,400,2.5 GT/s PCIe,1
192.100060,card2,400,400,2.5 GT/s PCIe,1
192.100060,card3,400,400,2.5 GT/s PCIe,1
192.150059,card2,400,400,2.5 GT/s PCIe,1
192.150059,card3,400,400,2.5 GT/s PCIe,1
192.200055,card2,400,400,2.5 GT/s PCIe,1
192.200055,card3,400,400,2.5 GT/s PCIe,1
192.250049,card2,400,400,2.5 GT/s PCIe,1
192.250049,card3,400,400,2.5 GT/s PCIe,1
192.300057,card2,400,400,2.5 GT/s PCIe,1
192.300057,card3,400,400,2.5 GT/s PCIe,1
192.350067,card2,400,400,2.5 GT/s PCIe,1
192.350067,card3,400,400,2.5 GT/s PCIe,1
192.400050,card2,400,400,2.5 GT/s PCIe,1
192.400050,card3,400,400,2.5 GT/s PCIe,1
192.450049,card2,400,400,2.5 GT/s PCIe,1
192.450049,card3,400,400,2.5 GT/s PCIe,1
192.500049,card2,400,400,2.5 GT/s PCIe,1
192.500049,card3,400,400,2.5 GT/s PCIe,1
192.550050,card2,400,400,2.5 GT/s PCIe,1
192.550050,card3,400,400,2.5 GT/s PCIe,1
192.600049,card2,400,400,2.5 GT/s PCIe,1
192.600049,card3,400,400,2.5 GT/s PCIe,1
192.650057,card2,400,400,2.5 GT/s PCIe,1
192.650057,card3,400,400,2.5 GT/s PCIe,1
192.700050,card2,400,400,2.5 GT/s PCIe,1
192.700050,card3,400,400,2.5 GT/s PCIe,1
192.750050,card2,400,400,2.5 GT/s PCIe,1
192.750050,card3,400,400,2.5 GT/s PCIe,1
192.800050,card2,400,400,2.5 GT/s PCIe,1
192.800050,card3,400,400,2.5 GT/s PCIe,1
192.850049,card2,400,400,2.5 GT/s PCIe,1
192.850049,card3,400,400,2.5 GT/s PCIe,1
192.900057,card2,400,400,2.5 GT/s PCIe,1
192.900057,card3,400,400,2.5 GT/s PCIe,1
192.950050,card2,400,400,2.5 GT/s PCIe,1
192.950050,card3,400,400,2.5 GT/s PCIe,1
193.000049,card2,400,400,2.5 GT/s PCIe,1
193.000049,card3,400,400,2.5 GT/s PCIe,1
193.050061,card2,400,400,2.5 GT/s PCIe,1
193.050061,card3,400,400,2.5 GT/s PCIe,1
193.100060,card2,400,400,2.5 GT/s PCIe,1
193.100060,card3,400,517,2.5 GT/s PCIe,1
193.150051,card2,400,400,2.5 GT/s PCIe,1
193.150051,card3,400,400,2.5 GT/s PCIe,1
193.200059,card2,400,400,2.5 GT/s PCIe,1
193.200059,card3,400,400,2.5 GT/s PCIe,1
193.250050,card2,400,400,2.5 GT/s PCIe,1
193.250050,card3,400,400,2.5 GT/s PCIe,1
193.300059,card2,400,400,2.5 GT/s PCIe,1
193.300059,card3,400,400,2.5 GT/s PCIe,1
193.350058,card2,400,400,2.5 GT/s PCIe,1
193.350058,card3,400,400,2.5 GT/s PCIe,1
193.400058,card2,400,400,2.5 GT/s PCIe,1
193.400058,card3,400,400,2.5 GT/s PCIe,1
193.450059,card2,400,400,2.5 GT/s PCIe,1
193.450059,card3,400,400,2.5 GT/s PCIe,1
193.500058,card2,400,400,2.5 GT/s PCIe,1
193.500058,card3,400,400,2.5 GT/s PCIe,1
193.550062,card2,400,400,2.5 GT/s PCIe,1
193.550062,card3,400,400,2.5 GT/s PCIe,1
193.600062,card2,400,400,2.5 GT/s PCIe,1
193.600062,card3,400,400,2.5 GT/s PCIe,1
193.650058,card2,400,400,2.5 GT/s PCIe,1
193.650058,card3,400,400,2.5 GT/s PCIe,1
193.700060,card2,400,400,2.5 GT/s PCIe,1
193.700060,card3,400,400,2.5 GT/s PCIe,1
193.750059,card2,400,400,2.5 GT/s PCIe,1
193.750059,card3,400,400,2.5 GT/s PCIe,1
193.800055,card2,400,400,2.5 GT/s PCIe,1
193.800055,card3,400,400,2.5 GT/s PCIe,1
193.850059,card2,400,400,2.5 GT/s PCIe,1
193.850059,card3,400,400,2.5 GT/s PCIe,1
193.900051,card2,400,400,2.5 GT/s PCIe,1
193.900051,card3,400,400,2.5 GT/s PCIe,1
193.950050,card2,400,400,2.5 GT/s PCIe,1
193.950050,card3,400,400,2.5 GT/s PCIe,1
194.000068,card2,400,400,2.5 GT/s PCIe,1
194.000068,card3,400,400,2.5 GT/s PCIe,1
194.050050,card2,400,400,2.5 GT/s PCIe,1
194.050050,card3,400,400,2.5 GT/s PCIe,1
194.100061,card2,400,400,2.5 GT/s PCIe,1
194.100061,card3,400,400,2.5 GT/s PCIe,1
194.150068,card2,400,400,2.5 GT/s PCIe,1
194.150068,card3,400,400,2.5 GT/s PCIe,1
194.200050,card2,400,400,2.5 GT/s PCIe,1
194.200050,card3,400,400,2.5 GT/s PCIe,1
194.250071,card2,400,400,2.5 GT/s PCIe,1
194.250071,card3,400,400,2.5 GT/s PCIe,1
194.300050,card2,400,400,2.5 GT/s PCIe,1
194.300050,card3,400,400,2.5 GT/s PCIe,1
194.350050,card2,400,400,2.5 GT/s PCIe,1
194.350050,card3,400,400,2.5 GT/s PCIe,1
194.400064,card2,400,400,2.5 GT/s PCIe,1
194.400064,card3,400,400,2.5 GT/s PCIe,1
194.450071,card2,400,400,2.5 GT/s PCIe,1
194.450071,card3,400,400,2.5 GT/s PCIe,1
194.500071,card2,400,400,2.5 GT/s PCIe,1
194.500071,card3,400,400,2.5 GT/s PCIe,1
194.550059,card2,400,400,2.5 GT/s PCIe,1
194.550059,card3,400,400,2.5 GT/s PCIe,1
194.600049,card2,400,400,2.5 GT/s PCIe,1
194.600049,card3,400,400,2.5 GT/s PCIe,1
194.650051,card2,400,400,2.5 GT/s PCIe,1
194.650051,card3,400,400,2.5 GT/s PCIe,1
194.700049,card2,400,400,2.5 GT/s PCIe,1
194.700049,card3,400,400,2.5 GT/s PCIe,1
194.750077,card2,400,400,2.5 GT/s PCIe,1
194.750077,card3,400,400,2.5 GT/s PCIe,1
194.800051,card2,400,517,2.5 GT/s PCIe,1
194.800051,card3,400,517,2.5 GT/s PCIe,1
194.850052,card2,400,400,2.5 GT/s PCIe,1
194.850052,card3,400,400,2.5 GT/s PCIe,1
194.900065,card2,400,400,2.5 GT/s PCIe,1
194.900065,card3,400,400,2.5 GT/s PCIe,1
194.950070,card2,400,400,2.5 GT/s PCIe,1
194.950070,card3,400,400,2.5 GT/s PCIe,1
195.000351,card2,400,517,2.5 GT/s PCIe,1
195.000351,card3,400,517,2.5 GT/s PCIe,1
195.050050,card2,400,400,2.5 GT/s PCIe,1
195.050050,card3,400,400,2.5 GT/s PCIe,1
195.100050,card2,400,400,2.5 GT/s PCIe,1
195.100050,card3,400,517,2.5 GT/s PCIe,1
195.150060,card2,400,400,2.5 GT/s PCIe,1
195.150060,card3,400,400,2.5 GT/s PCIe,1
195.200050,card2,400,400,2.5 GT/s PCIe,1
195.200050,card3,400,400,2.5 GT/s PCIe,1
195.250060,card2,400,400,2.5 GT/s PCIe,1
195.250060,card3,400,400,2.5 GT/s PCIe,1
195.300049,card2,400,400,2.5 GT/s PCIe,1
195.300049,card3,400,400,2.5 GT/s PCIe,1
195.350051,card2,400,400,2.5 GT/s PCIe,1
195.350051,card3,400,400,2.5 GT/s PCIe,1
195.400060,card2,400,400,2.5 GT/s PCIe,1
195.400060,card3,400,400,2.5 GT/s PCIe,1
195.450065,card2,400,400,2.5 GT/s PCIe,1
195.450065,card3,400,400,2.5 GT/s PCIe,1
195.500050,card2,400,400,2.5 GT/s PCIe,1
195.500050,card3,400,400,2.5 GT/s PCIe,1
195.550061,card2,400,400,2.5 GT/s PCIe,1
195.550061,card3,400,400,2.5 GT/s PCIe,1
195.600050,card2,400,400,2.5 GT/s PCIe,1
195.600050,card3,400,400,2.5 GT/s PCIe,1
195.650050,card2,400,400,2.5 GT/s PCIe,1
195.650050,card3,400,400,2.5 GT/s PCIe,1
195.700049,card2,400,400,2.5 GT/s PCIe,1
195.700049,card3,400,400,2.5 GT/s PCIe,1
195.750370,card2,400,517,2.5 GT/s PCIe,1
195.750370,card3,400,517,2.5 GT/s PCIe,1
195.800051,card2,400,400,2.5 GT/s PCIe,1
195.800051,card3,400,400,2.5 GT/s PCIe,1
195.850060,card2,400,400,2.5 GT/s PCIe,1
195.850060,card3,400,400,2.5 GT/s PCIe,1
195.900050,card2,400,400,2.5 GT/s PCIe,1
195.900050,card3,400,400,2.5 GT/s PCIe,1
195.950052,card2,400,400,2.5 GT/s PCIe,1
195.950052,card3,400,400,2.5 GT/s PCIe,1
196.000054,card2,400,400,2.5 GT/s PCIe,1
196.000054,card3,400,400,2.5 GT/s PCIe,1
196.050050,card2,400,400,2.5 GT/s PCIe,1
196.050050,card3,400,400,2.5 GT/s PCIe,1
196.100050,card2,400,400,2.5 GT/s PCIe,1
196.100050,card3,400,400,2.5 GT/s PCIe,1
196.150058,card2,400,400,2.5 GT/s PCIe,1
196.150058,card3,400,400,2.5 GT/s PCIe,1
196.200048,card2,400,400,2.5 GT/s PCIe,1
196.200048,card3,400,400,2.5 GT/s PCIe,1
196.250052,card2,400,400,2.5 GT/s PCIe,1
196.250052,card3,400,400,2.5 GT/s PCIe,1
196.300048,card2,400,400,2.5 GT/s PCIe,1
196.300048,card3,400,400,2.5 GT/s PCIe,1
196.350058,card2,400,400,2.5 GT/s PCIe,1
196.350058,card3,400,400,2.5 GT/s PCIe,1
196.400048,card2,400,400,2.5 GT/s PCIe,1
196.400048,card3,400,400,2.5 GT/s PCIe,1
196.450050,card2,400,400,2.5 GT/s PCIe,1
196.450050,card3,400,400,2.5 GT/s PCIe,1
196.500059,card2,400,400,2.5 GT/s PCIe,1
196.500059,card3,400,400,2.5 GT/s PCIe,1
196.550048,card2,400,400,2.5 GT/s PCIe,1
196.550048,card3,400,400,2.5 GT/s PCIe,1
196.600049,card2,400,400,2.5 GT/s PCIe,1
196.600049,card3,400,400,2.5 GT/s PCIe,1
196.650051,card2,400,400,2.5 GT/s PCIe,1
196.650051,card3,400,400,2.5 GT/s PCIe,1
196.700049,card2,400,400,2.5 GT/s PCIe,1
196.700049,card3,400,400,2.5 GT/s PCIe,1
196.750059,card2,400,400,2.5 GT/s PCIe,1
196.750059,card3,400,400,2.5 GT/s PCIe,1
196.800059,card2,400,400,2.5 GT/s PCIe,1
196.800059,card3,400,400,2.5 GT/s PCIe,1
196.850050,card2,400,400,2.5 GT/s PCIe,1
196.850050,card3,400,400,2.5 GT/s PCIe,1
196.900058,card2,400,400,2.5 GT/s PCIe,1
196.900058,card3,400,400,2.5 GT/s PCIe,1
196.950051,card2,400,400,2.5 GT/s PCIe,1
196.950051,card3,400,400,2.5 GT/s PCIe,1
197.000049,card2,400,400,2.5 GT/s PCIe,1
197.000049,card3,400,400,2.5 GT/s PCIe,1
197.050050,card2,400,400,2.5 GT/s PCIe,1
197.050050,card3,400,400,2.5 GT/s PCIe,1
197.100051,card2,400,400,2.5 GT/s PCIe,1
197.100051,card3,400,400,2.5 GT/s PCIe,1
197.150049,card2,400,400,2.5 GT/s PCIe,1
197.150049,card3,400,400,2.5 GT/s PCIe,1
197.200049,card2,400,400,2.5 GT/s PCIe,1
197.200049,card3,400,400,2.5 GT/s PCIe,1
197.250050,card2,400,400,2.5 GT/s PCIe,1
197.250050,card3,400,400,2.5 GT/s PCIe,1
197.300049,card2,400,400,2.5 GT/s PCIe,1
197.300049,card3,400,517,2.5 GT/s PCIe,1
197.350049,card2,400,400,2.5 GT/s PCIe,1
197.350049,card3,400,400,2.5 GT/s PCIe,1
197.400049,card2,400,400,2.5 GT/s PCIe,1
197.400049,card3,400,400,2.5 GT/s PCIe,1
197.450049,card2,400,400,2.5 GT/s PCIe,1
197.450049,card3,400,400,2.5 GT/s PCIe,1
197.500050,card2,400,400,2.5 GT/s PCIe,1
197.500050,card3,400,400,2.5 GT/s PCIe,1
197.550050,card2,400,400,2.5 GT/s PCIe,1
197.550050,card3,400,517,2.5 GT/s PCIe,1
197.600049,card2,400,400,2.5 GT/s PCIe,1
197.600049,card3,400,400,2.5 GT/s PCIe,1
197.650050,card2,400,400,2.5 GT/s PCIe,1
197.650050,card3,400,400,2.5 GT/s PCIe,1
197.700050,card2,400,400,2.5 GT/s PCIe,1
197.700050,card3,400,400,2.5 GT/s PCIe,1
197.750057,card2,400,400,2.5 GT/s PCIe,1
197.750057,card3,400,400,2.5 GT/s PCIe,1
197.800058,card2,400,400,2.5 GT/s PCIe,1
197.800058,card3,400,400,2.5 GT/s PCIe,1
197.850050,card2,400,400,2.5 GT/s PCIe,1
197.850050,card3,400,517,2.5 GT/s PCIe,1
197.900052,card2,400,400,2.5 GT/s PCIe,1
197.900052,card3,400,400,2.5 GT/s PCIe,1
197.950061,card2,400,400,2.5 GT/s PCIe,1
197.950061,card3,400,400,2.5 GT/s PCIe,1
198.000063,card2,400,400,2.5 GT/s PCIe,1
198.000063,card3,400,400,2.5 GT/s PCIe,1
198.050060,card2,400,400,2.5 GT/s PCIe,1
198.050060,card3,400,400,2.5 GT/s PCIe,1
198.100060,card2,400,400,2.5 GT/s PCIe,1
198.100060,card3,400,400,2.5 GT/s PCIe,1
198.150050,card2,400,400,2.5 GT/s PCIe,1
198.150050,card3,400,400,2.5 GT/s PCIe,1
198.200050,card2,400,400,2.5 GT/s PCIe,1
198.200050,card3,400,400,2.5 GT/s PCIe,1
198.250049,card2,400,400,2.5 GT/s PCIe,1
198.250049,card3,400,517,2.5 GT/s PCIe,1
198.300057,card2,400,400,2.5 GT/s PCIe,1
198.300057,card3,400,400,2.5 GT/s PCIe,1
198.350049,card2,400,400,2.5 GT/s PCIe,1
198.350049,card3,400,400,2.5 GT/s PCIe,1
198.400049,card2,400,400,2.5 GT/s PCIe,1
198.400049,card3,400,400,2.5 GT/s PCIe,1
198.450055,card2,400,400,2.5 GT/s PCIe,1
198.450055,card3,400,400,2.5 GT/s PCIe,1
198.500058,card2,400,400,2.5 GT/s PCIe,1
198.500058,card3,400,400,2.5 GT/s PCIe,1
198.550049,card2,400,400,2.5 GT/s PCIe,1
198.550049,card3,400,400,2.5 GT/s PCIe,1
198.600050,card2,400,400,2.5 GT/s PCIe,1
198.600050,card3,400,400,2.5 GT/s PCIe,1
198.650060,card2,400,400,2.5 GT/s PCIe,1
198.650060,card3,400,400,2.5 GT/s PCIe,1
198.700048,card2,400,400,2.5 GT/s PCIe,1
198.700048,card3,400,400,2.5 GT/s PCIe,1
198.750047,card2,400,400,2.5 GT/s PCIe,1
198.750047,card3,400,400,2.5 GT/s PCIe,1
198.800049,card2,400,400,2.5 GT/s PCIe,1
198.800049,card3,400,400,2.5 GT/s PCIe,1
198.850059,card2,400,400,2.5 GT/s PCIe,1
198.850059,card3,400,400,2.5 GT/s PCIe,1
198.900049,card2,400,400,2.5 GT/s PCIe,1
198.900049,card3,400,400,2.5 GT/s PCIe,1
198.950054,card2,400,400,2.5 GT/s PCIe,1
198.950054,card3,400,400,2.5 GT/s PCIe,1
199.000049,card2,400,400,2.5 GT/s PCIe,1
199.000049,card3,400,400,2.5 GT/s PCIe,1
199.050060,card2,400,400,2.5 GT/s PCIe,1
199.050060,card3,400,400,2.5 GT/s PCIe,1
199.100060,card2,400,400,2.5 GT/s PCIe,1
199.100060,card3,400,400,2.5 GT/s PCIe,1
199.150049,card2,400,400,2.5 GT/s PCIe,1
199.150049,card3,400,400,2.5 GT/s PCIe,1
199.200049,card2,400,400,2.5 GT/s PCIe,1
199.200049,card3,400,400,2.5 GT/s PCIe,1
199.250050,card2,400,400,2.5 GT/s PCIe,1
199.250050,card3,400,400,2.5 GT/s PCIe,1
199.300050,card2,400,400,2.5 GT/s PCIe,1
199.300050,card3,400,400,2.5 GT/s PCIe,1
199.350074,card2,400,517,2.5 GT/s PCIe,1
199.350074,card3,400,517,2.5 GT/s PCIe,1
199.400050,card2,400,400,2.5 GT/s PCIe,1
199.400050,card3,400,400,2.5 GT/s PCIe,1
199.450064,card2,400,400,2.5 GT/s PCIe,1
199.450064,card3,400,400,2.5 GT/s PCIe,1
199.500050,card2,400,400,2.5 GT/s PCIe,1
199.500050,card3,400,400,2.5 GT/s PCIe,1
199.550049,card2,400,400,2.5 GT/s PCIe,1
199.550049,card3,400,400,2.5 GT/s PCIe,1
199.600052,card2,400,400,2.5 GT/s PCIe,1
199.600052,card3,400,400,2.5 GT/s PCIe,1
199.650059,card2,400,400,2.5 GT/s PCIe,1
199.650059,card3,400,400,2.5 GT/s PCIe,1
199.700049,card2,400,400,2.5 GT/s PCIe,1
199.700049,card3,400,400,2.5 GT/s PCIe,1
199.750059,card2,400,400,2.5 GT/s PCIe,1
199.750059,card3,400,400,2.5 GT/s PCIe,1
199.800050,card2,400,400,2.5 GT/s PCIe,1
199.800050,card3,400,400,2.5 GT/s PCIe,1
199.850050,card2,400,400,2.5 GT/s PCIe,1
199.850050,card3,400,400,2.5 GT/s PCIe,1
199.900059,card2,400,400,2.5 GT/s PCIe,1
199.900059,card3,400,400,2.5 GT/s PCIe,1
199.950075,card2,400,400,2.5 GT/s PCIe,1
199.950075,card3,400,400,2.5 GT/s PCIe,1
200.000060,card2,400,517,2.5 GT/s PCIe,1
200.000060,card3,400,517,2.5 GT/s PCIe,1
200.050049,card2,400,400,2.5 GT/s PCIe,1
200.050049,card3,400,400,2.5 GT/s PCIe,1
200.100050,card2,400,400,2.5 GT/s PCIe,1
200.100050,card3,400,400,2.5 GT/s PCIe,1
200.150049,card2,400,517,2.5 GT/s PCIe,1
200.150049,card3,400,517,2.5 GT/s PCIe,1
200.200049,card2,400,400,2.5 GT/s PCIe,1
200.200049,card3,400,400,2.5 GT/s PCIe,1
200.250057,card2,400,400,2.5 GT/s PCIe,1
200.250057,card3,400,400,2.5 GT/s PCIe,1
200.300048,card2,400,400,2.5 GT/s PCIe,1
200.300048,card3,400,400,2.5 GT/s PCIe,1
200.350058,card2,400,400,2.5 GT/s PCIe,1
200.350058,card3,400,400,2.5 GT/s PCIe,1
